url	first_seen	portal	title	company	status
https://erm.wd3.myworkdayjobs.com/ERM_Careers/job/Bangkok-Thailand/Consulting-Associate-Senior-Associate---Corporate-Sustainability-and-Climate-Change_R00018755	2026-05-16	erm.com	Consulting Associate/Senior Associate – Corporate Sustainability & Climate Change	ERM	added
https://erm.wd3.myworkdayjobs.com/ERM_Careers/job/Bangkok-Thailand/Consulting-Senior-Associate--Climate-_R00026725	2026-05-16	erm.com	Consulting Senior Associate – Climate	ERM	added
https://www.sei.org/people/jobs/research-fellow-gender-inclusive-climate-finance/	2026-05-16	sei.org	Research Fellow – Gender Inclusive Climate Finance	SEI Asia	added
https://www.climatechangecareers.com/job/conservation-international/singapore-singapore/natural-climate-solutions-analyst-asia-pacific/	2026-05-16	climatechangecareers.com	Natural Climate Solutions Analyst – Asia Pacific	Conservation International	added
https://www.mycareersfuture.gov.sg/job/consulting/consultant-sustainability-solutions-engie-impact-1d0942aefc4e8c3e0780a279badee627	2026-05-16	mycareersfuture.gov.sg	Consultant, Sustainability Solutions	ENGIE Impact	added
https://www.mycareersfuture.gov.sg/job/esg-business-analyst-tatung-sustainability-venture-holdings-77a814b0b9038f52a68ceb64ac0200d5	2026-05-16	mycareersfuture.gov.sg	ESG Business Analyst	Tatung Sustainability	added
https://www.ramboll.com/careers/98893a38-85f4-4cf0-10c7-08de37875cb1	2026-05-16	ramboll.com	Environmental Consultant	Ramboll	added
https://www.ramboll.com/careers/b80bf430-b76e-4888-11a9-08de37875cb1	2026-05-16	ramboll.com	Sustainability Consultant	Ramboll	added
https://www.climatechangecareers.com/job/sequoia-climate-foundation/remote/program-consultant-southeast-asia/	2026-05-16	climatechangecareers.com	Program Consultant – Southeast Asia	Sequoia Climate Foundation	added
https://www.climatechangecareers.com/job/sei/remote/climate-and-decarbonization-strategy-associate/	2026-05-16	climatechangecareers.com	Climate and Decarbonization Strategy Associate	SEI	added
https://reliefweb.int/job/4107488/consultancy-climate-and-water-research-analyst-remote	2026-05-16	reliefweb.int	Consultancy – Climate and Water Research Analyst	Various	added
https://jobs.unops.org/pages/viewvacancy/VADetails.aspx?id=29971	2026-05-16	jobs.unops.org	Climate Senior Analyst	UNOPS	added
https://jobs.unops.org/Pages/ViewVacancy/VADetails.aspx?id=30095	2026-05-16	jobs.unops.org	Technical Specialist – Environmental (EAPMCO)	UNOPS	added
https://jobs.unops.org/Pages/ViewVacancy/VADetails.aspx?id=28315	2026-05-16	jobs.unops.org	Programme Management Senior Officer – Energy Transition Partnership	UNOPS	added
https://jobs.unops.org/pages/viewvacancy/VADetails.aspx?id=30381	2026-05-16	jobs.unops.org	Green Climate Fund Programme Advisory Consultant	UNOPS	added
https://jobs.unops.org/pages/viewvacancy/VADetails.aspx?id=30379	2026-05-16	jobs.unops.org	Energy Efficiency and Green Buildings Technical Specialist – Retainer	UNOPS	added
https://unjobs.org/vacancies/1776917510985	2026-05-16	unjobs.org	Climate Investment Analyst	Green Climate Fund	added
https://careers.gggi.org/vacancy/climate-change-risk-and-sustainable-finance-regulation-ic-urf-600295.html	2026-05-16	careers.gggi.org	Climate Change Risk and Sustainable Finance Regulation IC	GGGI	added
https://careers.gggi.org/vacancy/climate-change-officer-599913.html	2026-05-16	careers.gggi.org	Climate Change Officer	GGGI	added
https://careers.gggi.org/vacancy/indonesia-data-analyst-for-the-development-of-climate-finance-focal-point-cff-536922.html	2026-05-16	careers.gggi.org	Data Analyst – Climate Finance Focal Point	GGGI	added
https://careers.gggi.org/vacancy/sustainable-finance-associate-africa-598621.html	2026-05-16	careers.gggi.org	Sustainable Finance Associate	GGGI	added
https://www.irena.org/employment/Career-Detail?jobId=NC0230	2026-05-16	irena.org	Associate – Renewable Energy Markets & Technology	IRENA	added
https://careers.unido.org/job/Vienna-Project-Associate/1346809655/	2026-05-16	careers.unido.org	Project Associate	UNIDO	added
https://www.wri.org/careers/jobs/energy-research-analyst-2026-jr100186	2026-05-16	wri.org	Energy Research Analyst	WRI Indonesia	added
https://www.wri.org/careers/jobs/bali-net-zero-emission-policy-specialist-bali-based-2026-jr100047	2026-05-16	wri.org	Bali Net Zero Emission Policy Specialist	WRI Indonesia	added
https://www.wri.org/careers/jobs/urban-finance-and-economy-research-analyst-2026-jr100174	2026-05-16	wri.org	Urban Finance and Economy Research Analyst	WRI Indonesia	added
https://careers.southpole.com/jobs/2977168-junior-associate-consultant-corporate-climate-targets	2026-05-16	careers.southpole.com	Junior Associate Consultant – Corporate Climate Targets	South Pole	added
https://careers.southpole.com/jobs/2662973-associate-consultant-environmental-impact-accounting	2026-05-16	careers.southpole.com	Associate Consultant – Environmental Impact Accounting	South Pole	added
https://careers.southpole.com/jobs/5611231-junior-associate-environmentalist	2026-05-16	careers.southpole.com	Junior Associate, Environmentalist	South Pole	added
https://www.devex.com/jobs/esg-research-analyst-energy-materials-utilities-sector-1416945	2026-05-16	devex.com	ESG Research Analyst – Energy, Materials & Utilities	Various	added
https://careers.un.org/jobSearchDescription/270033	2026-05-16	careers.un.org	Sustainable Development Officer P3	UN Careers	skipped_title
https://careers.un.org/jobSearchDescription/275292	2026-05-16	careers.un.org	Associate Liaison Officer P2	UN Careers	skipped_title
https://www.mycareersfuture.gov.sg/job/sustainability-esg-consultant-sgs-international-certification-services-singapore-5d354dc72aa8d2b95397167a19dac97b	2026-05-16	mycareersfuture.gov.sg	Sustainability & ESG Consultant	SGS International	skipped_dup
https://www.mycareersfuture.gov.sg/job/consulting/esg-intelligence-analyst-associate-eco-business-d5d27109f17a48bdfc7b8ce689360332	2026-05-16	mycareersfuture.gov.sg	ESG Intelligence Analyst / Associate	Eco-Business	skipped_dup
https://www.climatechangecareers.com/job/erm/bangkok-thailand/corporate-sustainability-and-climate-change-consultant/	2026-05-16	climatechangecareers.com	Corporate Sustainability and Climate Change Consultant	ERM	skipped_dup
https://unjobs.org/vacancies/1767208633031	2026-04-17	unjobs.org	Project Analyst (Climate Resilience / GCF)	UNDP Thailand	new
https://www.unjobnet.org/jobs/detail/52348814	2026-04-17	unjobnet.org	Consultant – Climate Finance	UNESCAP	new
https://unjobs.org/vacancies/1774561034325	2026-04-17	unjobs.org	National Cooling Consultant	UNESCAP	new
https://www.unjobnet.org/jobs/detail/72662144	2026-04-17	unjobnet.org	Climate Finance Specialist	UNESCAP	new
https://www.unjobnet.org/jobs/detail/83142780	2026-04-17	unjobnet.org	FDI and Green Investment Research Consultant	UNESCAP	new
https://www.unjobnet.org/jobs/detail/82514384	2026-04-17	unjobnet.org	National Climate Analysis Expert	UNESCAP	new
https://careers.un.org/jobSearchDescription/271848	2026-04-17	careers.un.org	Programme Management Officer P3	UNEP	new
https://careers.un.org/jobSearchDescription/254689	2026-04-17	careers.un.org	Climate Change Analyst	UN Careers	new
https://careers.un.org/jobSearchDescription/261340	2026-04-17	careers.un.org	Climate Policy and Energy Transition Advisor	UN Careers	new
https://careers.un.org/jobSearchDescription/267132	2026-04-17	careers.un.org	International Sustainability Consultant	UN Careers	new
https://careers.un.org/jobSearchDescription/261733	2026-04-17	careers.un.org	Associate Programme Management Officer P2	UN Careers	new
https://careers.un.org/jobSearchDescription/246773	2026-04-17	careers.un.org	Associate Programme Management Officer	UN Careers	new
https://www.intjobs.com/job_display/263779/Sustainable_Development_Officer_P4_UN_ESCAP_United_Nations_Economic_and_Social_Commission_for_Asia_and_the_Pacific_Bangkok_Thailand	2026-04-17	intjobs.com	Sustainable Development Officer P4	UNESCAP	new
https://jobs.unops.org/pages/viewvacancy/VADetails.aspx?id=30199	2026-04-17	jobs.unops.org	Project Support Officer	UNOPS	new
https://www.linkedin.com/jobs/view/senior-programme-manager-climate-justice-at-unops-4258849021	2026-04-17	linkedin.com	Senior Programme Manager (Climate Justice)	UNOPS	new
https://www.linkedin.com/jobs/view/environment-and-climate-change-advisor-at-unops-3981489371	2026-04-17	linkedin.com	Environment and Climate Change Advisor	UNOPS	new
https://careers.gggi.org/vacancy/project-officer-602467.html	2026-04-17	careers.gggi.org	Project Officer (RP26-16)	GGGI	new
https://www.impactpool.org/jobs/1177972	2026-04-17	impactpool.org	Individual Consultant – ESG Specialist	GGGI	new
https://www.impactpool.org/jobs/1083883	2026-04-17	impactpool.org	Junior Sustainability Consultant	GGGI	new
https://www.impactpool.org/jobs/990297	2026-04-17	impactpool.org	Sustainable Energy Officer	GGGI	new
https://careers.gggi.org/vacancy/mexico-energy-and-climate-individual-consultant-598612.html	2026-04-17	careers.gggi.org	Energy and Climate Individual Consultant	GGGI	new
https://www.sei.org/people/jobs/research-fellow-urban/	2026-04-17	sei.org	Research Fellow – Urban	SEI Asia (Bangkok)	new
https://www.sei.org/people/jobs/research-fellow-bankable-climate-adaptation/	2026-04-17	sei.org	Research Fellow – Bankable Climate Adaptation Solutions	SEI Asia (Bangkok)	new
https://www.sei.org/people/jobs/research-fellow-climate-finance-gesi-capdev/	2026-04-17	sei.org	Research Fellow – Climate Finance GESI & Capacity Development	SEI Asia (Bangkok)	new
https://www.sei.org/people/jobs/research-fellow-mreal/	2026-04-17	sei.org	Research Fellow – MREAL	SEI Asia (Bangkok)	new
https://www.sei.org/people/jobs/research-fellow-climate-impact-and-climate-finance/	2026-04-17	sei.org	Research Fellow – Climate Impact and Climate Finance	SEI Asia (Bangkok)	new
https://www.sei.org/people/jobs/research-associate-genjust/	2026-04-17	sei.org	Research Associate	SEI Asia (Bangkok)	new
https://www.aiib.org/en/opportunities/career/job-vacancies/graduate-program/job-details/Environment-and-Social-Analysts.html	2026-04-17	aiib.org	Environment and Social Analysts	AIIB	new
https://www.aiib.org/en/opportunities/career/job-vacancies/graduate-program/job-details/investment-analyst-energy.html	2026-04-17	aiib.org	Investment Analyst – Energy	AIIB	new
https://www.adb.org/careers/260296	2026-04-17	adb.org	Project Analyst	ADB	new
https://www.wri.org/careers/jobs/gedsi-research-analyst-2026-jr100039	2026-04-17	wri.org	GEDSI Research Analyst	WRI Indonesia	new
https://www.wri.org/careers/jobs/sustainable-finance-partnership-and-mobilization-consultant-2026-jr100019	2026-04-17	wri.org	Sustainable Finance Partnership and Mobilization Consultant	WRI Indonesia	new
https://www.wri.org/careers/jobs/sustainable-transport-analyst-2025-jr100047	2026-04-17	wri.org	Sustainable Transport Analyst	WRI Indonesia	new
https://www.wri.org/careers/jobs/planning-monitoring-and-reporting-specialist-2026-jr100042	2026-04-17	wri.org	Planning Monitoring and Reporting Specialist	WRI	new
https://unjobs.org/vacancies/1757111070563	2026-04-17	unjobs.org	Analyst – Centre for Sustainable Finance	CPI India	new
https://www.climatepolicyinitiative.org/career/junior-analyst-green-sustainable-finance/	2026-04-17	climatepolicyinitiative.org	Junior Analyst – Green & Sustainable Finance	CPI	new
https://www.climatepolicyinitiative.org/career/senior-analyst-centre-for-sustainable-finance/	2026-04-17	climatepolicyinitiative.org	Senior Analyst – Centre for Sustainable Finance	CPI India	new
https://www.thaingo.org/jobs/detail/15108	2026-04-17	thaingo.org	Junior Advisor – Thai Climate Initiative	GIZ Thailand	new
https://www.thaingo.org/jobs/detail/14628	2026-04-17	thaingo.org	Project Advisor – CASE Thailand	GIZ Thailand	new
https://www.thai-german-cooperation.info/en_US/vacancies/	2026-04-17	thai-german-cooperation.info	Junior Advisor – Carbon Market / Renewable Energy	GIZ Thailand	new
https://jobs.sea.deloitte.com/job/Bangkok-Analyst-Center-of-Excellence-Environmental,-Social-and-Governance-TH/776770210/	2026-04-17	jobs.sea.deloitte.com	Analyst – ESG Centre of Excellence	Deloitte Thailand	new
https://jobs.sea.deloitte.com/job/Singapore-Risk-Advisory-Sustainability-&-Climate-Change/583472110/	2026-04-17	jobs.sea.deloitte.com	Risk Advisory – Sustainability & Climate Change	Deloitte Singapore	new
https://eyglobal.yello.co/jobs/ZNzDDOPB8vFcsslBV5IE8w?job_board_id=c1riT--B2O-KySgYWsZO1Q	2026-04-17	ey.com	Associate – Assurance Climate Change & Sustainability Services (2026 Graduates)	EY Singapore	new
https://www.climatechangecareers.com/job/nasdaq/taguig-philippines/sustainability-and-climate-analyst/	2026-04-17	climatechangecareers.com	Sustainability and Climate Analyst	Nasdaq (Philippines)	new
https://www.climatechangecareers.com/job/nasdaq/taguig-philippines/senior-sustainability-and-climate-advisory-analyst/	2026-04-17	climatechangecareers.com	Senior Sustainability and Climate Advisory Analyst	Nasdaq (Philippines)	new
https://www.eco-business.com/jobs/esg-intelligence-analyst-associate-singapore/	2026-04-17	eco-business.com	ESG Intelligence Analyst / Associate	Eco-Business (Singapore)	new
https://www.eco-business.com/jobs/asia-pacific-lead-esg-intelligence/	2026-04-17	eco-business.com	Asia Pacific Lead – ESG Intelligence	Eco-Business (Singapore)	new
https://careers.legalandgeneral.com/job/esg-analyst-in-singapore-jid-1269	2026-04-17	legalandgeneral.com	ESG Analyst – Investment Stewardship	Legal & General (Singapore)	new
https://www.devex.com/jobs/environmental-social-and-governance-esg-specialist-usaid-thailand-pagi-1260041	2026-04-17	devex.com	ESG Specialist (USAID/Thailand PAGI)	USAID Thailand	new
https://www.devex.com/jobs/esg-reporting-and-disclosures-analyst-associate-environmental-and-social-governance-1245124	2026-04-17	devex.com	ESG Reporting and Disclosures Analyst/Associate	Devex listing	new
https://www.devex.com/jobs/analyst-climate-policy-1419151	2026-04-17	devex.com	Analyst – Climate Policy	ICF	new
https://www.devex.com/jobs/individual-consultant-expert-engagement-framework-on-climate-finance-1413867	2026-04-17	devex.com	Individual Consultant – Expert Engagement Framework on Climate Finance	Devex listing	new
https://careers.msci.com/job/14509026/	2026-04-17	msci.com	ESG Issuer Relations – APAC	MSCI (Singapore)	new
https://www.climatefinanceasia.com/about-us/careers/	2026-04-17	climatefinanceasia.com	Junior Consultant	Climate Finance Asia (Tokyo)	new
https://www.ricardo.com/en/careers/vacancies/2026-3263-analyst-consultant-energy-and-carbon-policy	2026-04-17	ricardo.com	Analyst Consultant – Energy and Carbon Policy	Ricardo	new
https://reliefweb.int/job/4016135/climate-change-specialist-asia	2026-04-17	reliefweb.int	Climate Change Specialist – Asia	NGO (Asia)	new
https://reliefweb.int/job/3984413/consultant-climate-action	2026-04-17	reliefweb.int	Consultant – Climate Action	NGO	new
https://reliefweb.int/job/4053352/experienced-consultant-climate-adaptation-mission-easts-inclusive-climate-solutions-study	2026-04-17	reliefweb.int	Experienced Consultant – Climate Adaptation	Mission East	new
https://www.impactpool.org/jobs/1085110	2026-04-17	impactpool.org	Environment Economist / Policy Analyst – Climate Change Adaptation	OECD	new
https://www.mycareersfuture.gov.sg/job/consulting/sustainability-esg-consultant-sgs-international-certification-services-singapore-5a31169b885c05fc7aa1a6e4ee541c79	2026-04-17	mycareersfuture.gov.sg	Sustainability & ESG Consultant – Carbon Management	SGS International (Singapore)	new
https://www.mycareersfuture.gov.sg/job/managing-consultant-corporate-sustainability-climate-change-environmental-resources-management-dddcadbbce041fe24af116ad6bd9fa34	2026-04-17	mycareersfuture.gov.sg	Managing Consultant – Corporate Sustainability & Climate Change	ERM (Singapore)	new
https://www.mycareersfuture.gov.sg/job/esg-sustainability-consultant-iso-consultants-f044bd689775b35144232e319a43e843	2026-04-17	mycareersfuture.gov.sg	ESG & Sustainability Consultant	ISO Consultants (Singapore)	new
https://www.mycareersfuture.gov.sg/job/sustainability-esg-specialist-american-bureau-shipping-cfdf89fbbe1577957e625257fd2f669d	2026-04-17	mycareersfuture.gov.sg	Sustainability ESG Specialist	American Bureau of Shipping (Singapore)	new
https://www.climatechangecareers.com/job/sei/remote/project-and-sustainability-associate/	2026-04-17	climatechangecareers.com	Project and Sustainability Associate	SEI (Remote)	new
https://www.climatechangecareers.com/job/sei/remote/strategic-energy-management-associate/	2026-04-17	climatechangecareers.com	Strategic Energy Management Associate	SEI (Remote)	new
https://www.climatechangecareers.com/job/climate-connectors/remote/strategy-research-associate-consultant/	2026-04-17	climatechangecareers.com	Strategy & Research Associate Consultant	Climate Connectors (Remote)	new
https://www.climatechangecareers.com/job/world-resources-institute/remote/consultant-as-research-assistant-for-payment-watershed-services-policy-merangin-based/	2026-04-17	climatechangecareers.com	Consultant – Research Assistant Payment for Watershed Services Policy	WRI (Indonesia/Remote)	new
https://unjobs.org/vacancies/1765247460856	2026-05-18	unjobs.org	Sustainable Finance Consultant	UNESCAP	added
https://www.unjobnet.org/jobs/detail/85738994	2026-05-18	unjobnet.org	Sustainable Finance Analyst – FAST Initiative Asia	UNDP	added
https://untalent.org/jobs/technical-analyst-climate-finance	2026-05-18	untalent.org	Technical Analyst – Climate Finance	UNDP	added
https://untalent.org/jobs/carbon-markets-and-climate-finance-analyst	2026-05-18	untalent.org	Carbon Markets and Climate Finance Analyst	UNDP	added
https://untalent.org/jobs/climate-change-energy-and-environment-associate	2026-05-18	untalent.org	Climate Change, Energy and Environment Associate	UNDP	added
https://untalent.org/jobs/climate-policy-and-strategic-alliances-associate	2026-05-18	untalent.org	Climate Policy and Strategic Alliances Associate	UNDP	added
https://untalent.org/jobs/associate-policy-analyst-environment-and-climate-change	2026-05-18	untalent.org	Associate Policy Analyst – Environment and Climate Change	UNDP	added
https://untalent.org/jobs/sustainable-energy-specialist	2026-05-18	untalent.org	Sustainable Energy Specialist	UNDP	added
https://untalent.org/jobs/climate-change-analyst-5	2026-05-18	untalent.org	Climate Change Analyst	UNOPS	added
https://untalent.org/jobs/climate-and-energy-senior-research-analyst	2026-05-18	untalent.org	Climate and Energy Senior Research Analyst	WRI	added
https://untalent.org/jobs/research-assistant-sustainable-energy	2026-05-18	untalent.org	Research Assistant – Sustainable Energy	UNESCWA	added
https://untalent.org/jobs/associate-industrial-development-officer	2026-05-18	untalent.org	Associate Industrial Development Officer	UNIDO	skipped_dup
https://jobs.undp.org/cj_view_job.cfm?cur_job_id=108545	2026-05-18	jobs.undp.org	Consultancy – Climate Change Transparency Analysis	UNDP	added
https://jobs.undp.org/cj_view_job.cfm?cur_job_id=111863	2026-05-18	jobs.undp.org	Gender and Climate Change National Consultant	UNDP	added
https://careers.unido.org/job/Vienna-Project-Associate/1342750055/	2026-05-18	careers.unido.org	Project Associate	UNIDO	added
https://careers.unido.org/job/Vienna-Project-Assistant/1330023555/	2026-05-18	careers.unido.org	Project Assistant	UNIDO	added
https://careers.unido.org/job/Vienna-Programme-Associate/1335690855/	2026-05-18	careers.unido.org	Programme Associate	UNIDO	added
https://careers.unido.org/job/Home-Based-International-Green-Climate-Fund-Accreditation-Expert/1342974355/	2026-05-18	careers.unido.org	International GCF Accreditation Expert	UNIDO	skipped_title
https://careers.unido.org/job/Vienna-Innovation-Programme-Administrator-Incubation-and-University-Partnerships/1335776155/	2026-05-18	careers.unido.org	Innovation Programme Administrator	UNIDO	skipped_title
https://careers.unido.org/job/Vienna-Project-Administrator/1344636755/	2026-05-18	careers.unido.org	Project Administrator	UNIDO	skipped_title
https://careers.unido.org/job/Home-Based-ERP-Technical-Consultant-(SAP-Applications-&-UX-Improvements)/1346480855/	2026-05-18	careers.unido.org	ERP Technical Consultant	UNIDO	skipped_title
https://jobs.unops.org/pages/viewvacancy/vadetails.aspx?id=30711	2026-05-18	jobs.unops.org	Programme Management Support – Senior Analyst	UNOPS	added
https://jobs.unops.org/Pages/ViewVacancy/VADetails.aspx?id=29989	2026-05-18	jobs.unops.org	Programme Management Office – Senior Analyst	UNOPS	added
https://careers.gggi.org/vacancy/project-officer-green-growth-and-climate-change-567856.html	2026-05-18	careers.gggi.org	Project Officer – Green Growth and Climate Change	GGGI	added
https://careers.gggi.org/vacancy/green-finance-specialist-green-finance-center-586032.html	2026-05-18	careers.gggi.org	Green Finance Specialist – Green Finance Center	GGGI	added
https://careers.gggi.org/vacancy/ic-fx-risk-management-strategy-for-climate-and-eco-finance-at-fdb-596196.html	2026-05-18	careers.gggi.org	IC – FX Risk Management Strategy for Climate and Eco Finance	GGGI	added
https://careers.gggi.org/vacancy/senior-associate-resilient-green-housing-585762.html	2026-05-18	careers.gggi.org	Senior Associate – Resilient Green Housing	GGGI	added
https://www.developmentaid.org/jobs/view/1706808/sustainable-finance-associate-asia	2026-05-18	developmentaid.org	Sustainable Finance Associate – Asia	GGGI	added
https://careers.southpole.com/jobs/7015526-managing-consultant-climate-risk-disclosure	2026-05-18	careers.southpole.com	Managing Consultant – Climate Risk & Disclosure	South Pole	added
https://careers.southpole.com/jobs/7162036-lead-operations-finance-analyst-climate-advisory	2026-05-18	careers.southpole.com	Lead Operations & Finance Analyst – Climate Advisory	South Pole	added
https://careers.southpole.com/jobs/7157375-global-lead-specialist-operations-climate-advisory	2026-05-18	careers.southpole.com	Global Lead Specialist – Operations, Climate Advisory	South Pole	added
https://www.sei.org/people/jobs/postdoc-fellow-climate-modelling-impact/	2026-05-18	sei.org	Postdoctoral Fellow – Climate Modelling and Impact Assessment	SEI	added
https://www.sei.org/people/jobs/research-associate-renewable-energy-latin-america/	2026-05-18	sei.org	Research Associate – Renewable Energy	SEI	added
https://www.sei.org/people/jobs/research-associate-staff-scientist-climate-and-energy-policy-us/	2026-05-18	sei.org	Research Associate/Staff Scientist – Climate and Energy Policy	SEI	added
https://www.sei.org/people/jobs/york-research-associate/	2026-05-18	sei.org	Research Associate	SEI York	added
https://www.sei.org/people/jobs/research-associate-climate-land-sustainable-transitions/	2026-05-18	sei.org	Research Associate – Climate, Land and Sustainable Transitions	SEI	added
https://www.sei.org/people/jobs/communications-policy-engagement/	2026-05-18	sei.org	Communications and Policy Engagement	SEI	added
https://www.sei.org/people/jobs/research-fellow-water-resource-management/	2026-05-18	sei.org	Research Fellow – Water Resource Management	SEI Africa	added
https://www.climatechangecareers.com/job/pwc-singapore/singapore-singapore/risk-services-sustainability-and-climate-change-advisory-senior-associate/	2026-05-18	climatechangecareers.com	Risk Services – Sustainability and Climate Change Advisory (Senior Associate)	PwC Singapore	added
https://www.climatechangecareers.com/job/deloitte/singapore-singapore/consultant-sustainability-emerging-assurance/	2026-05-18	climatechangecareers.com	Consultant – Sustainability & Emerging Assurance	Deloitte Singapore	added
https://www.climatechangecareers.com/job/temasek/singapore-singapore/associate-senior-associate-12-months-contract-sustainable-solutions/	2026-05-18	climatechangecareers.com	Associate/Senior Associate – Sustainable Solutions	Temasek	added
https://www.climatechangecareers.com/job/deloitte/hong-kong-hong-kong/analyst-consultant-senior-consultant-esg-enterprise-risk-hong-kong-315112/	2026-05-18	climatechangecareers.com	Analyst/Consultant – ESG Enterprise Risk	Deloitte HK	added
https://www.climatechangecareers.com/job/arup/singapore-singapore/senior-sustainability-consultant/	2026-05-18	climatechangecareers.com	Senior Sustainability Consultant	Arup Singapore	added
https://www.climatechangecareers.com/job/ey/singapore-singapore/associate-assurance-climate-change-and-sustainability-services-2026-graduates/	2026-05-18	climatechangecareers.com	Associate – Assurance, Climate Change and Sustainability Services (2026 Graduates)	EY Singapore	skipped_dup
https://www.climatechangecareers.com/job/agoda/bangkok-thailand/summer-internship-2026-sustainability-intern-bangkok-based/	2026-05-18	climatechangecareers.com	Summer Internship 2026 Sustainability Intern	Agoda	skipped_title
https://www.climatechangecareers.com/job/pwc-singapore/singapore-singapore/risk-services-sustainability-and-climate-change-advisory-manager-senior-manager/	2026-05-18	climatechangecareers.com	Risk Services, Sustainability and Climate Change Advisory – Manager/Senior Manager	PwC Singapore	skipped_title
https://www.mycareersfuture.gov.sg/job/consulting/sustainability-analyst-csrworks-international-8753e825f8511d73ddd1d467138394be	2026-05-18	mycareersfuture.gov.sg	Sustainability Analyst	CSRWorks International	added
https://www.mycareersfuture.gov.sg/job/esg-analyst-fitch-ratings-singapore-ee65e7f20f98b2f6ebcfb864ec7f9ec6	2026-05-18	mycareersfuture.gov.sg	ESG Analyst	Fitch Ratings	added
https://www.mycareersfuture.gov.sg/job/senior-researcher-esg-carbon-capture-sustainable-finance-tangspac-consulting-d9186a6bd21bb9d7c5d31427271362a1	2026-05-18	mycareersfuture.gov.sg	Senior Researcher – ESG / Carbon Capture / Sustainable Finance	TangsPac Consulting	added
https://erm.wd3.myworkdayjobs.com/ERM_Careers/job/Bangkok-Thailand/Managing-Consultant-Corporate-Sustainability---Climate-Change_R00019699	2026-05-18	erm.com	Managing Consultant – Corporate Sustainability & Climate Change	ERM Bangkok	added
https://erm.wd3.myworkdayjobs.com/en-US/ERM_Careers/job/Consultant---Corporate-Sustainability---Climate-Change_R00021388	2026-05-18	erm.com	Consultant – Corporate Sustainability & Climate Change	ERM	added
https://erm-environmental-resources-management.talentify.io/job/principal-consultant-sustainability-and-climate-change-mid-senior-level-bangkok-bangkok-erm-environmental-resources-management-r00008839-1	2026-05-18	erm.com	Principal Consultant – Sustainability & Climate Change	ERM Bangkok	skipped_title
https://www.thaingo.org/jobs/detail/14119	2026-05-18	thaingo.org	Senior Advisor – Energy System/Policy (TGC-EMC)	GIZ Thailand	added
https://www.giz.de/sites/default/files/media/els-document/2026-02/case-traineeship-013-090226.pdf	2026-05-18	giz.de	CASE Traineeship 013	GIZ Thailand	skipped_title
https://www.impactpool.org/jobs/1153191	2026-05-18	impactpool.org	Environmental and Social Specialist	OPEC Fund	added
https://www.impactpool.org/jobs/1201675	2026-05-18	impactpool.org	Climate Services Financing and Sustainability Consultant	UNEP	added
https://www.impactpool.org/jobs/1152853	2026-05-18	impactpool.org	Senior Expert – Climate Innovation & Adaptation (Roster)	UNIDO	added
https://www.impactpool.org/jobs/696806	2026-05-18	impactpool.org	Environment Specialists / Senior Specialists	AIIB	skipped_dup
https://www.impactpool.org/jobs/915473	2026-05-18	impactpool.org	Economic Affairs Officer – Sustainable Energy	UN	skipped_title
https://reliefweb.int/job/3801108/environmental-and-sustainability-officer	2026-05-18	reliefweb.int	Environmental and Sustainability Officer	Various	added
https://reliefweb.int/job/4077292/senior-officer-climate-and-environmental-standards	2026-05-18	reliefweb.int	Senior Officer – Climate and Environmental Standards	Various	skipped_title
https://reliefweb.int/job/3968753/climate-change-advisors-ipsp	2026-05-18	reliefweb.int	Climate Change Advisors – IPSP	Various	skipped_title
https://www.devex.com/jobs/environmental-social-and-governance-esg-specialist-1200071	2026-05-18	devex.com	ESG Specialist	Various	added
https://www.devex.com/jobs/esg-risk-consultant-738312	2026-05-18	devex.com	ESG Risk Consultant	Various	skipped_title
https://www.devex.com/jobs/environmental-sustainability-consultant-826907	2026-05-18	devex.com	Environmental Sustainability Consultant	Various	skipped_title
https://www.developmentaid.org/jobs/view/1688003/expression-of-interest-climate-finance-panel	2026-05-18	developmentaid.org	Expression of Interest – Climate Finance Panel	Various	added
https://www.developmentaid.org/jobs/view/1747179/energy-efficiency-climate-resilience-expert	2026-05-18	developmentaid.org	Energy Efficiency & Climate Resilience Expert	Yooshin	skipped_title
https://untalent.org/jobs/environment-social-and-governance-expert	2026-05-19	untalent.org	Environment, Social and Governance Expert	UNEP	added
https://untalent.org/jobs/climate-change-analyst-programming-and-innovation	2026-05-19	untalent.org	Climate Change Analyst – Programming and Innovation	World Bank	added
https://untalent.org/jobs/program-officer-corporate-sustainability-reporting-extended-term-consultant-etc2	2026-05-19	untalent.org	Program Officer – Corporate Sustainability Reporting (ETC2)	World Bank	added
https://untalent.org/jobs/climate-policy-and-energy-transition-advisor	2026-05-19	untalent.org	Climate Policy and Energy Transition Advisor	UNEP	skipped_dup
https://untalent.org/jobs/energy-research-analyst	2026-05-19	untalent.org	Energy Research Analyst	WRI	skipped_dup
https://www.sei.org/people/jobs/senior-researcher-vulnerability-climate-risk-and-just-adaptation/	2026-05-19	sei.org	Senior Researcher – Vulnerability, Climate Risk and Just Adaptation	SEI	added
https://www.sei.org/people/jobs/strategic-research-team-intern/	2026-05-19	sei.org	Strategic Research Team Intern	SEI	skipped_title
https://www.thai-german-cooperation.info/en_US/junior-advisor-for-renewable-energy-and-communication-h2uppp/	2026-05-19	thai-german-cooperation.info	Junior Advisor – Renewable Energy and Communication (H2Uppp)	GIZ Thailand	added
https://www.thai-german-cooperation.info/en_US/junior-advisor-carbon-market-rc-gcm/	2026-05-19	thai-german-cooperation.info	Junior Advisor – Carbon Market (RC-GCM)	GIZ Thailand	skipped_dup
https://www.thai-german-cooperation.info/en_US/junior-advisor-case-thailand/	2026-05-19	thai-german-cooperation.info	Junior Advisor (CASE Thailand)	GIZ Thailand	skipped_dup
https://www.thai-german-cooperation.info/en_US/advisor-improve/	2026-05-19	thai-german-cooperation.info	Advisor (IMPROVE)	GIZ Thailand	skipped_title
https://www.thai-german-cooperation.info/en_US/advisor-for-technical-assistance-and-capacity-development/	2026-05-19	thai-german-cooperation.info	Advisor for Technical Assistance and Capacity Development	GIZ Thailand	skipped_title
https://www.mycareersfuture.gov.sg/job/senior-consultant-sustainability-climate-change-environmental-resources-management-22439ffbdd4c838420544c30d0b35315	2026-05-19	mycareersfuture.gov.sg	Senior Consultant – Sustainability and Climate Change	ERM Singapore	added
https://www.developmentaid.org/jobs/view/1752563/climate-finance-partnerships-officer	2026-05-19	developmentaid.org	Climate Finance & Partnerships Officer	Various	added
https://reliefweb.int/job/3961739/climate-change-adaptation-and-mitigation-expert-global-level-consultancy	2026-05-19	reliefweb.int	Climate Change Adaptation and Mitigation Expert	Global	added
https://reliefweb.int/job/3840518/environmental-health-climate-change-adaptation-and-mitigation	2026-05-19	reliefweb.int	Environmental Health & Climate Change Adaptation and Mitigation	IOM	added
https://reliefweb.int/job/3967392/consultants-roster	2026-05-19	reliefweb.int	Consultants Roster	Various	skipped_title
https://reliefweb.int/job/3828725/various-countries-roster-consultants	2026-05-19	reliefweb.int	Various Countries – Roster of Consultants	Various	skipped_title
https://www.climatechangecareers.com/job/fcs/remote/sustainability-associate/	2026-05-19	climatechangecareers.com	Sustainability Associate	FCS	added
https://www.climatechangecareers.com/job/thinkbac-consulting/kansas-city-mo-united-states/renewables-project-finance-analyst-to-associate-level-remote/	2026-05-19	climatechangecareers.com	Renewables Project Finance Analyst to Associate Level (Remote)	ThinkBAC Consulting	skipped_title
https://www.climatechangecareers.com/job/nsw-department-of-climate-change-energy-the-environment-and-water/harris-park-australia/senior-data-analyst-senior-data-engineer/	2026-05-19	climatechangecareers.com	Senior Data Analyst / Senior Data Engineer	NSW Dept Climate	skipped_title
https://workingreen.jobs/offers/portfolio-esg-analyst-associate-at-octopus-energy-london-uk	2026-05-19	workingreen.jobs	Portfolio ESG Analyst/Associate	Octopus Energy	added
https://www.impactpool.org/jobs/1051849	2026-05-19	impactpool.org	ESG Specialist Consultant (Ecuador)	GGGI Ecuador	added
https://www.impactpool.org/jobs/815965	2026-05-19	impactpool.org	Environmental and Social Risk Management Specialist (Mexico)	GGGI Mexico	skipped_title
https://www.wri.org/careers/jobs/bali-net-zero-initiative-senior-lead-2026-jr100052	2026-05-19	wri.org	Bali Net Zero Initiative Senior Lead	WRI Indonesia	added
https://www.wri.org/careers/jobs/associate-accounts-2026-jr100203	2026-05-19	wri.org	Associate Accounts	WRI	skipped_title
https://www.wri.org/careers/jobs/raising-national-climate-ambition-intern-2026-jr100204	2026-05-19	wri.org	Raising National Climate Ambition Intern	WRI	skipped_title
https://www.wri.org/careers/jobs/industrial-decarbonization-intern-wri-polsky-energy-center-2026-jr100131	2026-05-19	wri.org	Industrial Decarbonization Intern	WRI	skipped_title
https://www.devex.com/jobs/environmental-social-and-governance-esg-research-analyst-744245	2026-05-19	devex.com	ESG Research Analyst	Various	skipped_dup
https://www.devex.com/jobs/international-consultant-sustainable-development-strategy-for-the-seas-of-east-asia-786393	2026-05-19	devex.com	International Consultant – Sustainable Development Strategy for the Seas of East Asia	Various	skipped_dup
https://jobs.giz.de/index.php?ac=jobad&id=77376	2026-05-19	jobs.giz.de	Praktikant – Powering Climate Protection	GIZ	skipped_title
https://jobs.giz.de/index.php?ac=jobad&id=76975	2026-05-19	jobs.giz.de	Projektmanager Nachhaltigkeit und Resilienz (German title)	GIZ	skipped_title
https://www.climatechangecareers.com/job/energy-and-environmental-economics/boston-ma-united-states/consulting-analyst-associate-consultant/	2026-05-20	climatechangecareers.com	Consulting Analyst / Associate Consultant	Energy and Environmental Economics	added
https://www.climatechangecareers.com/job/energy-and-environmental-economics/boston-ma-united-states/analyst-associate-consultant/	2026-05-20	climatechangecareers.com	Analyst / Associate Consultant	Energy and Environmental Economics	added
https://www.climatechangecareers.com/job/sirio/london-united-kingdom/consulting-analyst/	2026-05-20	climatechangecareers.com	Consulting Analyst	Sirio	added
https://www.climatechangecareers.com/job/kpmg-thailand/bangkok-thailand/esg-sustainability-services-consultant-manager/	2026-05-20	climatechangecareers.com	ESG Sustainability Services Consultant Manager	KPMG Thailand	added
https://careers.southpole.com/jobs/5561935-managing-consultant-climate-risk-and-opportunities-physical-risk	2026-05-20	careers.southpole.com	Managing Consultant – Climate Risk and Opportunities Physical Risk	South Pole	added
https://careers.southpole.com/jobs/950499-consultant-climate-strategies	2026-05-20	careers.southpole.com	Consultant – Climate Strategies	South Pole	added
https://careers.southpole.com/jobs/949847-managing-consultant-climate-strategies	2026-05-20	careers.southpole.com	Managing Consultant – Climate Strategies	South Pole	added
https://careers.southpole.com/jobs/1695888-senior-managing-consultant-climate-risks-opportunities	2026-05-20	careers.southpole.com	Senior Managing Consultant – Climate Risks and Opportunities	South Pole	skipped_title
https://careers.southpole.com/jobs/2267358-principal-consultant-climate-action-in-agricultural-value-chains-lac	2026-05-20	careers.southpole.com	Principal Consultant – Climate Action in Agricultural Value Chains	South Pole	skipped_title
https://jobs.dnv.com/job-search/energy-systems/consultant/shanghai-china/senior-consultant-esg/300001342774558	2026-05-20	jobs.dnv.com	Senior Consultant – ESG	DNV	added
https://www.mycareersfuture.gov.sg/job/sustainability-consultant-unravel-carbon-aadcf600f46baee6c897be62db3215d6	2026-05-20	mycareersfuture.gov.sg	Sustainability Consultant	Unravel Carbon	added
https://www.terra.do/climate-jobs/job-board/Research-Analyst---Industrial-Sustainability-CEEW-8179038/	2026-05-20	terra.do	Research Analyst – Industrial Sustainability	CEEW	added
https://www.unjobnet.org/jobs/detail/79663050	2026-05-20	unjobnet.org	JPO Programme Analyst – Environment Energy and Climate Change	UNDP	added
https://www.unjobnet.org/jobs/detail/62772291	2026-05-20	unjobnet.org	Climate and Energy Analyst	UNDP	added
https://www.unjobnet.org/jobs/detail/77333546	2026-05-20	unjobnet.org	Junior Clean Energy Technology Modeller and Analyst	OECD	added
https://www.unjobnet.org/jobs/detail/85523879	2026-05-20	unjobnet.org	Associate – Climate and Environment	IDB Invest	added
https://www.unjobnet.org/jobs/detail/72706630	2026-05-20	unjobnet.org	Associate Analyst – Energy and Climate Security	EUISS	added
https://www.unjobnet.org/jobs/detail/80860135	2026-05-20	unjobnet.org	Climate and Energy Analyst – United for Efficiency	UNEP	added
https://www.unjobnet.org/jobs/detail/84482595	2026-05-20	unjobnet.org	Sr. Analyst – Sustainability Services	Winrock International	added
https://www.unjobnet.org/jobs/detail/83839098	2026-05-20	unjobnet.org	International Consultant – MTR GEF Sustainable Cities	UNEP	added
https://untalent.org/jobs/operations-analyst-esg-advisory	2026-05-20	untalent.org	Operations Analyst – ESG Advisory	World Bank / IFC	added
https://jobs.undp.org/cj_view_job.cfm?cur_job_id=115478	2026-05-20	jobs.undp.org	Programme Officer – Thailand Country Programme	UN Women	added
https://jobs.undp.org/cj_view_job.cfm?cur_job_id=104680	2026-05-20	jobs.undp.org	Individual Consultant – Climate Change	UNDP	added
https://jobs.undp.org/cj_view_job.cfm?cur_job_id=97166	2026-05-20	jobs.undp.org	Individual Consultant – Sustainable Finance Analyst	UNDP	added
https://jobs.unops.org/Pages/ViewVacancy/VADetails.aspx?id=27236	2026-05-20	jobs.unops.org	Climate Senior Analyst	UNOPS	added
https://jobs.unops.org/pages/viewvacancy/VADetails.aspx?id=29791	2026-05-20	jobs.unops.org	Programme Management – Analyst (Innovation)	UNOPS	added
https://jobs.unops.org/Pages/ViewVacancy/VADetails.aspx?id=30871	2026-05-20	jobs.unops.org	Project Management Support – Analyst (Grant)	UNOPS	added
https://careers.ey.com/ey/job/Hong-Kong-Assurance-Core-CCaSS-ESG-Advisory-and-Assurance-Senior-Associate-Hong-Kong-Hong/696384001/	2026-05-20	careers.ey.com	Associate – ESG Advisory and Assurance	EY Hong Kong	added
https://careers.ey.com/ey/job/Hong-Kong-FSO-Assurance-Climate-Change-and-Sustainability-Services-Senior-Associate-Hong-Kong-Hong/742011201/	2026-05-20	careers.ey.com	Associate – Climate Change and Sustainability Services FSO	EY Hong Kong	added
https://unjobs.org/vacancies/1775073563554	2026-05-20	unjobs.org	National Project Associate	UNIDO (Chiang Mai)	added
https://careers.gggi.org/vacancy/-investment-officer-609445.html	2026-05-20	careers.gggi.org	Investment Officer	GGGI	skipped_title
https://careers.gggi.org/vacancy/head-publicprivate-partnerships-and-private-sector-engagement-609711.html	2026-05-20	careers.gggi.org	Head Public-Private Partnerships and Private Sector Engagement	GGGI	skipped_title
https://careers.gggi.org/vacancy/deputy-executive-director-and-head-of-directorate-of-green-growth-implementation-603395.html	2026-05-20	careers.gggi.org	Deputy Executive Director and Head of Directorate	GGGI	skipped_title
https://www.eco-business.com/jobs/regional-esg-intelligence-analyst-intern/	2026-05-20	eco-business.com	Regional ESG Intelligence Analyst / Intern	Eco-Business	skipped_title
https://careers.gggi.org/vacancy/thailand-consultant-for-green-finance-network-gfn-setup-100014324-599010.html	2026-05-21	GGGI Careers	Thailand Consultant for Green Finance Network (GFN) Setup	GGGI	added
https://careers.unido.org/job/Vienna-Industrial-Development-Expert/1348183155/	2026-05-21	UNIDO Careers	Industrial Development Expert – Energy Systems & Industrial Decarbonization	UNIDO	added
https://careers.unido.org/job/Vienna-Project-Specialist/1352447555/	2026-05-21	UNIDO Careers	Project Specialist	UNIDO	added
https://unjobs.org/vacancies/1776938608815	2026-05-21	UNjobs	Energy Finance Expert (Bangkok)	UNEP	added
https://unjobs.org/vacancies/1770190363610	2026-05-21	UNjobs	Renewable Energy & Access to Finance Coaching Expert (Bangkok)	UNEP	added
https://unjobs.org/vacancies/1751800381928	2026-05-21	UNjobs	Research Analyst on Climate Finance and Economic Environment – ACCEPT	ASEAN Centre for Energy	added
https://unjobs.org/vacancies/1703026245808	2026-05-21	UNjobs	Sustainable Finance Analyst Asia	IEEFA	added
https://www.unjobnet.org/jobs/detail/84622940	2026-05-21	UNjobnet	Programme Analyst – Nature, Climate, Energy and Disaster Risk Reduction	UNDP	added
https://www.unjobnet.org/jobs/detail/85908617	2026-05-21	UNjobnet	Project Analyst on Climate Risk Issues	UNDP	added
https://www.unjobnet.org/jobs/detail/85785089	2026-05-21	UNjobnet	Officer Global Voluntary Carbon Market (GVCM) Unit	GGGI	added
https://www.unjobnet.org/jobs/detail/82738784	2026-05-21	UNjobnet	Consultant – CLI and ESG Country Offices Support Asia Pacific EAPRO (Bangkok)	UNICEF	added
https://www.sei.org/people/jobs/research-associate-operationalization-raif-asia/	2026-05-21	SEI	Research Associate – Operationalization of RAIF (Climate Finance Bangkok)	SEI	added
https://www.impactpool.org/jobs/1209549	2026-05-21	Impactpool	Project Management Support – Associate (Bangkok)	UNOPS	added
https://www.thaingo.org/jobs/detail/18165	2026-05-21	ThaiNGO	Climate Change and Green Jobs Technical Expert	Save the Children	added
https://www.ramboll.com/careers/abf8fb0b-d811-4d1b-26b1-08dd1f1adb29	2026-05-21	Ramboll	Senior Consultant – Carbon Capture	Ramboll	added
https://careers.southpole.com/jobs/1621177-consultant-climate-strategies	2026-05-21	South Pole	Consultant – Climate Strategies	South Pole	added
https://careers.southpole.com/jobs/5571584-specialist-climate-projects	2026-05-21	South Pole	Specialist – Climate Projects	South Pole	added
https://careers.gggi.org/vacancy/green-growth-senior-associate-582071.html	2026-05-21	GGGI Careers	Green Growth Senior Associate	GGGI	added
https://unjobs.org/vacancies/1775252021936	2026-05-21	UNjobs	Programme Management Senior Officer Bangkok (ETP)	UNOPS	skipped_dup
https://unjobs.org/vacancies/1764684714834	2026-05-21	UNjobs	Programme Management Office Senior Officer Bangkok	UNOPS	skipped_dup
https://www.unjobnet.org/jobs/detail/86252041	2026-05-21	UNjobnet	Project Specialist (ISA-P4)	UNIDO	skipped_dup
https://careers.unops.org/careersmarketplace/JobDetail/Project-Management-Support-Associate/2447	2026-05-21	UNOPS Careers	Project Management Support Associate Bangkok APRO	UNOPS	skipped_dup
https://reliefweb.int/job/4067724/climate-change-and-green-jobs-technical-expert	2026-05-21	ReliefWeb	Climate Change and Green Jobs Technical Expert	Save the Children	skipped_dup
https://www.climatechangecareers.com/job/sei-stockholm-environment-institute/bangkok-thailand/research-fellow-urban/	2026-05-21	ClimateChangeCareers	Research Fellow – Urban	SEI	skipped_dup
https://www.thaingo.org/jobs/detail/18089/2	2026-05-22	ThaiNGO	Climate and Carbon Consultant	GIZ Thailand	added
https://www.thaingo.org/jobs/detail/12227	2026-05-22	ThaiNGO / GIZ	Junior Advisor or Advisor – Green Cooling Initiative	GIZ Thailand	added
https://thaingo.org/jobs/detail/14117	2026-05-22	ThaiNGO / CCMB	Advisor (Climate Mitigation) – CCMB	GIZ Thailand	added
https://www.impactpool.org/jobs/1103491	2026-05-22	Impactpool	Consultant for Climate Tech Startup Roadmap	GGGI Thailand	added
https://www.impactpool.org/jobs/1181975	2026-05-22	Impactpool	Consultant for Low Carbon Building Investments	GGGI Thailand	added
https://reliefweb.int/job/3922173/disaster-risk-reduction-and-climate-change-analyst-partnerships-infrastructure	2026-05-22	ReliefWeb	DRR and Climate Change Analyst	P4I	added
https://reliefweb.int/job/4040716/climate-action-specialist-and-coordinator	2026-05-22	ReliefWeb	Climate Action Specialist and Coordinator	RCC Asia Pacific	added
https://reliefweb.int/job/3998840/climate-resilience-training-and-capacity-development-officer	2026-05-22	ReliefWeb	Climate Resilience Training and Capacity Development Officer	Various	added
https://reliefweb.int/job/4023360/specially-appointed-researcher	2026-05-22	ReliefWeb	Specially Appointed Researcher – AP-PLAT	IGES	added
https://reliefweb.int/job/3958512/project-administrative-and-grant-officer-explore-recoftc-main-office-bangkok	2026-05-22	ReliefWeb	Project Administrative and Grant Officer – EXPLORE	RECOFTC	added
https://thaingo.org/jobs/detail/18552/2	2026-05-22	ThaiNGO	ESG Specialist	DAI / USAID PAGI	added
https://unjobs.org/vacancies/1774593255927	2026-05-22	UNjobs	Research and Advocacy Consultant	UNESCAP	added
https://unjobs.org/vacancies/1778832497783	2026-05-22	UNjobs	Resource Management Specialist – Energy Transition	UNESCAP	added
https://unjobs.org/vacancies/1775198057786	2026-05-22	UNjobs	Consultant – Sinking Cities Project Phase 1	UNESCAP	added
https://unjobs.org/vacancies/1775543594605	2026-05-22	UNjobs	PV System Management and Recycling Initiative Coordination Expert	UNEP	added
https://jobs.unops.org/pages/viewvacancy/VADetails.aspx?id=29918	2026-05-22	UNOPS Jobs	Project Management Support Specialist – Climate and Energy	UNOPS	added
https://jobs.unops.org/pages/viewvacancy/vadetails.aspx?id=27496	2026-05-22	UNOPS Jobs	Climate Adaptation Senior Analyst (Retainer)	UNOPS	added
https://jobs.unops.org/pages/viewvacancy/VADetails.aspx?id=25645	2026-05-22	UNOPS Jobs	Climate Mitigation Senior Analyst (Retainer)	UNOPS	added
https://jobs.unops.org/pages/viewvacancy/VADetails.aspx?id=27497	2026-05-22	UNOPS Jobs	Climate Mitigation Senior Analyst (Retainer alt)	UNOPS	added
https://jobs.unops.org/pages/viewvacancy/VADetails.aspx?id=28498	2026-05-22	UNOPS Jobs	Renewable Energy Consultant (Home Based Retainer)	UNOPS	added
https://jobs.unops.org/Pages/ViewVacancy/VADetails.aspx?id=28538	2026-05-22	UNOPS Jobs	Project Management Support – Senior Associate	UNOPS	added
https://jobs.unops.org/Pages/ViewVacancy/VADetails.aspx?id=27839	2026-05-22	UNOPS Jobs	Project Officer – Climate Technology	UNOPS	added
https://careers.gggi.org/vacancy/climate-finance-senior-associate-611714.html	2026-05-22	GGGI Careers	Climate Finance Senior Associate	GGGI Rwanda	added
https://careers.gggi.org/vacancy/program-and-operations-associate-green-trust-fund-unit-601661.html	2026-05-22	GGGI Careers	Program and Operations Associate – Green Trust Fund Unit	GGGI	added
https://careers.gggi.org/vacancy/senior-officer-carbon-project-development-598012.html	2026-05-22	GGGI Careers	Senior Officer – Carbon Project Development	GGGI	added
https://www.unjobnet.org/jobs/detail/55533297	2026-05-22	UNjobnet	Regional Climate Change Consultant	UNESCAP	added
https://www.unjobnet.org/jobs/detail/79500326	2026-05-22	UNjobnet	Programme Associate	UNOPS China	added
https://untalent.org/jobs/associate-officer-in-climate-change-and-energy	2026-05-22	UNtalent	Associate Officer – Climate Change and Energy	UNDP	added
https://untalent.org/jobs/e-t-consultant-carbon-credit-mobilization	2026-05-22	UNtalent	ET Consultant – Carbon Credit Mobilization	World Bank	added
https://careers.southpole.com/jobs/1485792-senior-climate-investments-analyst	2026-05-22	South Pole Careers	Senior Climate Investments Analyst	South Pole	added
https://www.devex.com/jobs/individual-consultant-fund-environmental-social-governance-esg-and-sustainability-1416704	2026-05-22	Devex	Individual Consultant – Fund ESG and Sustainability	Devex	added
https://www.devex.com/jobs/individual-consultant-conducting-a-regional-workshop-on-climate-swaps-green-bonds-blue-bonds-and-other-climate-financing-instruments-1393953	2026-05-22	Devex	Individual Consultant – Climate Finance Regional Workshop	Devex	added
https://www.devex.com/jobs/individual-consultant-transport-interventions-to-boost-trade-and-tackle-climate-change-in-the-south-asia-subregional-economic-cooperation-region-1377154	2026-05-22	Devex	Individual Consultant – Transport & Climate Change South Asia	Devex	added
https://www.terra.do/climate-jobs/job-board/Carbon-and-Sustainability-Consultant-CLIMATE-ASIA-PTE--LTD--8256564/	2026-05-22	Terra.do	Carbon and Sustainability Consultant	Climate Asia	added
https://www.terra.do/climate-jobs/job-board/remote-financing-consultant-climate-air-quality-policy-8399399/	2026-05-22	Terra.do	Remote Financing Consultant – Climate and Air Quality Policy	Clean Air Asia	added
https://www.mycareersfuture.gov.sg/job/sustainability-climate-change-associate-pricewaterhousecoopers-risk-services-0fa698c91d8cc4a2a294a936823f1b03	2026-05-22	MyCareersFuture	Sustainability and Climate Change – Associate	PwC Singapore	added
https://www.mycareersfuture.gov.sg/job/others/senior-associate-climate-change-sustainability-services-ernst-young-921ee24ea1326342ca412b31ec708087	2026-05-22	MyCareersFuture	Senior Associate – Climate Change and Sustainability Services	EY Singapore	added
https://www.climatechangecareers.com/job/golden-hiring/london-united-kingdom/esg-sustainability-analyst-trainee-graduate-opportunity/	2026-05-22	ClimateChangeCareers	ESG and Sustainability Analyst Trainee – Graduate Opportunity	Golden Hiring	added
https://www.sei.org/people/jobs/climate-risk-adaptation-tallinn/	2026-05-22	SEI	Climate Risk and Adaptation Researcher	SEI Tallinn	added
https://careers.unido.org/job/Moroni-Assistante-du-projet/1338034655/	2026-05-22	UNIDO Careers	Project Assistant (Comoros)	UNIDO	skipped_title
https://careers.unido.org/job/Home-Based-Lead-Expert-on-Industry-4_0-transformation-methodology-and-programme-design/1331738855/	2026-05-22	UNIDO Careers	Lead Expert – Industry 4.0 (ISA-P4)	UNIDO	skipped_title
https://careers.unido.org/job/Abuja-National-Programme-Officer/1350467455/	2026-05-22	UNIDO Careers	National Programme Officer – Nigeria	UNIDO	skipped_title
https://careers.unido.org/job/Karachi-National-Expert-on-Access-to-Finance-and-Corporate-Engagement/1332577455/	2026-05-22	UNIDO Careers	National Expert – Access to Finance (Karachi)	UNIDO	skipped_title
https://careers.unido.org/job/Banjul-National-Project-Coordinator/1342763255/	2026-05-22	UNIDO Careers	National Project Coordinator – Gambia	UNIDO	skipped_title
https://careers.unido.org/job/Home-Based-National-Food-Safety-Consultant/1351422655/	2026-05-22	UNIDO Careers	National Food Safety Consultant	UNIDO	skipped_title
https://unjobs.org/vacancies/1738077102380	2026-05-22	UNjobs	Intern – Environmental Management	UNESCAP	skipped_title
https://unjobs.org/vacancies/1750752511903	2026-05-22	UNjobs	Environment Affairs Intern	UNESCAP	skipped_title
https://unjobs.org/vacancies/1776414915365	2026-05-22	UNjobs	Consultant – Technology AI and Population Ageing	UNESCAP	skipped_title
https://unjobs.org/vacancies/1748336502418	2026-05-22	UNjobs	National Consultant – Bhutan	UNESCAP	skipped_title
https://unjobs.org/vacancies/1777118184854	2026-05-22	UNjobs	Partnerships and External Relations Specialist	UNESCAP	skipped_title
https://www.unjobnet.org/jobs/detail/80109524	2026-05-22	UNjobnet	Environment Affairs Intern	UNESCAP	skipped_title
https://www.unjobnet.org/jobs/detail/79788915	2026-05-22	UNjobnet	UNDP ESG Specialist (7yr req)	UNDP	skipped_title
https://www.unjobnet.org/jobs/detail/82866641	2026-05-22	UNjobnet	Intern – Sustainable Development	UNESCAP	skipped_title
https://www.unjobnet.org/jobs/detail/84333920	2026-05-22	UNjobnet	Intern – Climate Finance Mobilization	UNEP	skipped_title
https://www.unjobnet.org/jobs/detail/84944273	2026-05-22	UNjobnet	UNICEF Environmental Health Consultant (10yr req)	UNICEF	skipped_title
https://reliefweb.int/job/4122012/climate-project-manager-p4i	2026-05-22	ReliefWeb	Climate Project Manager – P4I (Thai nationals only)	P4I	skipped_title
https://www.impactpool.org/jobs/1182954	2026-05-22	Impactpool	Child Rights and Business Consultant (5yr req)	UNICEF Thailand	skipped_title
https://careers.gggi.org/vacancy/sustainable-fiance-lead-africa-598819.html	2026-05-22	GGGI Careers	Sustainable Finance Lead – Africa (too senior)	GGGI Africa	skipped_title
https://untalent.org/jobs/environmental-engineer-15	2026-05-22	UNtalent	Environmental Engineer	World Bank	skipped_title
https://www.idealist.org/en/job/718ebd2a565c47489e469f7405804618-senior-strategist-gas-finance-asia-the-sunrise-project-manila	2026-05-22	Idealist	Senior Strategist – Gas Finance Asia (too senior)	Sunrise Project	skipped_title
https://careers.southpole.com/jobs/1104737-senior-managing-consultant-climate-policy-finance-and-carbon-markets	2026-05-22	South Pole Careers	Senior Managing Consultant – Climate Policy Finance	South Pole	skipped_title
https://www.devex.com/jobs/environmental-health-safety-ehs-consultant-1403656	2026-05-22	Devex	EHS Consultant Bangkok (closed Feb 2026)	Devex	skipped_title
https://www.unjobnet.org/jobs/detail/55231391	2026-05-22	UNjobnet	Analyst Sustainable Finance IPSA	UNDP	skipped_dup
https://www.thaingo.org/jobs/detail/18999/16	2026-05-23	ThaiNGO	ESG Program Manager – USAID PAGI (Bangkok)	USAID PAGI / DAI	added
https://unjobs.org/vacancies/1766849148999	2026-05-23	UNjobs	Climate Action Portfolio Manager (Bangkok)	UNDP Thailand	added
https://unjobs.org/vacancies/1773670808816	2026-05-23	UNjobs	Project Management Specialist – Southeast Asia and Pacific (Bangkok)	UNEP ROAP	added
https://unjobs.org/vacancies/1774447954195	2026-05-23	UNjobs	Project Management Specialist – South Asia (Bangkok)	UNEP ROAP	added
https://unjobs.org/vacancies/1777287425815	2026-05-23	UNjobs	Programme Specialist (Climate Finance) (Bangkok)	UNICEF EAPRO	added
https://unjobs.org/vacancies/1777692497119	2026-05-23	UNjobs	Trust Funds Portfolio Manager – Blue Economy (Bangkok)	UNDP Bangkok Regional Hub	added
https://www.unjobnet.org/jobs/detail/85457324	2026-05-23	UNjobnet	Energy Transition Specialist – Transition Finance Framework (Bangkok)	UNDP Thailand	added
https://www.unjobnet.org/jobs/detail/85674030	2026-05-23	UNjobnet	Energy Specialist (Bangkok)	UNDP	added
https://www.unjobnet.org/jobs/detail/83538868	2026-05-23	UNjobnet	Climate Action Portfolio Manager (Bangkok)	UNDP Thailand	added
https://www.unjobnet.org/jobs/detail/84642887	2026-05-23	UNjobnet	CCAC National Coordinator for Thailand (Bangkok)	UNEP	added
https://www.unjobnet.org/jobs/detail/85310215	2026-05-23	UNjobnet	Consultant – Building Readiness for Transition Finance Phase 1 (Bangkok)	GGGI Thailand	added
https://www.unjobnet.org/jobs/detail/85451062	2026-05-23	UNjobnet	Consultant – Building Readiness for Transition Finance (Bangkok)	GGGI Thailand	added
https://www.unjobnet.org/jobs/detail/83927874	2026-05-23	UNjobnet	FDI Expert – Green Investment and ASEAN Climate Finance (Bangkok)	UNDP Bangkok	added
https://www.unjobnet.org/jobs/detail/85806262	2026-05-23	UNjobnet	Training Officer (Biomass Energy) (Bangkok)	UNDP	added
https://www.unjobnet.org/jobs/detail/85782469	2026-05-23	UNjobnet	Disaster Risk Reduction Consultant (Bangkok)	UNESCAP	added
https://www.unjobnet.org/jobs/detail/85473726	2026-05-23	UNjobnet	PV System Management and Recycling Expert (Bangkok)	UNEP ROAP	added
https://www.impactpool.org/jobs/1199629	2026-05-23	Impactpool	CCAC National Coordinator for Thailand (Bangkok)	UNEP	added
https://careers.unops.org/careersmarketplace/JobDetail/Project-Management-Support-Officer/2783	2026-05-23	UNOPS Careers	Project Management Support Officer (Bangkok)	UNOPS APRO	added
https://www.thai-german-cooperation.info/wp-content/uploads/2026/05/Job-Announcement_CASE-Junior-Communication-Specialist_260508.pdf	2026-05-23	Thai-German Coop	Junior Communication Specialist – CASE Energy Cluster (Bangkok)	GIZ Thailand	added
https://untalent.org/jobs/research-analyst-raising-national-climate-ambition	2026-05-23	UNtalent	Research Analyst – Raising National Climate Ambition	WRI	added
https://untalent.org/jobs/research-analyst-industrial-innovation-and-carbon-removal	2026-05-23	UNtalent	Research Analyst – Industrial Innovation and Carbon Removal	WRI	added
https://untalent.org/jobs/climate-research-analyst	2026-05-23	UNtalent	Climate Research Analyst (Jakarta)	WRI Indonesia	added
https://untalent.org/jobs/sustainable-development-officer-18	2026-05-23	UNtalent	Sustainable Development Officer (Bangkok)	UNESCAP	added
https://untalent.org/jobs/sustainable-development-officer-37	2026-05-23	UNtalent	Sustainable Development Officer	UN DESA	added
https://www.seforall.org/jobs/investment-analyst-energy-transition	2026-05-23	SEforALL	Investment Analyst – Energy Transition	SEforALL	added
https://www.seforall.org/jobs/country-coordinator-analyst-energy-efficiency	2026-05-23	SEforALL	Country Coordinator (Analyst) – Energy Efficiency	SEforALL	added
https://www.impactpool.org/jobs/1187076	2026-05-23	Impactpool	Climate Finance and Investment Analyst	ICIMOD	added
https://www.impactpool.org/jobs/1200105	2026-05-23	Impactpool	Programme Management Senior Analyst	UNOPS Indonesia	added
https://www.devex.com/jobs/individual-consultant-sustainable-clean-energy-expert-1394002	2026-05-23	Devex	Individual Consultant – Sustainable/Clean Energy Expert	ADB	added
https://www.devex.com/jobs/energy-and-climate-individual-consultant-1387538	2026-05-23	Devex	Energy and Climate Individual Consultant	Devex	added
https://www.devex.com/jobs/programme-management-senior-analyst-1417192	2026-05-23	Devex	Programme Management Senior Analyst	UNOPS	added
https://www.devex.com/jobs/environmental-and-social-governance-esg-expert-1337173	2026-05-23	Devex	ESG Expert	Asia Foundation	added
https://newclimate.org/about-us/working-with-us/experienced-climate-policy-analyst-r-2405	2026-05-23	NewClimate Institute	Experienced Climate Policy Analyst	NewClimate Institute	added
https://newclimate.org/about-us/working-with-us/experienced-climate-policy-analyst-climate-responsibility-approaches-r	2026-05-23	NewClimate Institute	Experienced Climate Policy Analyst – Climate Responsibility Approaches	NewClimate Institute	added
https://www.climatepolicyinitiative.org/career/analyst-climate-energy-economist/	2026-05-23	CPI	Analyst – Climate and Energy Economist	Climate Policy Initiative	added
https://jobs.giz.de/index.php?ac=jobad&id=78252	2026-05-23	GIZ Jobs	International Services Division – Anglophone Africa	GIZ	skipped_title
https://th.jobsdb.com/ESG-jobs	2026-05-23	JobsDB Thailand	ESG Jobs listing page	JobsDB	skipped_title
https://www.glassdoor.com/Job/bangkok-sustainability-consultant-jobs-SRCH_IL.0,7_IM1119_KO8,33.htm	2026-05-23	Glassdoor	Search listing page – Sustainability Consultant Bangkok	Glassdoor	skipped_title
https://www.climatechangecareers.com/job/climant-impact/singapore-singapore/manager/	2026-05-23	ClimateChangeCareers	Manager – Climant Impact Singapore	Climant Impact	skipped_title
https://www.unjobnet.org/jobs/detail/85494558	2026-05-23	UNjobnet	PV System Management and Recycling Expert (Bangkok)	UNEP ROAP	skipped_dup
https://www.mycareersfuture.gov.sg/job/consulting/esg-intelligence-analyst-associate-eco-business-d5d27109f17a48bdfc7b8ce689360332	2026-05-23	MyCareersFuture	ESG Intelligence Analyst / Associate	Eco-Business	skipped_dup
https://unjobs.org/vacancies/1775252021936	2026-05-23	UNjobs	Programme Management Senior Officer (Bangkok)	UNOPS	skipped_dup
https://unjobs.org/vacancies/1776938608815	2026-05-23	UNjobs	Energy Finance Expert (Bangkok)	UNEP ROAP	skipped_dup
https://unjobs.org/vacancies/1775630012979	2026-05-23	UNjobs	PV System Management and Recycling Expert (Bangkok)	UNEP ROAP	skipped_dup
https://www.unjobnet.org/jobs/detail/55533297	2026-05-23	UNjobnet	Regional Climate Change Consultant (Bangkok)	UNESCAP	skipped_dup
https://careers.gggi.org/vacancy/thailand-consultant-for-green-finance-network-gfn-setup-100014324-599010.html	2026-05-23	GGGI Careers	Thailand: Consultant for GFN Setup (Bangkok)	GGGI Thailand	skipped_dup
https://www.impactpool.org/jobs/1181973	2026-05-23	Impactpool	Consultant for GFN Setup (Bangkok)	GGGI Thailand	skipped_dup
https://unjobs.org/vacancies/1763405251453	2026-05-23	UNjobs	Consultant for GFN (Bangkok)	GGGI Thailand	skipped_dup
https://unjobs.org/vacancies/1770190363610	2026-05-23	UNjobs	Renewable Energy Coaching Expert (Bangkok)	UNEP ROAP	skipped_dup
https://www.unjobnet.org/jobs/detail/83768421	2026-05-23	UNjobnet	Global Roster National Policy Consultants Climate Resilience	UNICEF	skipped_title
https://www.unjobnet.org/jobs/detail/82738784	2026-05-23	UNjobnet	Consultant – CLI and ESG Country Offices Support Asia Pacific	UNICEF EAPRO	skipped_dup
https://www.unjobnet.org/jobs/detail/85908617	2026-05-23	UNjobnet	Project Analyst on Climate Risk Issues (Tashkent)	UNDP	skipped_dup
https://unjobs.org/vacancies/1775489861939	2026-05-24	unjobs.org	Consultant – Mapping Community Climate Mobility	IOM Bangkok	added
https://untalent.org/jobs/consultant-nature-based-solutions-and-climate-mobility	2026-05-24	untalent.org	Consultant – Nature-Based Solutions and Climate Mobility	IOM Bangkok	added
https://unjobs.org/vacancies/1772436921936	2026-05-24	unjobs.org	Partnership Analyst – Biodiversity Finance (BIOFIN)	UNDP Bangkok	added
https://estm.fa.em2.oraclecloud.com/hcmUI/CandidateExperience/en/job/31219	2026-05-24	uncdf.org	Impact Measurement Verification and Learning Analyst	UNCDF Bangkok	added
https://reliefweb.int/job/4074119/climate-change-and-partnership-project-officer	2026-05-24	reliefweb.int	Climate Change and Partnership Project Officer	Save the Children Thailand	added
https://careers.gggi.org/vacancy/sustainable-finance-officer-asia-595479.html	2026-05-24	careers.gggi.org	Sustainable Finance Officer (Asia)	GGGI	added
https://careers.gggi.org/vacancy/senior-project-assistant-sustainable-infrastructure-finance-609792.html	2026-05-24	careers.gggi.org	Senior Project Assistant – Sustainable & Infrastructure Finance	GGGI	added
https://www.unjobnet.org/jobs/detail/82499011	2026-05-24	unjobnet.org	International Sustainability and Climate Resilience Consultant	UNDP	added
https://issgovernance.wd1.myworkdayjobs.com/en-US/ISScareers/job/ESG-Ratings-Analyst---Various-Sectors_JR_6204	2026-05-24	issgovernance.com	ESG Ratings Analyst – Various Sectors	ISS Stoxx	added
https://reliefweb.int/job/4163293/project-and-partnership-support-officer	2026-05-24	reliefweb.int	Project and Partnership Support Officer	ReliefWeb	added
https://th.jobsdb.com/ESG-jobs	2026-05-24	jobsdb.com	ESG Jobs listing page	JobsDB Thailand	skipped_title
https://th.jobsdb.com/jobs-in-consulting-strategy/environment-sustainability-consulting	2026-05-24	jobsdb.com	Environment & Sustainability Consulting Jobs listing	JobsDB Thailand	skipped_title
https://th.jobsdb.com/climate-change-jobs	2026-05-24	jobsdb.com	Climate Change Jobs listing	JobsDB Thailand	skipped_title
https://th.jobsdb.com/esg-consultant-jobs	2026-05-24	jobsdb.com	ESG Consultant Jobs listing	JobsDB Thailand	skipped_title
https://www.glassdoor.com/Job/bangkok-sustainability-jobs-SRCH_IL.0,7_IC3179725_KO8,22.htm	2026-05-24	glassdoor.com	Sustainability Jobs Bangkok listing	Glassdoor	skipped_title
https://unjobs.org/vacancies/1770622616535	2026-05-24	unjobs.org	Project Manager – SDG Localisation Bangkok	UNDP Bangkok	skipped_title
https://www.unjobnet.org/jobs/detail/85457219	2026-05-24	unjobnet.org	Consultant Mapping Climate Mobility Bangkok	IOM Bangkok	skipped_dup
https://www.impactpool.org/jobs/1206154	2026-05-24	impactpool.org	Consultant Mapping Climate Mobility Bangkok	IOM Bangkok	skipped_dup
https://www.unjobnet.org/jobs/detail/84202227	2026-05-24	unjobnet.org	Business Accelerator Initiatives Facilities Specialist – EmPower	UNEP Bangkok	skipped_title
https://www.irena.org/About/Employment/Vacancies-and-recruitment	2026-05-24	irena.org	IRENA Vacancies page	IRENA	skipped_title
https://jobs.consultant.greenclimate.fund/go/CURRENT-OPPORTUNITIES/2829801/	2026-05-24	greenclimate.fund	GCF Current Opportunities listing	GCF	skipped_title
https://newclimate.org/about-us/working-with-us	2026-05-24	newclimate.org	NewClimate Institute jobs listing	NewClimate Institute	skipped_title
https://www.aiib.org/en/opportunities/career/job-vacancies/graduate-program/job-details/investment-analyst-infrastructure60.html	2026-05-24	aiib.org	Investment Analyst – Infrastructure	AIIB	skipped_dup
https://www.aiib.org/en/opportunities/career/job-vacancies/staff/future-job-details/Environment-Associate-for-pooling-only.html	2026-05-24	aiib.org	Environment Associate (pooling only)	AIIB	skipped_title
https://unjobs.org/vacancies/1778832407684	2026-05-25	unjobs.org	Programme Support Contractor	ESCAP	added
https://unjobs.org/vacancies/1761384669525	2026-05-25	unjobs.org	Associate Programme Management Officer	UNEP Bangkok	added
https://www.unjobnet.org/jobs/detail/85831873	2026-05-25	unjobnet.org	National Energy Efficient Expert	UNEP Bangkok	added
https://www.unjobnet.org/jobs/detail/75624102	2026-05-25	unjobnet.org	National Climate Consultant	UNICEF Bangkok	added
https://www.impactpool.org/jobs/1073468	2026-05-25	impactpool.org	National Energy Efficiency and Low Carbon Building Consultant	GGGI Thailand	added
https://www.impactpool.org/jobs/865302	2026-05-25	impactpool.org	Regional Climate and DRR Advisor P4	WFP Bangkok	added
https://www.impactpool.org/jobs/1061077	2026-05-25	impactpool.org	Program Officer, Thailand	Tara Climate Foundation	added
https://untalent.org/jobs/regional-energy-specialist-asia-pacific-region	2026-05-25	untalent.org	Regional Energy Specialist – Asia/Pacific Region	UNDP Bangkok	added
https://jobs.unops.org/pages/viewvacancy/vadetails.aspx?id=25318	2026-05-25	jobs.unops.org	Climate Programme Officer	UNOPS	added
https://jobs.unops.org/pages/viewvacancy/VADetails.aspx?id=29772	2026-05-25	jobs.unops.org	Climate Specialist (CAP)	UNOPS	added
https://jobs.unops.org/Pages/ViewVacancy/VADetails.aspx?id=28293	2026-05-25	jobs.unops.org	NDC Partnership Climate Change Analyst (Retainer)	UNOPS	added
https://jobs.unops.org/pages/viewvacancy/VADetails.aspx?id=29159	2026-05-25	jobs.unops.org	Capacity Building Specialist – Environment and Climate Change (Retainer)	UNOPS	added
https://careers.unido.org/job/Vienna-Project-Coordinator/1352014555/	2026-05-25	careers.unido.org	Project Coordinator	UNIDO Vienna	added
https://careers.gggi.org/vacancy/senior-program-officer-circular-economy-waste-600434.html	2026-05-25	careers.gggi.org	Senior Program Officer – Circular Economy and Waste	GGGI	added
https://careers.gggi.org/vacancy/vietnam-senior-program-associate-595620.html	2026-05-25	careers.gggi.org	Senior Program Associate (Vietnam)	GGGI Vietnam	added
https://www.mycareersfuture.gov.sg/job/-sustainability-esg-project-analyst-ntt-data-singapore-68d2f71cfa00d0d3a15c6ed09261dbe4	2026-05-25	mycareersfuture.gov.sg	Sustainability / ESG Project Analyst	NTT Data Singapore	added
https://www.seforall.org/jobs/sustainable-cooling-analyst	2026-05-25	seforall.org	Sustainable Cooling Analyst	SEforALL	added
https://www.seforall.org/jobs/energy-planning-officer	2026-05-25	seforall.org	Energy Planning Officer	SEforALL	added
https://www.terra.do/climate-jobs/job-board/project-consultant-sustainability-energy-and-climate-change-8310639/	2026-05-25	terra.do	Project Consultant – Sustainability, Energy and Climate Change	WSP	added
https://www.terra.do/climate-jobs/job-board/Junior-Energy-Analyst-Asia-Pacific-Mainstream-Renewable-Power-8361608/	2026-05-25	terra.do	Junior Energy Analyst Asia Pacific	Mainstream Renewable Power	added
https://www.terra.do/climate-jobs/job-board/Associate--Consultant---ESG---Sustainability-EiSqr-Solutions-Pvt--Ltd--8181661/	2026-05-25	terra.do	Associate Consultant – ESG and Sustainability	EiSqr Solutions	added
https://newclimate.org/about-us/working-with-us/climate-policy-analyst-r-2404	2026-05-25	newclimate.org	Climate Policy Analyst (R-2404)	NewClimate Institute	added
https://newclimate.org/about-us/working-with-us/project-manager-climate-action-tracker-r-2501	2026-05-25	newclimate.org	Project Manager – Climate Action Tracker	NewClimate Institute	added
https://www.impactpool.org/jobs/895244	2026-05-25	impactpool.org	Climate Foresight and Scenarios Development Specialist	FAO	added
https://unjobs.org/vacancies/1761903085873	2026-05-25	unjobs.org	National Climate Analysis Expert	ESCAP Bangkok	skipped_dup
https://unjobs.org/vacancies/1776938592673	2026-05-25	unjobs.org	PV System Management and Recycling Expert	UNEP Bangkok	skipped_dup
https://unjobs.org/vacancies/1700681396916	2026-05-25	unjobs.org	Climate Change Specialist – Asia	IRC Bangkok	skipped_dup
https://careers.un.org/jobSearchDescription/275144	2026-05-26	careers.un.org	Junior International Consultant – EU ESG Regulations	UN / ESCAP	added
https://careers.un.org/jobSearchDescription/267070	2026-05-26	careers.un.org	Sustainable Finance Specialist	UN Careers	added
https://careers.un.org/jobSearchDescription/272914	2026-05-26	careers.un.org	Junior Consultant – Environmental Affairs	UN Careers	added
https://careers.un.org/jobSearchDescription/273549	2026-05-26	careers.un.org	Climate Change Mitigation and Emissions Analysis Consultant	UN Careers	added
https://careers.un.org/jobSearchDescription/276436	2026-05-26	careers.un.org	Senior Consultant for Carbon Markets and NbS	UN Careers	added
https://careers.un.org/jobSearchDescription/274487	2026-05-26	careers.un.org	Stakeholder Engagement and Data Collection (Energy/Climate)	UN Careers	added
https://www.thai-german-cooperation.info/en_US/project-coordinator-ccmb/	2026-05-26	thai-german-cooperation.info	Project Coordinator – CCMB	GIZ Thailand	added
https://careers.unido.org/job/Vienna-Investment-and-Finance-Specialist/1340458755/	2026-05-26	careers.unido.org	Investment and Finance Specialist	UNIDO	added
https://www.impactpool.org/jobs/1191413	2026-05-26	impactpool.org	Renewable Energy & Access to Finance Coaching Expert	UNEP Vietnam	added
https://www.impactpool.org/jobs/1143681	2026-05-26	impactpool.org	Climate Infrastructure Specialist – Asia and the Pacific	GCF	added
https://www.impactpool.org/jobs/1136686	2026-05-26	impactpool.org	Climate Change Adaptation Consultant and Team Leader (Fiji)	GGGI	added
https://www.sei.org/people/jobs/researcher-land-governance-indigenous-rights/	2026-05-26	sei.org	Researcher – Land Governance and Indigenous Rights	SEI Stockholm	added
https://www.sei.org/people/jobs/organizational-results-learning-impact/	2026-05-26	sei.org	Organizational Results, Learning and Impact	SEI	added
https://newclimate.org/about-us/working-with-us/senior-climate-policy-expert-r-2503	2026-05-26	newclimate.org	Senior Climate Policy Analyst (R-2503)	NewClimate Institute	added
https://www.climatechangecareers.com/job/intertek-sai-global/sydney-australia/senior-sustainability-consultant/	2026-05-26	climatechangecareers.com	Senior Sustainability Consultant	Intertek SAI Global	added
https://www.terra.do/climate-jobs/job-board/analystassociate-esg-8355401/	2026-05-26	terra.do	Analyst/Associate, ESG	Generate Capital	added
https://www.terra.do/climate-jobs/job-board/Deloitte-Consulting-LLP---Government---Public-Services---Analyst---Sustainability--Climate-and-Equity-Deloitte-8375508/	2026-05-26	terra.do	Analyst – Sustainability, Climate and Equity	Deloitte	added
https://www.terra.do/climate-jobs/job-board/analystassociate-esg-8169161/	2026-05-26	terra.do	Analyst/Associate, ESG	Oaktree	added
https://www.terra.do/climate-jobs/job-board/ESG-Climate-and-Decarbonization-Staff-Analyst-Qualcomm-8282401/	2026-05-26	terra.do	ESG Climate and Decarbonization Staff Analyst	Qualcomm	added
https://www.terra.do/climate-jobs/job-board/Consulting-Associate--Sustainability-Advisory--Entry-Level--Environmental-Resources-Management--Erm--8323764/	2026-05-26	terra.do	Consulting Associate, Sustainability Advisory (Entry Level)	ERM	added
https://www.terra.do/climate-jobs/job-board/ESG-Consultant-Timely-Recruit-Limited-8233549/	2026-05-26	terra.do	ESG Consultant	Timely Recruit	added
https://www.terra.do/climate-jobs/job-board/Clean-Energy-Financial-Analyst-Public-Sector-Consultants-8390021/	2026-05-26	terra.do	Clean Energy Financial Analyst	Public Sector Consultants	added
https://www.terra.do/climate-jobs/job-board/Consulting-Associate--Sustainability--Entry-Level-Environmental-Resources-Management--Erm--8233009/	2026-05-26	terra.do	Consulting Associate, Sustainability (Entry Level)	ERM	added
https://www.terra.do/climate-jobs/job-board/sr-analyst-social-impact-sustainability-reportingesg-8354309/	2026-05-26	terra.do	Sr. Analyst, Social Impact & Sustainability Reporting/ESG	Alcon	added
https://thaingo.org/jobs/detail/17760/63	2026-05-26	thaingo.org	GREEN INVESTMENT INTERN – GGGI Thailand	GGGI Thailand	skipped_title
https://www.seforall.org/jobs/senior-director-universal-energy-facility	2026-05-26	seforall.org	Senior Director, Universal Energy Facility	SEforALL	skipped_title
https://careers.unido.org/job/Vienna-Project-Administrator/1353143955/	2026-05-26	careers.unido.org	Project Administrator	UNIDO	skipped_title
https://www.unjobnet.org/jobs/detail/85887472	2026-05-26	unjobnet.org	Individual Contractor – Digital Economy Development	UNESCAP	skipped_title
https://www.climatechangecareers.com/job/nestle/bangkok-thailand/sustainability-manager/	2026-05-27	climatechangecareers.com	Sustainability Manager	Nestlé Bangkok	added
https://www.impactpool.org/jobs/1126880	2026-05-27	impactpool.org	National Climate Consultant	UNICEF Thailand	added
https://careers.gggi.org/vacancy/carbon-pricing-senior-associate-578693.html	2026-05-27	careers.gggi.org	Carbon Pricing Senior Associate	GGGI	added
https://www.impactpool.org/jobs/880398	2026-05-27	impactpool.org	Associate, Sustainable Energy Program	GGGI	added
https://www.impactpool.org/jobs/1107112	2026-05-27	impactpool.org	Green Finance Network Consultant (International) IKI-ALCBT	GGGI	added
https://jobs.unops.org/pages/viewvacancy/VADetails.aspx?id=29867	2026-05-27	jobs.unops.org	Technical Senior Analyst – Environmental (Clean Energy), Retainer	UNOPS	added
https://jobs.unops.org/pages/viewvacancy/VADetails.aspx?id=29254	2026-05-27	jobs.unops.org	Agriculture and Energy Data Analyst	UNOPS	added
https://www.climatepolicyinitiative.org/career/junior-analyst-climate-energy-and-islamic-finance/	2026-05-27	climatepolicyinitiative.org	Junior Analyst – Climate/Energy and Islamic Finance	CPI	added
https://www.climatepolicyinitiative.org/career/consultant-climate-and-nature-impact-assessment/	2026-05-27	climatepolicyinitiative.org	Consultancy – Climate and Nature Impact Assessment	CPI	added
https://climatepolicyinitiative.org/career/analystsf/	2026-05-27	climatepolicyinitiative.org	Analyst, Climate Finance	CPI	added
https://jobs.fao.org/careersection/fao_external/jobdetail.ftl?lang=en&job=2600368	2026-05-27	jobs.fao.org	Project Analyst and Reporting Specialist	FAO	added
https://jobs.ilo.org/job/Manila-National-Project-Coordinator/13496-en_GB/	2026-05-27	jobs.ilo.org	National Project Coordinator	ILO Manila	added
https://www.terra.do/climate-jobs/job-board/ESG-Analyst-Inspired-PLC-8380260/	2026-05-27	terra.do	ESG Analyst	Inspired PLC	added
https://www.terra.do/climate-jobs/job-board/Consulting-Associate---Sustainability-Strategy---Disclosure--Entry-level--Environmental-Resources-Management--Erm--8276927/	2026-05-27	terra.do	Consulting Associate – Sustainability Strategy & Disclosure (Entry Level)	ERM	added
https://www.terra.do/climate-jobs/job-board/senior-analyst-bcg-vantage-climate-and-sustainability-8349898/	2026-05-27	terra.do	Senior Analyst – BCG Vantage, Climate and Sustainability	BCG	added
https://unjobs.org/vacancies/1774037969427	2026-05-27	unjobs.org	Junior/Sr. Technical Consultant, Sustainability Services	Winrock International	added
https://careers.southpole.com/jobs/1526673-senior-climate-impact-specialist-digital-climate-solutions	2026-05-27	careers.southpole.com	Senior Climate Impact Specialist – Digital Climate Solutions	South Pole	added
https://careers.gggi.org/vacancy/climate-finance-senior-officer-584918.html	2026-05-27	careers.gggi.org	Climate Finance Senior Officer	GGGI	skipped_title
https://www.climatechangecareers.com/job/ey/sydney-australia/senior-consultant-climate-change-and-sustainability-services/	2026-05-27	climatechangecareers.com	Senior Consultant – Climate Change and Sustainability Services	EY Sydney	skipped_title
https://careers.southpole.com/jobs/5645759-junior-associate-environmentalist	2026-05-27	careers.southpole.com	Junior Associate, Environmentalist	South Pole	skipped_dup
https://unjobs.org/vacancies/1777117943204	2026-05-27	unjobs.org	Climate Senior Analyst (Infrastructure)	UNOPS Copenhagen	skipped_dup
https://unjobs.org/vacancies/1666286121525	2026-05-27	unjobs.org	Analyst, Corporate Climate Targets	South Pole	skipped_dup
https://www.unjobnet.org/jobs/detail/85823466	2026-05-28	unjobnet.org	Programme Specialist (Climate Finance) Re-Advertisement	UNICEF EAPRO Bangkok	added
https://www.thaingo.org/jobs/detail/19070/2	2026-05-28	thaingo.org	Consultant – ESG Performance Indicators for SME Suppliers Decarbonization	GIZ Thailand	added
https://reliefweb.int/job/3900508/climate-change-cc-adviser	2026-05-28	reliefweb.int	Climate Change (CC) Adviser	P4I Bangkok	added
https://www.impactpool.org/jobs/1159461	2026-05-28	impactpool.org	Energy Analyst – Desk Officer	IEA/OECD	added
https://oecd.impactpool.org/vacancies/1183747	2026-05-28	impactpool.org	Young Associate 2026-28	IEA	added
https://oecd.impactpool.org/vacancies/1187475	2026-05-28	impactpool.org	Energy and Environment Analyst	OECD	added
https://www.climatechangecareers.com/job/erm/seoul-south-korea/consulting-senior-associate-corporate-sustainability-climate-change/	2026-05-28	climatechangecareers.com	Consulting Senior Associate – Corporate Sustainability & Climate Change	ERM Seoul	added
https://www.climatechangecareers.com/job/erm/tokyo-japan/graduate-consultant-entry-level/	2026-05-28	climatechangecareers.com	Graduate Consultant (Entry Level)	ERM Tokyo	added
https://www.climatechangecareers.com/job/erm/osaka-japan/junior-mid-career-consultant-entry-level/	2026-05-28	climatechangecareers.com	Junior Mid-career Consultant (Entry Level)	ERM Osaka	added
https://www.terra.do/climate-jobs/job-board/Consulting-Associate--Climate-Change--Entry-Level--Environmental-Resources-Management--Erm--70350006/	2026-05-28	terra.do	Consulting Associate – Climate Change (Entry Level)	ERM	added
https://www.terra.do/climate-jobs/job-board/Sustainability-ESG-Consultant-Delta-Electronics-Southeast-Asia---Oceania-8317938/	2026-05-28	terra.do	Sustainability/ESG Consultant	Delta Electronics SEA	added
https://www.unjobnet.org/jobs/detail/85344694	2026-05-28	unjobnet.org	Sustainability Disclosures Consultant	IDB Invest	added
https://careers.gggi.org/vacancy/indonesia-investment-officer-climate-innovation-and-entrepreneurship-600967.html	2026-05-28	careers.gggi.org	Investment Officer – Climate Innovation and Entrepreneurship	GGGI Indonesia	added
https://www.unjobnet.org/jobs/detail/7209148	2026-05-28	unjobnet.org	Junior Analyst Consultant – Energy and Climate Change	UNDP New York	added
https://www.unjobnet.org/jobs/detail/86392899	2026-05-28	unjobnet.org	Low-carbon Housing Expert	UNEP	added
https://www.impactpool.org/jobs/1184777	2026-05-28	impactpool.org	PEC Consultant – National Climate Change Policy	IDB Bahamas	skipped_title
https://www.impactpool.org/jobs/1180852	2026-05-28	impactpool.org	Energy and Climate Individual Consultant (Mexico)	GGGI Mexico	skipped_dup
https://careers.unido.org/job/Vienna-Programme-Expert/1331085355/	2026-05-28	careers.unido.org	Programme Expert	UNIDO Vienna	skipped_title
https://careers.unido.org/job/Cairo-National-Project-Associate/1341361055/	2026-05-28	careers.unido.org	National Project Associate (Cairo)	UNIDO Cairo	skipped_title
https://www.climatechangecareers.com/job/un-environment-programme/bangkok-thailand/social-enterprise-and-gender-inclusion-consultant/	2026-05-28	climatechangecareers.com	Social Enterprise and Gender Inclusion Consultant	UNEP Bangkok	skipped_title
https://www.unjobnet.org/jobs/detail/85457141	2026-05-28	unjobnet.org	Climate Change Energy and Environment Officer (Pakistan)	UNICEF Pakistan	skipped_title
https://www.unjobnet.org/jobs/detail/84911911	2026-05-31	unjobnet.org	Field Project Associate – Thailand Country Programme	IUCN	added
https://www.impactpool.org/jobs/862052	2026-05-31	impactpool.org	Sustainability and Impact Consultant – EpiC Thailand	FHI 360	added
https://www.devex.com/jobs/climate-and-energy-attache-1180086	2026-05-31	devex.com	Climate and Energy Attaché	British Embassy Bangkok	added
https://www.thaingo.org/jobs/detail/17805/55	2026-05-31	thaingo.org	Program Officer Thailand and Mekong (energy transition)	Various	added
https://reliefweb.int/job/3960220/resilient-agriculture-specialist	2026-05-31	reliefweb.int	Resilient Agriculture Specialist	CARE for South Asia	added
https://jobs.unops.org/pages/viewvacancy/VADetails.aspx?id=29434	2026-05-31	unops.org	Technical Senior Officer – Environmental (Energy Policy)	UNOPS	added
https://jobs.unops.org/Pages/ViewVacancy/VADetails.aspx?id=30755	2026-05-31	unops.org	Technical Senior Analyst – Environmental (Energy Transition Planning)	UNOPS	added
https://jobs.unops.org/pages/viewvacancy/VADetails.aspx?id=27983	2026-05-31	unops.org	NDC Partnership Climate Change Analyst	UNOPS	added
https://jobs.unops.org/pages/viewvacancy/VADetails.aspx?id=28867	2026-05-31	unops.org	Senior Energy Analyst – Renewable Energy	UNOPS	added
https://careers.gggi.org/vacancy/carbon-pricing-senior-officer-578695.html	2026-05-31	gggi.org	Carbon Pricing Senior Officer	GGGI Jordan	added
https://careers.gggi.org/vacancy/senior-program-officer-ghg-management-air-quality-and-climate-economics-602632.html	2026-05-31	gggi.org	Senior Program Officer – GHG Management Air Quality and Climate Economics	GGGI UAE	added
https://www.sei.org/people/jobs/energy-environment-researcher/	2026-05-31	sei.org	Energy and Environment Researcher	SEI US	added
https://www.sei.org/people/jobs/climate-energy-modelling-expert/	2026-05-31	sei.org	Climate and Energy Modelling Expert	SEI	added
https://www.terra.do/climate-jobs/job-board/sustainability-analytics-consultant-energy-esg-8393707/	2026-05-31	terra.do	Sustainability Analytics Consultant Energy & ESG	Guidehouse	added
https://www.climatechangecareers.com/job/erm/shanghai-china/consulting-associate-senior-associate-corporate-sustainability-climate-change/	2026-05-31	climatechangecareers.com	Consulting Associate – Corporate Sustainability & Climate Change	ERM Shanghai	added
https://www.terra.do/climate-jobs/job-board/analyst-building-performance-decarbonization-8229181/	2026-05-31	terra.do	Analyst Building Performance & Decarbonization	USGBC	added
https://www.climatepolicyinitiative.org/career/junior-analyst-south-africa/	2026-05-31	climatepolicyinitiative.org	Junior Analyst – Climate Finance	CPI South Africa	added
https://reliefweb.int/job/3872314/senior-consultant-climate-change-policy-analysis	2026-05-31	reliefweb.int	Senior Consultant for Climate Change Policy Analysis	Various	added
https://www.developmentaid.org/jobs/view/1513479/esg-associate	2026-05-31	developmentaid.org	ESG Associate	Various	added
https://careers.un.org/jobSearchDescription/257545	2026-05-31	careers.un.org	Climate Change Specialist Consultant	UN Careers	added
https://careers.un.org/jobSearchDescription/252728	2026-05-31	careers.un.org	Environmental Sustainability Specialist	UN Careers	added
https://www.unjobnet.org/jobs/detail/82570191	2026-05-31	unjobnet.org	Low Carbon Building Specialist Thailand	GGGI Thailand	skipped_dup
https://www.unjobnet.org/jobs/detail/82570192	2026-05-31	unjobnet.org	GFN Programme Associate Thailand	GGGI Thailand	skipped_dup
https://unjobs.org/vacancies/1772119523279	2026-05-31	unjobs.org	Programme Analyst Nature and Climate	UNDP	skipped_dup
https://unjobs.org/vacancies/1776675465932	2026-05-31	unjobs.org	Project Analyst Climate Change	UNDP Tashkent	skipped_dup
https://www.climatechangecareers.com/job/inspired-group/united-kingdom/esg-analyst/	2026-05-31	climatechangecareers.com	ESG Analyst	Inspired Group	skipped_dup
https://untalent.org/jobs/carbon-markets-analyst-1	2026-05-31	untalent.org	Carbon Markets Analyst	Various	skipped_dup
https://www.unjobnet.org/jobs/detail/81914505	2026-05-31	unjobnet.org	Intern UNESCAP	UNESCAP	skipped_title
https://www.impactpool.org/jobs/1073060	2026-05-31	impactpool.org	National Public Outreach Officer	GGGI	skipped_title
https://www.climatepolicyinitiative.org/career/senior-manager-data/	2026-05-31	climatepolicyinitiative.org	Senior Manager Data	CPI	skipped_title
https://www.climatepolicyinitiative.org/career/intern-ccfla/	2026-05-31	climatepolicyinitiative.org	Intern CCFLA	CPI	skipped_title
https://www.climatepolicyinitiative.org/career/spring-2026-intern/	2026-05-31	climatepolicyinitiative.org	Spring 2026 Intern	CPI	skipped_title
https://www.thaingo.org/jobs/detail/14630	2026-05-31	thaingo.org	Senior Advisor	GIZ Thailand	skipped_title
https://www.thaingo.org/jobs/detail/13951	2026-05-31	thaingo.org	National Expert	Various	skipped_title
https://reliefweb.int/job/4010181	2026-05-31	reliefweb.int	Project Manager	Various	skipped_title
https://untalent.org/jobs/investment-officer-sustainable-investing	2026-05-31	untalent.org	Investment Officer Sustainable Investing	Various	skipped_title
https://careers.un.org/jobSearchDescription/270128	2026-05-31	careers.un.org	Expired Listing	UN Careers	skipped_title
https://unjobs.org/vacancies/1674676047784	2026-06-03	unjobs.org	Cities and Climate Change Technical Advisor	UNESCAP Bangkok	added
https://reliefweb.int/job/4010286/technical-experts-rdma-partnerships-asia-green-investment-activity	2026-06-03	reliefweb.int	Technical Experts – Partnerships for Asia Green Investment Activity	USAID RDMA Bangkok	added
https://reliefweb.int/job/3937595/spark-fund-thailand-specialist	2026-06-03	reliefweb.int	Spark Fund – Thailand Specialist	Spark Fund Bangkok	added
https://erm.wd3.myworkdayjobs.com/ERM_EarlyCareers/job/Bangkok-Thailand/Consulting-Senior-Associate--Climate-_R00026725-2	2026-06-03	erm.com	Consulting Senior Associate – Climate	ERM Bangkok	added
https://careers.moodys.com/job/18835919/associate-analyst-sustainable-finance-singapore-sg/	2026-06-03	moodys.com	Associate Analyst – Sustainable Finance	Moody's Singapore	added
https://oecd.impactpool.org/vacancies/1199180	2026-06-03	impactpool.org	Renewable Energy Analyst	IEA/OECD	added
https://www.ramboll.com/careers/9aa2f088-e96f-4ac7-10c8-08de37875cb1	2026-06-03	ramboll.com	Senior Environmental Consultant	Ramboll KL	added
https://www.ramboll.com/careers/da59b9b7-e466-4ad8-fc6c-08dba86f756b	2026-06-03	ramboll.com	Lead Consultant/Manager – ESG Due Diligence and Sustainable Finance	Ramboll Asia	added
https://www.ramboll.com/careers/52b0d84b-a467-4a8c-ea0d-08dd97595629	2026-06-03	ramboll.com	Consultant – Sustainable Finance	Ramboll Asia	added
https://www.ramboll.com/careers/8e766b88-1364-4da7-decd-08dd230b4ae1	2026-06-03	ramboll.com	Climate Risk and Strategy Consultant	Ramboll Asia	added
https://jobs.unops.org/Pages/ViewVacancy/VADetails.aspx?id=27840	2026-06-03	jobs.unops.org	Project Officer – Climate Transparency	UNOPS	added
https://careers.unido.org/job/Vienna-Project-Associate/1353344655/	2026-06-03	careers.unido.org	Project Associate	UNIDO Vienna	added
https://careers.unido.org/job/Vienna-Industrial-Development-Officer/1352426455/	2026-06-03	careers.unido.org	Industrial Development Officer	UNIDO Vienna	added
https://careers.gggi.org/vacancy/international-energy-sector-mrv-consultant-608230.html	2026-06-03	careers.gggi.org	International Energy Sector MRV Consultant	GGGI	added
https://careers.gggi.org/vacancy/energy-program-officer-586444.html	2026-06-03	careers.gggi.org	Energy Program Officer	GGGI Philippines	added
https://careers.gggi.org/vacancy/junior-consultant-africa-regional-office-aro-604169.html	2026-06-03	careers.gggi.org	Junior Consultant – Africa Regional Office	GGGI Africa	added
https://www.terra.do/climate-jobs/job-board/esg-climate-analyst-datadriven-global-impact-8386015/	2026-06-03	terra.do	ESG & Climate Analyst – Data-Driven & Global Impact	Nasdaq	added
https://www.terra.do/climate-jobs/job-board/esg-reporting-data-analyst-8335472/	2026-06-03	terra.do	ESG Reporting Data Analyst	ING	added
https://www.terra.do/climate-jobs/job-board/Climate-Strategy-Consultant--Global-Business-Solutions-3Degrees-8391091/	2026-06-03	terra.do	Climate Strategy Consultant – Global Business Solutions	3Degrees	added
https://www.climatechangecareers.com/job/iopa-solutions/remote/carbon-market-specialist/	2026-06-03	climatechangecareers.com	Carbon Market Specialist	IOPA Solutions	added
https://www.climatechangecareers.com/job/decoding-impact/bengaluru-india/associate-consultant-climate/	2026-06-03	climatechangecareers.com	Associate Consultant – Climate	Decoding Impact	added
https://www.climatechangecareers.com/job/greenpeace-south-asia/colombo-srilanka/climate-researcher/	2026-06-03	climatechangecareers.com	Climate Researcher	Greenpeace South Asia	added
https://www.wri.org/careers/jobs/climate-associate-2026-jr100253	2026-06-03	wri.org	Climate Associate	WRI South Africa	added
https://hrms.iucn.org/vacancy/7313	2026-06-03	iucn.org	Programme Associate – Climate Change	IUCN	added
https://careers.gggi.org/vacancy/ic-financial-expert-consultant-606118.html	2026-06-03	careers.gggi.org	IC Financial Expert Consultant	GGGI	skipped_title
https://www.climatechangecareers.com/job/erm/singapore-singapore/consulting-senior-associate-liability-portfolio-management/	2026-06-03	climatechangecareers.com	Consulting Senior Associate – Liability Portfolio Management	ERM Singapore	skipped_title
https://unjobs.org/vacancies/1776808327928	2026-06-03	unjobs.org	Urban Data and AI Specialist (Green Transition)	UNDP Bangkok	skipped_title
https://www.terra.do/climate-jobs/job-board/Consultant---Sustainability---ESG--Remote--15--20k-AED-PM-Emagine-Solutions-FZE-8300463/	2026-06-03	terra.do	Consultant – Sustainability & ESG (Remote UAE)	Emagine Solutions	skipped_title
https://carbon-pulse.com/509558/	2026-06-03	carbon-pulse.com	Senior Associate – The Ad Hoc Group	Ad Hoc Group	skipped_title
https://th.jobsdb.com/ESG-jobs	2026-06-03	jobsdb.com	ESG Jobs listing page	JobsDB Thailand	skipped_title
https://th.jobsdb.com/climate-change-jobs	2026-06-03	jobsdb.com	Climate Change Jobs listing	JobsDB Thailand	skipped_title
https://www.glassdoor.com/Job/bangkok-sustainability-consultant-jobs-SRCH_IL.0,7_IM1119_KO8,33.htm	2026-06-03	glassdoor.com	Bangkok Sustainability Consultant Jobs listing	Glassdoor	skipped_title
https://sg.linkedin.com/jobs/sustainability-analyst-jobs	2026-06-03	linkedin.com	Sustainability Analyst Jobs Singapore listing	LinkedIn	skipped_title
https://unjobs.org/organizations/escap	2026-06-03	unjobs.org	ESCAP vacancies listing page	ESCAP	skipped_title
https://untalent.org/jobs/national-consultant-environment-and-climate-action-unicef-thailand-bangkok	2026-06-05	untalent.org	National Consultant – Environment and Climate Action	UNICEF Thailand	added
https://unjobs.org/vacancies/1766043083685	2026-06-05	unjobs.org	Consultant – Data Analysis in Disaster Risk Reduction	UNESCAP Bangkok	added
https://unjobs.org/vacancies/1776938744855	2026-06-05	unjobs.org	Disaster Risk Reduction Consultant	UNESCAP Bangkok	added
https://www.mycareersfuture.gov.sg/job/climate-change-sustainability-services-associate-assurance-singapore-ernst-young-02d6fc44e144cda71a6c2f6a4ae3f04d	2026-06-05	mycareersfuture.gov.sg	Climate Change and Sustainability Services, Associate	EY Singapore	added
https://www.mycareersfuture.gov.sg/job/senior-associate-climate-change-sustainability-assurance-singapore-ernst-young-abbefb868b2164ddc53df56cabfe486d	2026-06-05	mycareersfuture.gov.sg	Senior Associate, Climate Change and Sustainability Assurance	EY Singapore	added
https://www.mycareersfuture.gov.sg/job/sustainability-analyst-bnp-paribas-62058ff09a6981c8ed90a9c65b5ce332	2026-06-05	mycareersfuture.gov.sg	Sustainability Analyst	BNP Paribas Singapore	added
https://careers.gggi.org/vacancy/monitoring-evaluation-and-learning-mel-consultant-597027.html	2026-06-05	careers.gggi.org	Monitoring, Evaluation and Learning (MEL) Consultant	GGGI	added
https://careers.un.org/jobSearchDescription/275973	2026-06-05	careers.un.org	Consultant Specialist in Climate Finance	UN Careers	added
https://www.unjobnet.org/jobs/detail/84797759	2026-06-05	unjobnet.org	ESG Reporting Specialist / Senior Specialist	IDB	added
https://www.ramboll.com/careers/8586c0c1-978f-499e-4925-08dd1da336b9	2026-06-05	ramboll.com	Associate Decarbonization/Sustainability Consultant	Ramboll	added
https://www.ramboll.com/careers/89ce23e1-63c0-4993-0537-08de8bce9ba0	2026-06-05	ramboll.com	Associate Consultant (Sustainability)	Ramboll	added
https://www.unjobnet.org/jobs/detail/84639712	2026-06-05	unjobnet.org	Sustainability Lead	ESA	added
https://jobs.unops.org/Pages/ViewVacancy/VADetails.aspx?id=28239	2026-06-05	jobs.unops.org	Technical Senior Analyst – Environmental (Renewable Energy), Retainer	UNOPS	skipped_title
https://th.jobsdb.com/Sustainability-jobs	2026-06-05	jobsdb.com	Sustainability Jobs listing Thailand	JobsDB Thailand	skipped_title
https://th.jobsdb.com/ESG-jobs	2026-06-05	jobsdb.com	ESG Jobs listing Thailand	JobsDB Thailand	skipped_dup
https://www.glassdoor.com/Job/thailand-sustainability-jobs-SRCH_IL.0,8_IN229_KO9,23.htm	2026-06-05	glassdoor.com	Sustainability Jobs Thailand listing	Glassdoor	skipped_title
https://sg.linkedin.com/jobs/esg-jobs	2026-06-05	linkedin.com	ESG Jobs Singapore listing	LinkedIn	skipped_title
https://sg.linkedin.com/jobs/environmental-sustainability-jobs	2026-06-05	linkedin.com	Environmental Sustainability Jobs Singapore listing	LinkedIn	skipped_title
https://www.mycareersfuture.gov.sg/job/environment	2026-06-05	mycareersfuture.gov.sg	Environment Jobs listing Singapore	MyCareersFuture	skipped_title
https://unjobs.org/duty_stations/bkk	2026-06-05	unjobs.org	Vacancies in Bangkok listing	UNjobs	skipped_title
https://unjobs.org/offices/unops_bkk	2026-06-05	unjobs.org	UNOPS Bangkok vacancies listing	UNjobs	skipped_title
https://careers.gggi.org/vacancies.html	2026-06-05	careers.gggi.org	GGGI Current Vacancies listing	GGGI	skipped_title
https://careers.gggi.org/vacancy/climate-change-information-systems-senior-associate-576835.html	2026-06-05	careers.gggi.org	Climate Change Information Systems Senior Associate	GGGI El Salvador	skipped_dup
https://careers.unido.org/job/Vienna-External-Relations-Officer/1353173555/	2026-06-05	careers.unido.org	External Relations Officer	UNIDO Vienna	skipped_title
https://untalent.org/jobs/regional-energy-advisor-for-asia-pacific-ipsa-12	2026-06-05	untalent.org	Regional Energy Advisor for Asia/Pacific IPSA-12	UNDP Bangkok	skipped_title
https://www.seforall.org/who-we-are/work-with-us/careers	2026-06-05	seforall.org	SEforALL Careers listing	SEforALL	skipped_title
https://www.wri.org/careers/jobs/strategic-research-and-communications-consultant-2026-jr100176	2026-06-05	wri.org	Strategic Research and Communications Consultant	WRI Indonesia	skipped_title
https://careers.southpole.com/jobs/5526878-junior-associate-associate-specialist	2026-06-05	careers.southpole.com	Junior Associate / Associate Specialist	South Pole	skipped_dup
https://careers.southpole.com/jobs/2977168-junior-associate-consultant-corporate-climate-targets	2026-06-05	careers.southpole.com	Junior Associate Consultant – Corporate Climate Targets	South Pole	skipped_dup
https://careers.southpole.com/jobs/950499-consultant-climate-strategies	2026-06-05	careers.southpole.com	Consultant – Climate Strategies	South Pole	skipped_dup
https://www.ramboll.com/careers/d1c90464-6218-4473-051a-08de8bce9ba0	2026-06-05	ramboll.com	Managing Principal SE Asia	Ramboll	skipped_title
https://unjobs.org/vacancies/1686065708633	2026-06-05	unjobs.org	Regional Associate Director NbS SEA Bangkok	South Pole	skipped_title
https://www.unjobnet.org/jobs/detail/84621152	2026-06-06	unjobnet.org	Expert – Climate Change Mitigation (Energy and Buildings)	UNEP	added
https://www.unjobnet.org/jobs/detail/80987257	2026-06-06	unjobnet.org	Energy Efficiency Policy Analysts	OECD	added
https://www.unjobnet.org/jobs/detail/77321578	2026-06-06	unjobnet.org	Junior Policy Analyst – Green Finance and Investment	OECD	added
https://www.unjobnet.org/jobs/detail/77504476	2026-06-06	unjobnet.org	Analyst, Environmental & Social IPAM Compliance	EBRD	added
https://careers.un.org/jobSearchDescription/277456	2026-06-06	careers.un.org	Climate Services Financing Framework and Business Model Consultant	UN Careers	added
https://jobs.unops.org/pages/viewvacancy/VADetails.aspx?id=30580	2026-06-06	jobs.unops.org	Senior Officer, Energy Intelligence (Vienna)	UNOPS/SEforALL	added
https://www.unjobnet.org/jobs/detail/85227124	2026-06-06	unjobnet.org	Project Associate ISA-P1 (Vienna)	UNIDO	added
https://unjobs.org/vacancies/1774555363901	2026-06-06	unjobs.org	Project Associate (Vienna)	UNIDO	added
https://www.impactpool.org/jobs/1112433	2026-06-06	impactpool.org	NDC Partnership Climate Change Analyst (Kyrgyz Republic, Retainer)	UNOPS/NDC Partnership	added
https://www.devex.com/jobs/project-consultant-ndc-partnership-homebased-retainer-1405755	2026-06-06	devex.com	Project Consultant – NDC Partnership (Homebased Retainer)	NDC Partnership	added
https://untalent.org/jobs/ndc-consultant-1	2026-06-06	untalent.org	NDC Consultant	UNEP	added
https://www.impactpool.org/jobs/843573	2026-06-06	impactpool.org	Regional Analyst – Asia Pacific Regional Desk (Maternity Leave Cover)	GCF	added
https://www.impactpool.org/jobs/678719	2026-06-06	impactpool.org	Individual Consultant – Sustainable Finance Analyst	UNDP	added
https://www.impactpool.org/jobs/1202896	2026-06-06	impactpool.org	Energy Specialist	World Bank	added
https://untalent.org/jobs/energy-specialist-6	2026-06-06	untalent.org	Energy Specialist	World Bank	added
https://untalent.org/jobs/procurement-analyst-environment-and-social-governance	2026-06-06	untalent.org	Procurement Analyst (Environment and Social Governance)	World Bank	added
https://www.unjobnet.org/jobs/detail/82783260	2026-06-06	unjobnet.org	Young Associate – International Energy Agency – Energy Modelling Office	OECD/IEA	added
https://www.unjobnet.org/jobs/detail/68072333	2026-06-06	unjobnet.org	Climate Policy and Carbon Market Associate	EBRD	added
https://jobs.unops.org/Pages/ViewVacancy/VADetails.aspx?id=20923	2026-06-06	jobs.unops.org	Programme Specialist – Climate Change & SDG Climate Facility	UNOPS	added
https://jobs.unops.org/Pages/ViewVacancy/VADetails.aspx?id=24141	2026-06-06	jobs.unops.org	Programme Specialist – Climate Change (Retainer)	UNOPS	added
https://jobs.unops.org/pages/viewvacancy/VADetails.aspx?id=21428	2026-06-06	jobs.unops.org	Senior Programme Officer (Analyst)	UNOPS	added
https://unjobs.org/vacancies/1776938345191	2026-06-06	unjobs.org	Climate Senior Analyst (Infrastructure, Copenhagen)	UNOPS	added
https://www.adb.org/adbi/about/opportunities/research-associates-january-2026	2026-06-06	adb.org	Research Associates (Tokyo, January 2026 cohort)	ADBI	added
https://careers.southpole.com/jobs/5772205-specialist-carbon-portfolio-offering	2026-06-06	careers.southpole.com	Specialist, Carbon Portfolio Offering	South Pole	added
https://www.terra.do/climate-jobs/job-board/ESG---Sustainability-Consultant-The-Sustainability-Cloud-8262574/	2026-06-06	terra.do	ESG & Sustainability Consultant	The Sustainability Cloud	added
https://www.terra.do/climate-jobs/job-board/senior-sustainability-analyst-8362475/	2026-06-06	terra.do	Senior Sustainability Analyst	HDR	added
https://www.ramboll.com/careers/2dd65898-02df-4162-915a-08de5a4d2b12	2026-06-06	ramboll.com	Environmental Impact Assessment (EIA) Consultant	Ramboll	added
https://www.climatepolicyinitiative.org/career/analyst-green-sustainable-finance/	2026-06-06	climatepolicyinitiative.org	Analyst – Green & Sustainable Finance	CPI	added
https://www.bsr.org/en/careers/job-openings/esg-communications-and-reporting-associate	2026-06-06	bsr.org	ESG Communications and Reporting Associate	BSR	added
https://www.bsr.org/en/careers/job-openings/specialist-sustainability-procurement	2026-06-06	bsr.org	Specialist, Sustainability Procurement	BSR	added
https://ausconnect.dfat.gov.au/opportunities/renew-pacific-climate-and-development-consultant	2026-06-06	ausconnect.dfat.gov.au	Climate and Development Consultant – REnew Pacific	DFAT	added
https://www.terra.do/climate-jobs/job-board/associate-climate-sustainability-italy-8318728/	2026-06-06	terra.do	Associate – Climate & Sustainability (Italy)	BCG	added
https://www.terra.do/climate-jobs/job-board/Renewable-Energy-Policy-Advocate--Analyst-to-Associate-level----REMOTE-Thinkbac-Consulting-8259194/	2026-06-06	terra.do	Renewable Energy Policy Advocate (Remote)	ThinkBAC Consulting	added
https://www.terra.do/climate-jobs/job-board/Knowledge-Analyst---Energy-Solutions-McKinsey---Company-8346163/	2026-06-06	terra.do	Knowledge Analyst – Energy Solutions	McKinsey	added
https://www.terra.do/climate-jobs/job-board/analyst-building-decarbonization-8235913/	2026-06-06	terra.do	Analyst, Building & Decarbonization	USGBC	added
https://www.terra.do/climate-jobs/job-board/senior-analyst-bcg-vantage-climate-and-sustainability-8350338/	2026-06-06	terra.do	Senior Analyst – BCG Vantage, Climate and Sustainability	BCG	added
https://www.terra.do/climate-jobs/job-board/Consulting-Associate--Sustainability--Entry-Level--Environmental-Resources-Management--Erm--8202021/	2026-06-06	terra.do	Consulting Associate – Sustainability (Entry Level)	ERM	added
https://www.climatechangecareers.com/job/ey/singapore-singapore/senior-associate-manager-climate-change-and-sustainability-services-assurance/	2026-06-06	climatechangecareers.com	Senior Associate / Manager – Climate Change and Sustainability Services, Assurance	EY Singapore	added
https://www.impactpool.org/jobs/1155930	2026-06-06	impactpool.org	Senior Program Associate	GGGI	added
https://reliefweb.int/job/4118020/call-consultant-roster	2026-06-06	reliefweb.int	Call for Consultant Roster – Climate, ESG, Carbon, DRR Specialists	Various (Bangladesh)	added
https://reliefweb.int/job/3801829/regional-program-officer-climate-change-and-human-rights	2026-06-06	reliefweb.int	Regional Program Officer – Climate Change and Human Rights	Various	added
https://reliefweb.int/job/3991546/services-consultant-study-gendered-dimensions-loss-and-damage-climate-change-asia	2026-06-06	reliefweb.int	Consultant – Gendered Dimensions of Loss and Damage (Asia)	Various	added
https://reliefweb.int/job/3998842/climate-resilience-national-training-officer-pakistan	2026-06-06	reliefweb.int	Climate Resilience National Training Officer (Pakistan)	ADPC	added
https://www.thaingo.org/jobs/detail/14936	2026-06-08	ThaiNGO	Climate Change and Green Jobs Technical Advisor (Bangkok)	ThaiNGO	added
https://careers.gggi.org/vacancy/carbon-pricing-readiness-service-delivery-junior-consultant-580316.html	2026-06-08	GGGI	Carbon Pricing Readiness Service Delivery Junior Consultant	GGGI	added
https://untalent.org/jobs/ccac-junior-programme-manager-1	2026-06-08	untalent.org	CCAC Junior Programme Manager	UNEP	added
https://untalent.org/jobs/energy-climate-senior-advisor	2026-06-08	untalent.org	Energy & Climate Senior Advisor	UNOPS	added
https://www.aiib.org/en/opportunities/career/job-vacancies/graduate-program/job-details/investment-analyst-energy58.html	2026-06-08	AIIB	Investment Analyst – Energy (new cohort)	AIIB	added
https://www.aiib.org/en/opportunities/career/job-vacancies/staff/job-details/Environment-Associate.html	2026-06-08	AIIB	Environment Associate (Staff)	AIIB	added
https://unjobs.org/vacancies/1777417015603	2026-06-08	unjobs.org	Financing Expert (Consultant) (Manila)	Clean Air Asia	added
https://www.climatechangecareers.com/job/pwc-singapore/singapore-singapore/risk-services-environmental-social-governance-associate-esg-assurance-2026-intake/	2026-06-08	climatechangecareers.com	Risk Services – ESG Associate (ESG Assurance) – 2026 Intake	PwC Singapore	added
https://www.terra.do/climate-jobs/job-board/Associate-Analyst---Asian-Infrastructure-Investment-Bank-Jobs-Via-Efinancialcareers-8290036/	2026-06-08	terra.do	Associate Analyst (via eFinancialCareers)	AIIB	added
https://www.terra.do/climate-jobs/job-board/ESG-Sustainability-Associate-Iix-Global-8303865/	2026-06-08	terra.do	ESG/Sustainability Associate	IIX Global	added
https://www.terra.do/climate-jobs/job-board/Analyst--Center-for-Sustainable-Finance-Beijing-Climate-Policy-Initiative-8196207/	2026-06-08	terra.do	Analyst – Center for Sustainable Finance	CPI Beijing	added
https://www.terra.do/climate-jobs/job-board/Graduate---Consultant--Sustainability--Climate-Change---Risk--Decarbonisation--Aurecon-Australasia-Pty-Ltd-8125041/	2026-06-08	terra.do	Graduate – Consultant, Sustainability, Climate Change & Risk (Decarbonisation)	Aurecon	added
https://www.terra.do/climate-jobs/job-board/ESG-Reporting-Manager---Sustainability---APAC-Dp-World-8311676/	2026-06-08	terra.do	ESG Reporting Manager – Sustainability – APAC	DP World	skipped_title
https://careers.unido.org/job/Vienna-Monitoring-and-Evaluation-Specialist/1349795655/	2026-06-08	UNIDO	Monitoring and Evaluation Specialist	UNIDO	skipped_title
https://careers.unido.org/job/Belize-National-Project-Coordinator/1347578655/	2026-06-08	UNIDO	National Project Coordinator (Belize)	UNIDO	skipped_title
https://untalent.org/jobs/individual-consultant-climate-change-consultant	2026-06-08	untalent.org	Individual Consultant – Climate Change Consultant	UNDP	skipped_title
https://www.mycareersfuture.gov.sg/job/banking-finance/sustainability-esg-consultant-sgs-international-certification-services-singapore-6d220126d624c09bc5e9e318f86f5d47	2026-06-08	mycareersfuture.gov.sg	Sustainability & ESG Consultant	SGS Singapore	skipped_dup
https://www.unjobnet.org/jobs/detail/86072655	2026-06-09	unjobnet.org	Programme Management Associate	UNEP	added
https://unjobs.org/vacancies/1775844180913	2026-06-09	unjobs.org	Project Officer (Thailand)	RECOFTC	added
https://www.terra.do/climate-jobs/job-board/Sustainability-ESG-Consultant-Rs-H-8253557/	2026-06-09	terra.do	Sustainability/ESG Consultant	RS&H	added
https://www.terra.do/climate-jobs/job-board/ESG-Analyst-Beacon-Hill-Staffing-Group-8298966/	2026-06-09	terra.do	ESG Analyst	Beacon Hill	added
https://www.terra.do/climate-jobs/job-board/energy-markets-and-sustainability-analyst-coop-8298158/	2026-06-09	terra.do	Energy Markets and Sustainability Analyst CoOp	Veolia	added
https://untalent.org/jobs/climate-finance-analyst	2026-06-09	untalent.org	Climate Finance Analyst	WRI	added
https://www.devex.com/jobs/individual-consultant-climate-research-analyst-jakarta-based-1348107	2026-06-09	devex.com	Individual Consultant – Climate Research Analyst (Jakarta)	WRI	added
https://www.devex.com/jobs/manager-in-regional-environment-social-and-governance-esg-team-885264	2026-06-09	devex.com	Manager in Regional ESG Team	Various	added
https://www.mycareersfuture.gov.sg/job/consulting/associate-%E2%80%93-environmental-sustainability-consulting-jda-wms-333f3b4ef5e50135c0d4ad9613c11c12	2026-06-09	mycareersfuture.gov.sg	Associate – Environmental Sustainability Consulting	JDA WMS	added
https://www.climatechangecareers.com/job/pwc-india/bengaluru-india/in-senior-associate_esg-sustainability_climate-sustainability-strategy_advisory_bangalore/	2026-06-09	climatechangecareers.com	Senior Associate – ESG Sustainability (Bangalore)	PwC India	added
https://careers.un.org/jobSearchDescription/250557	2026-06-09	un.org	Climate Information Services Consultant	UN	added
https://careers.un.org/jobSearchDescription/228674	2026-06-09	un.org	Consultant, Physical Climate Risk and Adaptation	UN	added
https://www.climatepolicyinitiative.org/career/analyst-climate-finance-4/	2026-06-09	climatepolicyinitiative.org	Analyst, Climate Finance	CPI	added
https://unjobs.org/vacancies/1776654670196	2026-06-09	unjobs.org	HR and Office Administration Consultant	WWF	skipped_title
https://www.seforall.org/jobs/programme-manager	2026-06-09	seforall.org	Programme Manager	SEforALL	skipped_title
https://www.devex.com/jobs/economic-affairs-intern-1411706	2026-06-09	devex.com	Economic Affairs Intern	Devex	skipped_title
https://www.climatechangecareers.com/job/kpmg-thailand/bangkok-thailand/corporate-esg-officer-senior-assistant-manager/	2026-06-11	climatechangecareers.com	Corporate ESG Officer (Senior - Assistant Manager)	KPMG Thailand	added
https://www.mycareersfuture.gov.sg/job/sustainability-consultant-isrc-31f29626edad43a7fae32d512fa354ef	2026-06-11	mycareersfuture.gov.sg	Sustainability Consultant	ISRC Singapore	added
https://www.mycareersfuture.gov.sg/job/analyst-sustainability-solutions-engie-impact-811da416c2fa22d6648fd4fa20076561	2026-06-11	mycareersfuture.gov.sg	Analyst, Sustainability Solutions	ENGIE Impact Singapore	added
https://www.terra.do/climate-jobs/job-board/esg-research-analyst-8391590/	2026-06-11	terra.do	ESG Research Analyst	MSCI India	added
https://www.terra.do/climate-jobs/job-board/Carbon-Data-Analyst--1-year-Contract--Terrascope-8231993/	2026-06-11	terra.do	Carbon Data Analyst (1-year contract)	Terrascope	added
https://www.unjobnet.org/jobs/detail/86049485	2026-06-11	unjobnet.org	Operations Officer - Sustainable Infrastructure Advisory	World Bank	skipped_title
https://unjobs.org/vacancies/1777673848923	2026-06-11	unjobs.org	Institutional Development Expert	UNIDO Palestine	skipped_title
https://unjobs.org/vacancies/1766622172982	2026-06-11	unjobs.org	Programme Associate Vienna (deadline Jan 2026)	UNIDO Vienna	skipped_dup
https://www.mycareersfuture.gov.sg/job/banking-finance/sustainability-esg-consultant-sgs-international-certification-services-singapore-6d220126d624c09bc5e9e318f86f5d47	2026-06-11	mycareersfuture.gov.sg	Sustainability & ESG Consultant (Banking & Finance)	SGS Singapore	skipped_dup
https://www.climatechangecareers.com/job/deloitte/singapore-singapore/manager-sustainability-emerging-assurance/	2026-06-11	climatechangecareers.com	Manager Sustainability & Emerging Assurance	Deloitte Singapore	skipped_title
https://unjobs.org/vacancies/1777674521530	2026-06-11	unjobs.org	International Expert Water Governance Bangkok	UNESCO Bangkok	skipped_title
https://www.terra.do/climate-jobs/job-board/Associate-Consultant---Environmental-Sustainability-Lilly-8324793/	2026-06-11	terra.do	Associate Consultant Environmental Sustainability	Lilly Indianapolis	skipped_title
https://unjobs.org/vacancies/1739820744949	2026-06-13	UNjobs	Climate Finance Specialist	UNDP Bangkok	added
https://www.devex.com/jobs/junior-climate-change-consultant-low-emissions-asian-development-lead-program-bangkok-thailand-332565	2026-06-13	Devex	Junior Climate Change Consultant – LEAD Program	ICF Bangkok	added
https://community.iisd.org/jobs/climate-finance-consultant-ndc-partnership/	2026-06-13	IISD	Climate Finance Consultant	NDC Partnership	added
https://www.terra.do/climate-jobs/job-board/Senior-Analyst--International-Energy-Policy---Partnerships-Energy-Market-Authority--EMA--8386070/	2026-06-13	terra.do	Senior Analyst – International Energy Policy & Partnerships	EMA Singapore	added
https://ghgprotocol.org/blog/job-opportunity-associate-climate-accounting-and-standards	2026-06-13	GHG Protocol	Associate – Climate Accounting and Standards	GHG Protocol / WBCSD	added
https://www.climatechangecareers.com/job/palladium-make-it-possible/jakarta-indonesia/uk-pact-asean-senior-engagement-associate/	2026-06-13	ClimateChangeCareers	UK PACT ASEAN Senior Engagement Associate	Palladium Jakarta	added
https://www.unjobnet.org/jobs/detail/84637350	2026-06-13	UNjobnet	Associate, Low-Carbon Buildings	GGGI Indonesia	added
https://jobs.fao.org/careersection/fao_external/jobdetail.ftl?lang=en&job=2501643	2026-06-13	FAO Careers	Environment and Climate Change Specialist	FAO	added
https://jobs.fao.org/careersection/fao_external/jobdetail.ftl?lang=en&job=2502977	2026-06-13	FAO Careers	National Specialist – Climate Change GIS	FAO	added
https://jobs.fao.org/careersection/fao_external/jobdetail.ftl?job=2500920	2026-06-13	FAO Careers	Climate Change and Sustainable Agriculture	FAO	added
https://jobs.sea.deloitte.com/job/Kuala-Lumpur-DRSC-Business-Assurance-ESG-Analyst/1061341766	2026-06-13	ClimateChangeCareers	DRSC Business Assurance ESG Analyst	Deloitte Kuala Lumpur	added
https://www.thaingo.org/jobs/detail/10221/219	2026-06-16	ThaiNGO	Climate Finance Coordinator	GIZ Thailand	added
https://www.mycareersfuture.gov.sg/job/associate-sustainability-trusted-services-e2b9fac9c2337de70ce02ed817c500b1	2026-06-16	MyCareersFuture	Associate – Sustainability (Strategy)	Trusted Services	added
https://www.impactpool.org/jobs/1199377	2026-06-16	Impactpool	Programme Analyst – Nature, Climate, Energy and Disaster Risk Reduction	UNDP	added
https://www.impactpool.org/jobs/1213468	2026-06-16	Impactpool	Programme Analyst – Governance and Social Cohesion	UNDP	added
https://jobs.fao.org/careersection/fao_external/jobdetail.ftl?job=2601218	2026-06-16	FAO Careers	Climate Change Programme Specialist	FAO	added
https://jobs.fao.org/careersection/fao_external/jobdetail.ftl?job=2600649	2026-06-16	FAO Careers	National Environmental Specialist	FAO	added
https://jobs.fao.org/careersection/fao_external/jobdetail.ftl?job=2501593	2026-06-16	FAO Careers	Climate Change Specialist (2 positions)	FAO	added
https://jobs.fao.org/careersection/fao_external/jobdetail.ftl?job=2500809	2026-06-16	FAO Careers	Climate Change Specialist	FAO	added
https://www.climatechangecareers.com/job/ey/hong-kong-hong-kong/assurance-climate-change-and-sustainability-service-senior-associate-hk/	2026-06-16	ClimateChangeCareers	Senior Associate – Climate Change and Sustainability Service HK	EY Hong Kong	skipped_dup
https://jobs.fao.org/careersection/fao_external/jobdetail.ftl?job=2403266	2026-06-16	FAO Careers	Climate Change and Energy Specialist	FAO	skipped_dup
https://jobs.fao.org/careersection/fao_external/jobdetail.ftl?lang=en&job=2400558	2026-06-16	FAO Careers	National Climate Change Specialist	FAO	skipped_dup
https://jobs.fao.org/careersection/fao_external/jobdetail.ftl?job=2403834	2026-06-16	FAO Careers	Environmental and Social Safeguards and Sustainability Specialist	FAO	skipped_dup
https://www.climatechangecareers.com/job/sales-tips/singapore-singapore/carbon-management-specialist-climate-risk-analyst-green-finance-executive/	2026-06-17	ClimateChangeCareers	Carbon Management Specialist / Climate Risk Analyst / Green Finance Executive	Sales Tips	added
https://erm.wd3.myworkdayjobs.com/en-US/ERM_Careers/job/Graduate-Consultant--Entry-Level-_R00026443	2026-06-17	ERM Careers	Graduate Consultant (Entry Level)	ERM	added
https://erm.wd3.myworkdayjobs.com/en-US/ERM_Careers/job/Corporate-Sustainability-and-Climate-Change-Associate--Associate-Level-_R00017209	2026-06-17	ERM Careers	Corporate Sustainability and Climate Change Associate (Associate Level)	ERM	added
https://www.ramboll.com/careers/3cf7aad8-25bb-412f-055a-08de8bce9ba0	2026-06-17	Ramboll Careers	Lead Consultant, Air & Climate	Ramboll	added
https://www.ramboll.com/careers/599f3267-f9d0-4d4b-e7fe-08deb17e4f37	2026-06-17	Ramboll Careers	Senior EHS Consultant - Data Centres	Ramboll	added
https://jobs.giz.de/index.php?ac=jobad&id=78266	2026-06-17	GIZ Jobs	Junior Consultant – Private Capital Mobilization	GIZ	added
https://jobs.ilo.org/job/Tokyo-Programme-Officer-NOA/13595-en_GB/	2026-06-17	ILO Jobs	Programme Officer (NOA) Tokyo	ILO	added
https://www.unjobnet.org/jobs/detail/83937377	2026-06-17	UNjobnet	Climate Finance Consultant (Mexico)	GGGI	added
https://www.terra.do/climate-jobs/job-board/ESG-Data-Analyst--Japanese-Speaking--Institutional-Shareholder-Services-8350643/	2026-06-17	terra.do	ESG Data Analyst (Japanese Speaking)	ISS	added
https://jobs.unops.org/pages/viewvacancy/vadetails.aspx?id=25109	2026-06-17	UNOPS	Programme Management - Senior Analyst	UNOPS	added
https://www.impactpool.org/jobs/765709	2026-06-17	Impactpool	National Consultant – ESS Specialist	UNDP	added
https://www.impactpool.org/jobs/772920	2026-06-17	Impactpool	National Environmental and Social Safeguard/ESS Specialist (National Consultant)	UNDP	added
https://www.impactpool.org/jobs/732014	2026-06-17	Impactpool	Biodiversity/Ecosystem International Consultant	UNDP	added
https://jobs.fao.org/careersection/fao_external/jobdetail.ftl?job=2400008	2026-06-17	FAO Careers	National Forest and Climate Specialist	FAO	added
https://www.thaingo.org/jobs/detail/3548	2026-06-17	ThaiNGO	ESG Specialist	WWF-Thailand	added
https://www.thaingo.org/jobs/detail/4673	2026-06-17	ThaiNGO	Renewable Energy Policy Specialist	USAID Clean Power Asia	added
https://careers.un.org/jobSearchDescription/270946	2026-06-17	UN Careers	Programme Management Officer P4	UN	added
https://jobs.ilo.org/job/National-Project-Coordinator-NOA-(DC)/13688-en_GB	2026-06-17	ILO Jobs	National Project Coordinator (NOA)	ILO	added
https://www.thaingo.org/jobs/detail/21355?type=24	2026-06-18	ThaiNGO	Final Evaluation Consultant – Trees4All Project	Trees4All / FAO	added
https://www.thaingo.org/jobs/detail/18552/2	2026-06-18	ThaiNGO	ESG Specialist	DAI / USAID PAGI	skipped_dup
https://www.thaingo.org/jobs/detail/19070/2	2026-06-18	ThaiNGO	Consultant – ESG Performance Indicators for SME Suppliers	GIZ Thailand	skipped_dup
https://www.thaingo.org/jobs/detail/14119/145	2026-06-18	ThaiNGO	Senior Advisor – Energy System/Policy (TGC-EMC)	GIZ Thailand	skipped_dup
https://thaingo.org/jobs/detail/14117	2026-06-18	ThaiNGO	Advisor (Climate Mitigation) – CCMB	GIZ Thailand	skipped_dup
https://www.thaingo.org/jobs/detail/14630	2026-06-18	ThaiNGO	Senior Advisor – Just Transition in Coal Regions	GIZ Thailand	skipped_dup
https://www.thaingo.org/jobs/detail/8701	2026-06-18	ThaiNGO	Research Associate – SDGs	Various	skipped_title
https://www.thaingo.org/jobs/detail/6031	2026-06-18	ThaiNGO	Climate Change and Gender Specialist	Various	skipped_title
https://careers.gggi.org/vacancy/thailand-consultant-for-green-finance-network-gfn-setup-100014324-599010.html	2026-06-18	GGGI Careers	Thailand Consultant for Green Finance Network (GFN) Setup	GGGI	skipped_dup
https://unjobs.org/vacancies/1763405251453	2026-06-18	UNjobs	GGGI Consultant for Green Finance Network (Bangkok)	GGGI	skipped_dup
https://unjobs.org/vacancies/1770190363610	2026-06-18	UNjobs	Renewable Energy & Access to Finance Coaching Expert (Bangkok)	UNEP	skipped_dup
https://unjobs.org/vacancies/1767208633031	2026-06-18	UNjobs	Project Analyst – Climate Resilience GCF (Bangkok)	UNDP	skipped_dup
https://unjobs.org/vacancies/1774561034325	2026-06-18	UNjobs	National Cooling Consultant (Bangkok)	UNESCAP	skipped_dup
https://unjobs.org/vacancies/1775198057786	2026-06-18	UNjobs	Consultant – Sinking Cities Project Phase 1 (Bangkok)	UNESCAP	skipped_dup
https://unjobs.org/vacancies/1765247460856	2026-06-18	UNjobs	Sustainable Finance Consultant (Bangkok)	UNESCAP	skipped_dup
https://unjobs.org/vacancies/1761903085873	2026-06-18	UNjobs	National Climate Analysis Expert (Bangkok)	UNESCAP	skipped_dup
https://unjobs.org/vacancies/1773210977751	2026-06-18	UNjobs	Impact Measurement Verification and Learning Analyst (Bangkok)	UNDP	added
https://unjobs.org/vacancies/1776675471737	2026-06-18	UNjobs	Sustainable Finance Analyst – FAST Initiative Asia (Bangkok)	UNDP	added
https://unjobs.org/vacancies/1772264011811	2026-06-18	UNjobs	CCAC National Coordinator for Thailand	UNEP	skipped_dup
https://unjobs.org/vacancies/1774301712443	2026-06-18	UNjobs	CCAC National Coordinator for Thailand (alt URL)	UNEP	skipped_dup
https://unjobs.org/vacancies/1739820744949	2026-06-18	UNjobs	Climate Finance Specialist (Bangkok)	UNDP	skipped_dup
https://www.impactpool.org/jobs/1199629	2026-06-18	impactpool	CCAC National Coordinator for Thailand	UNEP	skipped_dup
https://www.impactpool.org/jobs/1073468	2026-06-18	impactpool	National Energy Efficiency and Low Carbon Building Consultant	GGGI Thailand	skipped_dup
https://www.impactpool.org/jobs/1103491	2026-06-18	impactpool	Consultant – Climate Tech Startup Roadmap	GGGI Thailand	skipped_dup
https://www.impactpool.org/jobs/1181975	2026-06-18	impactpool	Consultant – Low Carbon Building Investments	GGGI Thailand	skipped_dup
https://www.impactpool.org/jobs/1061077	2026-06-18	impactpool	Program Officer Thailand	Tara Climate Foundation	skipped_dup
https://www.impactpool.org/jobs/1127662	2026-06-18	impactpool	Program Director Thailand	Tara Climate Foundation	skipped_title
https://www.devex.com/jobs/environmental-social-and-governance-esg-specialist-usaid-thailand-pagi-1260041	2026-06-18	Devex	ESG Specialist (USAID/Thailand PAGI)	USAID Thailand	skipped_dup
https://www.devex.com/jobs/individual-consultant-fund-environmental-social-governance-esg-and-sustainability-1416704	2026-06-18	Devex	Individual Consultant – Fund ESG and Sustainability	Various	skipped_dup
https://www.devex.com/jobs/individual-consultant-corporate-sustainability-and-climate-change-consultant-1343564	2026-06-18	Devex	Corporate Sustainability and Climate Change Consultant	ERM	added
https://www.sei.org/people/jobs/research-fellow-urban/	2026-06-18	SEI	Research Fellow – Urban (Bangkok)	SEI Asia	skipped_dup
https://www.sei.org/people/jobs/research-fellow-bankable-climate-adaptation/	2026-06-18	SEI	Research Fellow – Bankable Climate Adaptation Solutions (Bangkok)	SEI Asia	skipped_dup
https://www.sei.org/people/jobs/research-associate-operationalization-raif-asia/	2026-06-18	SEI	Research Associate – Operationalization RAIF (Bangkok)	SEI Asia	skipped_dup
https://www.sei.org/people/jobs/research-fellow-mreal/	2026-06-18	SEI	Research Fellow – MREAL (Bangkok)	SEI Asia	skipped_dup
https://www.sei.org/people/jobs/research-fellow-climate-finance-gesi-capdev/	2026-06-18	SEI	Research Fellow – Climate Finance GESI & Capacity Development	SEI Asia	skipped_dup
https://www.climatechangecareers.com/job/kpmg-thailand/bangkok-thailand/esg-sustainability-services-consultant-manager/	2026-06-18	ClimateChangeCareers	ESG Sustainability Services Consultant (Manager)	KPMG Thailand	skipped_dup
https://kpmg.com/th/en/home/careers/jobs-advisory/esg-sustainability-services-consultant-manager.html	2026-06-18	KPMG Thailand	ESG (Sustainability Services) Consultant (Manager)	KPMG Thailand	skipped_dup
https://www.climatechangecareers.com/job/kpmg-thailand/bangkok-thailand/corporate-esg-officer-senior-assistant-manager/	2026-06-18	ClimateChangeCareers	Corporate ESG Officer (Senior - Assistant Manager)	KPMG Thailand	skipped_dup
https://www.climatechangecareers.com/job/erm/bangkok-thailand/corporate-sustainability-and-climate-change-consultant/	2026-06-18	ClimateChangeCareers	Corporate Sustainability and Climate Change Consultant	ERM	skipped_dup
https://erm.wd3.myworkdayjobs.com/ERM_Careers/job/Bangkok-Thailand/Consulting-Associate-Senior-Associate---Corporate-Sustainability-and-Climate-Change_R00018755	2026-06-18	ERM	Consulting Associate/Senior Associate – Corporate Sustainability & Climate Change	ERM	skipped_dup
https://erm.wd3.myworkdayjobs.com/ERM_Careers/job/Bangkok-Thailand/Consulting-Senior-Associate--Climate-_R00026725	2026-06-18	ERM	Consulting Senior Associate – Climate	ERM	skipped_dup
https://erm.wd3.myworkdayjobs.com/ERM_EarlyCareers/job/Bangkok-Thailand/Consulting-Senior-Associate--Climate-_R00026725-2	2026-06-18	ERM	Consulting Senior Associate – Climate (Early Careers)	ERM	skipped_dup
https://www.ramboll.com/careers/b80bf430-b76e-4888-11a9-08de37875cb1	2026-06-18	Ramboll	Sustainability Consultant	Ramboll	skipped_dup
https://www.ramboll.com/careers/d1c90464-6218-4473-051a-08de8bce9ba0	2026-06-18	Ramboll	Managing Principal SE Asia	Ramboll	skipped_dup
https://www.ramboll.com/careers/2dd65898-02df-4162-915a-08de5a4d2b12	2026-06-18	Ramboll	Environmental Impact Assessment (EIA) Consultant	Ramboll	skipped_dup
https://www.adb.org/careers/260165	2026-06-18	ADB	Senior Energy Specialist (Transmission)	ADB	added
https://www.adb.org/careers/260464	2026-06-18	ADB	Project Analyst	ADB	added
https://www.adb.org/careers/260157	2026-06-18	ADB	Project Officer (Energy)	ADB	added
https://www.adb.org/careers/260314	2026-06-18	ADB	Senior Natural Resources and Agriculture Specialist (Nature Finance)	ADB	added
https://www.adb.org/careers/240378	2026-06-18	ADB	Associate Project Analyst	ADB	added
https://www.adb.org/careers/240050	2026-06-18	ADB	Senior Climate and Disaster Risk Specialist	ADB	added
https://www.aiib.org/en/opportunities/career/job-vacancies/staff/job-details/investment-solutions-associate-climate96.html	2026-06-18	AIIB	Investment Solutions Associate – Climate	AIIB	added
https://www.aiib.org/en/opportunities/career/job-vacancies/staff/future-job-details/Environment-Specialists-Senior-Specialists.html	2026-06-18	AIIB	Environment Specialists / Senior Specialists	AIIB	added
https://careers.bcg.com/global/en/job/53629/Associate-Thailand-Campus-2026	2026-06-18	BCG Careers	Associate Thailand (Campus 2026)	BCG	added
https://www.wri.org/careers/jobs/energy-research-analyst-2026-jr100186	2026-06-18	WRI	Energy Research Analyst	WRI Indonesia	skipped_dup
https://www.wri.org/careers/jobs/urban-finance-and-economy-research-analyst-2026-jr100174	2026-06-18	WRI	Urban Finance and Economy Research Analyst	WRI Indonesia	skipped_dup
https://www.wri.org/careers/jobs/climate-associate-2026-jr100253	2026-06-18	WRI	Climate Associate	WRI	skipped_dup
https://www.wri.org/careers/jobs/strategic-research-and-communications-consultant-2026-jr100176	2026-06-18	WRI	Strategic Research and Communications Consultant	WRI Indonesia	skipped_dup
https://careers.southpole.com/jobs/2977168-junior-associate-consultant-corporate-climate-targets	2026-06-18	South Pole Careers	Junior Associate Consultant – Corporate Climate Targets	South Pole	skipped_dup
https://careers.southpole.com/jobs/7015526-managing-consultant-climate-risk-disclosure	2026-06-18	South Pole Careers	Managing Consultant – Climate Risk & Disclosure	South Pole	skipped_dup
https://unjobs.org/vacancies/1772778838636	2026-06-19	UNjobs — ESCAP Bangkok	Programme Officer	ESCAP	added
https://unjobs.org/vacancies/1738077097467	2026-06-19	UNjobs — ESCAP Bangkok	Programme Assistant	ESCAP	added
https://www.impactpool.org/jobs/1013192	2026-06-19	Impactpool — Bangkok roles	Climate Change Specialist – Asia	IRC (Bangkok)	added
https://www.impactpool.org/jobs/1080628	2026-06-19	Impactpool — Bangkok roles	Climate Change, Energy and Environment Associate	UNV (Bangkok)	added
https://www.impactpool.org/jobs/1038816	2026-06-19	Impactpool — Bangkok roles	Coordination and Reporting Specialist – EmPower	UNEP (Bangkok)	added
https://www.impactpool.org/jobs/827848	2026-06-19	Impactpool — Bangkok roles	Gender and Climate Change Monitoring and Reporting Consultant	UNDP (Bangkok)	added
https://www.impactpool.org/jobs/899923	2026-06-19	Impactpool — Bangkok roles	APAN Forum Technical Programme Consultant	UNEP (Bangkok)	added
https://www.impactpool.org/jobs/1139565	2026-06-19	Impactpool — Bangkok roles	APAN Network Coordinator	UNV (Bangkok)	added
https://www.impactpool.org/jobs/923967	2026-06-19	Impactpool — Bangkok roles	Programme Officer	UNV (Bangkok)	added
https://jobs.unicef.org/cw/en-us/job/592960/climate-resilient-education-consultant-gpd-education-bangkok-thailand-remote-592960	2026-06-19	UNICEF Careers	Climate-Resilient Education Consultant	UNICEF (Bangkok)	added
https://www.devex.com/jobs/junior-climate-change-consultant-low-emissions-asian-development-lead-program-bangkok-thailand-332565	2026-06-19	Devex — ESG and climate Asia	Junior Climate Change Consultant	LEAD Program AIT (Bangkok)	added
https://careers.gggi.org/vacancy/policy-analyst-consultant-methane-mitigation-policy-analyst-malaysia-577154.html	2026-06-19	GGGI Careers	Policy Analyst Consultant – Methane Mitigation	GGGI (Malaysia)	added
https://careers.gggi.org/vacancy/indonesia-financial-analyst-for-assessing-local-currency-financing-571063.html	2026-06-19	GGGI Careers	Financial Analyst – Local Currency Financing	GGGI (Indonesia)	added
https://careers.gggi.org/vacancy/project-associate-ikialcbt-587694.html	2026-06-19	GGGI Careers	Project Associate (IKI-ALCBT)	GGGI	added
https://www.impactpool.org/jobs/1066670	2026-06-19	Impactpool — Singapore roles	Energy Analysts – Regional Cooperation Centre	IEA (Singapore)	added
https://www.devex.com/jobs/senior-associate-climate-action-1406803	2026-06-19	Devex — ESG and climate Asia	Senior Associate – Climate Action	AVPN (Asia)	added
https://www.aiib.org/en/opportunities/career/job-vacancies/graduate-program/job-details/investment-analyst41.html	2026-06-19	Asia MDBs / green growth	Investment Analyst	AIIB (Beijing)	added
https://careers.unido.org/job/Vienna-Project-Coordinator/1354738755/	2026-06-19	UNIDO Careers	Project Coordinator	UNIDO (Vienna)	added
https://careers.unido.org/job/Bogota-National-Project-and-Delivery-Associate/1344646455/	2026-06-19	UNIDO Careers	National Project and Delivery Associate	UNIDO (Bogota)	added
https://careers.unido.org/job/Vienna-Statistical-Data-Consultant/1330114255/	2026-06-19	UNIDO Careers	Statistical Data Consultant	UNIDO (Vienna)	added
https://www.impactpool.org/jobs/662828	2026-06-19	Impactpool — ESCAP Bangkok	Programme Officer P4	UNESCAP (Bangkok)	added
https://www.impactpool.org/jobs/724987	2026-06-19	Impactpool — ESCAP Bangkok	Programme Officer P3	UNESCAP (Bangkok)	added
https://www.impactpool.org/jobs/902738	2026-06-19	Impactpool — ESCAP Bangkok	Sustainable Development Officer	UN (Bangkok)	added
https://www.devex.com/jobs/consultant-to-senior-consultant-sustainable-asset-advisory-green-building-building-energy-sustainability-1402475	2026-06-19	Devex — ESG and climate Asia	Consultant – Sustainable Asset Advisory	Various	added
https://www.devex.com/jobs/individual-consultant-international-climate-change-and-ghg-emissions-expert-1373873	2026-06-19	Devex — ESG and climate Asia	Individual Consultant – Climate Change and GHG Emissions Expert	Various	added
https://www.devex.com/jobs/individual-consultant-climate-research-analyst-jakarta-based-1348107	2026-06-19	Devex — ESG and climate Asia	Individual Consultant – Climate Research Analyst	WRI (Jakarta)	added
https://jobs.unicef.org/cw/fr/job/588697/individual-consultant-climate-and-environment-consultant-unicef-regional-office-for-south-asia-remote-working	2026-06-19	UNICEF Careers	Individual Consultant – Climate and Environment	UNICEF (South Asia, Remote)	added
https://jobs.unicef.org/mob/es/job/592113/climate-change-consultant-officebased-592113	2026-06-19	UNICEF Careers	Climate Change Consultant	UNICEF (Office-based)	added
https://careers.unido.org/job/Vienna-Industrial-Development-Officer/1326970355/	2026-06-19	UNIDO Careers	Industrial Development Officer	UNIDO (Vienna)	skipped_dup
https://jobs.unops.org/Pages/ViewVacancy/VADetails.aspx?id=30718	2026-06-20	UNOPS Jobs	Programme Management Analyst (Fund Management)	UNOPS	added
https://jobs.unops.org/Pages/ViewVacancy/VADetails.aspx?id=24747	2026-06-20	UNOPS Jobs	Programme Management Analyst	UNOPS	added
https://jobs.unops.org/pages/viewvacancy/VADetails.aspx?id=29471	2026-06-20	UNOPS Jobs	Programme Management Specialist (Climate Change)	UNOPS	added
https://jobs.unops.org/Pages/ViewVacancy/VADetails.aspx?id=22999	2026-06-20	UNOPS Jobs	Programme Management Officer – Southeast Asia Energy Transition Partnership	UNOPS	added
https://reliefweb.int/job/4002120/environmental-social-and-governance-standards-lead-rdma-partnerships-green-investment	2026-06-20	ReliefWeb	ESG Standards Lead – RDMA Partnerships for Green Investment	USAID/DAI	added
https://reliefweb.int/job/3997960/technical-advisor-environmental-marine-plastics-home-based	2026-06-20	ReliefWeb	Technical Advisor – Environmental (Marine Plastics)	UNIDO	added
https://www.unjobnet.org/jobs/detail/85034759	2026-06-20	unjobnet.org	Energy Specialist	World Bank	added
https://www.unjobnet.org/jobs/detail/85792412	2026-06-20	unjobnet.org	Energy Finance Expert	UNEP	added
https://www.unjobnet.org/jobs/detail/79939148	2026-06-20	unjobnet.org	Energy Analyst – Desk Officer	OECD	added
https://www.unjobnet.org/jobs/detail/80901515	2026-06-20	unjobnet.org	Energy Investment Analyst	OECD	added
https://www.impactpool.org/jobs/897285	2026-06-20	Impactpool	Cities and Climate Change Technical Advisor	UNV/UNDP	added
https://www.impactpool.org/jobs/1211708	2026-06-20	Impactpool	Youth Empowerment in Sustainable Development Junior Officer	UNV	added
https://www.impactpool.org/jobs/843689	2026-06-20	Impactpool	Climate Science Education Specialist	UNV	added
https://kpmg.com/th/en/home/careers/jobs-shared-services/corporate-esg-projec-assistant-manager.html	2026-06-20	KPMG Thailand	Corporate ESG Project Assistant Manager	KPMG Thailand	added
https://kpmg.com/th/en/home/careers/jobs-advisory/esg-sustainability-services-green-financing-manager.html	2026-06-20	KPMG Thailand	ESG Sustainability Services – Green Financing Manager	KPMG Thailand	added
https://thaingo.org/jobs/detail/18552/2	2026-06-20	ThaiNGO	ESG Specialist	DAI / USAID PAGI	skipped_dup
https://www.thaingo.org/jobs/detail/19070/2	2026-06-20	ThaiNGO	Consultant – ESG Performance Indicators	GIZ Thailand	skipped_dup
https://www.thaingo.org/jobs/detail/18999/16	2026-06-20	ThaiNGO	ESG Program Manager	USAID PAGI / DAI	skipped_dup
https://www.climatechangecareers.com/job/ey/singapore-singapore/associate-assurance-climate-change-and-sustainability-services-2026-graduates/	2026-06-20	ClimateChangeCareers	Associate – Assurance, Climate Change and Sustainability Services	EY Singapore	skipped_dup
https://www.climatechangecareers.com/job/kpmg-thailand/bangkok-thailand/esg-sustainability-services-consultant-manager/	2026-06-20	ClimateChangeCareers	ESG Sustainability Services Consultant (Manager)	KPMG Thailand	skipped_dup
https://www.climatechangecareers.com/job/erm/seoul-south-korea/consulting-senior-associate-corporate-sustainability-climate-change/	2026-06-20	ClimateChangeCareers	Consulting Senior Associate – Corporate Sustainability & Climate Change	ERM Seoul	skipped_dup
https://www.climatechangecareers.com/job/kpmg-thailand/bangkok-thailand/corporate-esg-officer-senior-assistant-manager/	2026-06-20	ClimateChangeCareers	Corporate ESG Officer (Senior - Assistant Manager)	KPMG Thailand	skipped_dup
https://www.climatechangecareers.com/job/erm/bangkok-thailand/corporate-sustainability-and-climate-change-consultant/	2026-06-20	ClimateChangeCareers	Corporate Sustainability and Climate Change Consultant	ERM Bangkok	skipped_dup
https://www.climatechangecareers.com/job/nestle/bangkok-thailand/sustainability-manager/	2026-06-20	ClimateChangeCareers	Sustainability Manager	Nestlé Bangkok	skipped_dup
https://www.devex.com/jobs/individual-consultant-fund-environmental-social-governance-esg-and-sustainability-1416704	2026-06-20	Devex	Individual Consultant – Fund ESG and Sustainability	Various	skipped_dup
https://www.devex.com/jobs/environmental-and-social-governance-esg-expert-1337173	2026-06-20	Devex	ESG Expert	Asia Foundation	skipped_dup
https://www.devex.com/jobs/senior-associate-climate-action-1406803	2026-06-20	Devex	Senior Associate – Climate Action	AVPN (Asia)	skipped_dup
https://reliefweb.int/job/3797364/programme-management-officer-southeast-asia-energy-transition-partnership-etp-iica-1	2026-06-20	ReliefWeb	Programme Management Officer – Southeast Asia Energy Transition Partnership	UNOPS	skipped_dup
https://reliefweb.int/job/3922173/disaster-risk-reduction-and-climate-change-analyst-partnerships-infrastructure	2026-06-20	ReliefWeb	Disaster Risk Reduction and Climate Change Analyst	P4I	skipped_dup
https://reliefweb.int/job/3960220/resilient-agriculture-specialist	2026-06-20	ReliefWeb	Resilient Agriculture Specialist	CARE	skipped_dup
https://reliefweb.int/job/4040716/climate-action-specialist-and-coordinator	2026-06-20	ReliefWeb	Climate Action Specialist and Coordinator	RCC Asia Pacific	skipped_dup
https://untalent.org/jobs/operations-analyst-esg-advisory	2026-06-20	Untalent	Operations Analyst – ESG Advisory	World Bank / IFC	skipped_dup
https://untalent.org/jobs/climate-and-energy-senior-research-analyst	2026-06-20	Untalent	Climate and Energy Senior Research Analyst	WRI	skipped_dup
https://untalent.org/jobs/climate-policy-and-energy-transition-advisor	2026-06-20	Untalent	Climate Policy and Energy Transition Advisor	UNEP	skipped_dup
https://www.unjobnet.org/jobs/detail/80860135	2026-06-20	unjobnet.org	Climate and Energy Analyst – United for Efficiency	UNEP	skipped_dup
https://www.unjobnet.org/jobs/detail/80987257	2026-06-20	unjobnet.org	Energy Efficiency Policy Analysts	OECD	skipped_dup
https://www.impactpool.org/jobs/862052	2026-06-20	Impactpool	Sustainability and Impact Consultant – EpiC Thailand	FHI 360	skipped_dup
https://www.impactpool.org/jobs/1013192	2026-06-20	Impactpool	Climate Change Specialist – Asia	IRC (Bangkok)	skipped_dup
https://www.mycareersfuture.gov.sg/job/sustainability-climate-change-associate-pricewaterhousecoopers-risk-services-0fa698c91d8cc4a2a294a936823f1b03	2026-06-20	MyCareersFuture	Sustainability and Climate Change – Associate	PwC Singapore	skipped_dup
https://www.mycareersfuture.gov.sg/job/environment/senior-researcher-esg-carbon-capture-sustainable-finance-tangspac-consulting-d9186a6bd21bb9d7c5d31427271362a1	2026-06-20	MyCareersFuture	Senior Researcher – ESG / Carbon Capture / Sustainable Finance	TangsPac Consulting	skipped_dup
https://www.wri.org/careers/jobs/energy-research-analyst-2026-jr100186	2026-06-20	WRI	Energy Research Analyst	WRI Indonesia	skipped_dup
https://www.wri.org/careers/jobs/urban-finance-and-economy-research-analyst-2026-jr100174	2026-06-20	WRI	Urban Finance and Economy Research Analyst	WRI Indonesia	skipped_dup
https://www.wri.org/careers/jobs/climate-associate-2026-jr100253	2026-06-20	WRI	Climate Associate	WRI	skipped_dup
https://www.wri.org/careers/jobs/strategic-research-and-communications-consultant-2026-jr100176	2026-06-20	WRI	Strategic Research and Communications Consultant	WRI Indonesia	skipped_dup
https://kpmg.com/th/en/home/careers/jobs-advisory/esg-sustainability-services-consultant-manager.html	2026-06-20	KPMG Thailand	ESG (Sustainability Services) Consultant (Manager)	KPMG Thailand	skipped_dup
https://www.climatechangecareers.com/job/agoda/bangkok-thailand/summer-internship-2026-sustainability-intern-bangkok-based/	2026-06-20	ClimateChangeCareers	Summer Internship 2026 Sustainability Intern	Agoda	skipped_title
https://www.devex.com/jobs/economic-affairs-intern-1411706	2026-06-20	Devex	Economic Affairs Intern	Various	skipped_title
https://www.thaingo.org/jobs/detail/12389/192	2026-06-21	ThaiNGO — GIZ	Sustainable Finance Consultancy Service	GIZ/Mekong	added
https://www.impactpool.org/jobs/554691	2026-06-21	Impactpool — Bangkok	Consultant, Private Sector Engagement Partnership Unit	UNDP Bangkok	added
https://www.devex.com/jobs/research-analyst-ipsa-8-1273188	2026-06-21	Devex — sustainability Asia	Research Analyst - IPSA 8	UNDP	added
https://reliefweb.int/job/3856165/water-energy-consortium-analyst-wave-activity-remote	2026-06-21	ReliefWeb — climate Asia	Water-Energy Consortium Analyst for WAVE Activity	Various	added
https://careers.un.org/jobSearchDescription/234204	2026-06-21	UN Careers — P1-P3	Specialist in Carbon Markets, Environmental Integrity	UNEP	added
https://careers.un.org/jobSearchDescription/267239	2026-06-21	UN Careers — P1-P3	Climate Change Mitigation Consultant	UN	added
https://careers.un.org/jobSearchDescription/268046	2026-06-21	UN Careers — P1-P3	Climate Change Technical Advisor - PAF Argentina	UN	added
https://careers.un.org/jobSearchDescription/236680	2026-06-21	UN Careers — P1-P3	Sustainable Development Officer (Climate Change)	UN	added
https://untalent.org/jobs/consultant-as-critical-minerals-research-analyst	2026-06-21	UNtalent — sustainability	Consultant as Critical Minerals Research Analyst	WRI	added
https://untalent.org/jobs/economic-affairs-officer-sustainable-energy	2026-06-21	UNtalent — sustainability	Economic Affairs Officer (Sustainable Energy)	UNESCWA	added
https://jobs.undp.org/cj_view_job.cfm?cur_job_id=84861	2026-06-21	UNDP Jobs	Individual Consultant - Renewable Energy Expert	UNDP	added
https://careers.southpole.com/jobs/7812769-senior-specialist-data-analytics-compliance-markets-certificates	2026-06-21	South Pole Careers	Senior Specialist, Data Analytics – Compliance Markets	South Pole	added
https://workingreen.jobs/offers/environmental-social-governance-esg-analyst-at-beyond-meat-el-segundo-ca	2026-06-21	WorkInGreen	ESG Analyst	Beyond Meat	added
https://www.ramboll.com/careers/69ed8bd0-fc99-4ae4-d881-08dbb26810ff	2026-06-21	Ramboll Careers	Consultant	Ramboll	added
https://sg.linkedin.com/jobs/view/esg-and-sustainable-development-analyst-at-cycle-carriage-singapore-2947062728	2026-06-21	LinkedIn — sustainability Bangkok Asia	ESG and Sustainable Development Analyst	Cycle & Carriage Singapore	added
https://hk.linkedin.com/jobs/view/esg-research-analyst-remote-position-multiple-openings-at-transition-asia-3818874025	2026-06-21	LinkedIn — sustainability Bangkok Asia	ESG Research Analyst (Remote)	Transition Asia	added
https://untalent.org/jobs/climate-change-analyst-programming-and-innovation	2026-06-21	UNtalent — sustainability	Climate Change Analyst (Programming and Innovation)	World Bank	added
https://untalent.org/jobs/carbon-markets-and-climate-finance-analyst	2026-06-21	UNtalent — sustainability	Carbon Markets and Climate Finance Analyst	UNDP	added
https://untalent.org/jobs/climate-change-analyst-5	2026-06-21	UNtalent — sustainability	Climate Change Analyst	UNOPS	added
https://untalent.org/jobs/individual-consultant-climate-change-consultant	2026-06-21	UNtalent — sustainability	Individual Consultant - Climate Change Consultant	UNDP	added
https://careers.un.org/jobSearchDescription/222419	2026-06-21	UN Careers — P1-P3	Environmental Affairs Officer P3	UN	added
https://www.unjobnet.org/jobs/detail/38682793	2026-06-21	GIZ — global climate	Advisor (mfd) Energy Transition Leveraged Partnerships for GET.transform	GIZ	added
https://kerja-ngo.com/giz-indonesia-seti-project-job-vacancy-energy-transition-advisor-industrial-decarbonization-jakarta/	2026-06-21	GIZ — global climate	Energy Transition Advisor (Industrial Decarbonization)	GIZ Indonesia	added
https://www.goldstandard.org/careers/job-posting-officer-methodology-development--innovation	2026-06-21	Gold Standard — climate	Officer, Methodology Development & Innovation	Gold Standard	added
https://jobs.fao.org/careersection/fao_external/jobdetail.ftl?lang=en&job=2600368	2026-06-21	FAO Careers	Project Analyst and Reporting Specialist	FAO	added
https://jobs.fao.org/careersection/fao_external/jobdetail.ftl?job=2601308	2026-06-21	FAO Careers	National Project Specialist – Climate Smart Agriculture	FAO	added
https://careers.gggi.org/vacancy/green-finance-specialist-green-finance-center-586032.html	2026-06-21	GGGI Careers	Green Finance Specialist – Green Finance Center	GGGI	added
https://careers.gggi.org/vacancy/climate-finance-senior-associate-611714.html	2026-06-21	GGGI Careers	Climate Finance Senior Associate	GGGI	added
https://guidehouse.wd1.myworkdayjobs.com/en-US/External/job/Consultant---Energy-and-Climate-Policy_20387	2026-06-21	Guidehouse	Consultant - Energy and Climate Policy	Guidehouse	added
https://jobs.climatebase.org/job/72506675/consultant---energy-transition-advisory	2026-06-21	Climatebase	Consultant - Energy Transition Advisory	ERM	added
https://jobs.ilo.org/job/Geneva-Programme-and-Operations-Analyst-1200/1004489601/	2026-06-21	ILO Jobs	Programme and Operations Analyst	ILO	added
https://climatebase.org/job/55430881/analyst-esg-methodology	2026-06-21	Climatebase	Analyst, ESG Methodology	Sustainalytics	added
https://climatebase.org/job/53867696/sustainability-associate-esg	2026-06-21	Climatebase	Sustainability Associate (ESG)	Cundall	added
https://untalent.org/jobs/investment-officer-sustainable-investing	2026-06-21	UNtalent — sustainability	Investment Officer (Sustainable Investing)	UNJSPF	skipped_title
https://untalent.org/jobs/intern-environmental-management	2026-06-21	UNtalent — sustainability	INTERN - ENVIRONMENTAL MANAGEMENT	UNESCAP	skipped_title
https://careers.un.org/jobSearchDescription/248031	2026-06-21	UN Careers — P1-P3	Associate Administrative Officer P2	UN	skipped_title
https://careers.gggi.org/vacancy/mexico-energy-and-climate-individual-consultant-598612.html	2026-06-21	GGGI Careers	Energy and Climate Individual Consultant (Mexico)	GGGI	skipped_dup
https://careers.gggi.org/vacancy/indonesia-financial-analyst-for-assessing-local-currency-financing-571063.html	2026-06-21	GGGI Careers	Financial Analyst – Local Currency Financing (Indonesia)	GGGI	skipped_dup
https://careers.gggi.org/vacancy/indonesia-data-analyst-for-the-development-of-climate-finance-focal-point-cff-536922.html	2026-06-21	GGGI Careers	Data Analyst – Climate Finance Focal Point (Indonesia)	GGGI	skipped_dup
https://www.wri.org/careers/jobs/energy-research-analyst-2026-jr100186	2026-06-21	WRI Careers	Energy Research Analyst	WRI Indonesia	skipped_dup
https://www.wri.org/careers/jobs/urban-finance-and-economy-research-analyst-2026-jr100174	2026-06-21	WRI Careers	Urban Finance and Economy Research Analyst	WRI Indonesia	skipped_dup
https://www.wri.org/careers/jobs/climate-associate-2026-jr100253	2026-06-21	WRI Careers	Climate Associate	WRI	skipped_dup
https://careers.un.org/jobSearchDescription/261340	2026-06-21	UN Careers — P1-P3	Climate Policy and Energy Transition Advisor	UNEP	skipped_dup
https://careers.un.org/jobSearchDescription/254689	2026-06-21	UN Careers — P1-P3	Climate Change Analyst	UN	skipped_dup
https://careers.un.org/jobSearchDescription/270946	2026-06-21	UN Careers — P1-P3	Programme Management Officer P4	UN	skipped_dup
https://careers.gggi.org/vacancy/policy-analyst-consultant-methane-mitigation-policy-analyst-malaysia-577154.html	2026-06-21	GGGI Careers	Policy Analyst Consultant – Methane Mitigation (Malaysia)	GGGI	skipped_dup
https://careers.gggi.org/vacancy/project-associate-ikialcbt-587694.html	2026-06-21	GGGI Careers	Project Associate (IKI-ALCBT)	GGGI	skipped_dup
https://jobs.fao.org/careersection/fao_external/jobdetail.ftl?job=2601218	2026-06-21	FAO Careers	Climate Change Programme Specialist	FAO	skipped_dup
https://untalent.org/jobs/climate-policy-and-energy-transition-advisor	2026-06-21	UNtalent — sustainability	Climate Policy and Energy Transition Advisor	UNEP	skipped_dup
https://ghgprotocol.org/blog/job-opportunity-associate-climate-accounting-and-standards	2026-06-21	WBCSD — corporate	Associate, Climate Accounting and Standards	GHG Protocol	skipped_dup
https://www.mycareersfuture.gov.sg/job/others/natural-climate-solutions-analyst-asia-pacific-conservation-international-asia-pacific-cb773e426fda02251f090166fe698f8b	2026-06-21	MyCareersFuture	Natural Climate Solutions Analyst, Asia Pacific	Conservation International	skipped_dup
https://www.mycareersfuture.gov.sg/job/sustainability-esg-consultant-sgs-international-certification-services-singapore-5d354dc72aa8d2b95397167a19dac97b	2026-06-21	MyCareersFuture	Sustainability & ESG Consultant	SGS International	skipped_dup
https://www.mycareersfuture.gov.sg/job/esg-sustainability-consultant-iso-consultants-f044bd689775b35144232e319a43e843	2026-06-21	MyCareersFuture	ESG & Sustainability Consultant	ISO Consultants	skipped_dup
https://www.mycareersfuture.gov.sg/job/managing-consultant-corporate-sustainability-climate-change-environmental-resources-management-dddcadbbce041fe24af116ad6bd9fa34	2026-06-21	MyCareersFuture	Managing Consultant – Corporate Sustainability & Climate Change	ERM	skipped_dup
https://www.mycareersfuture.gov.sg/job/associate-sustainability-trusted-services-e2b9fac9c2337de70ce02ed817c500b1	2026-06-21	MyCareersFuture	Associate – Sustainability (Strategy)	Trusted Services	skipped_dup
https://www.mycareersfuture.gov.sg/job/environment/senior-researcher-esg-carbon-capture-sustainable-finance-tangspac-consulting-d9186a6bd21bb9d7c5d31427271362a1	2026-06-21	MyCareersFuture	Senior Researcher – ESG / Carbon Capture / Sustainable Finance	TangsPac Consulting	skipped_dup
https://www.mycareersfuture.gov.sg/job/consulting/esg-intelligence-analyst-associate-eco-business-d5d27109f17a48bdfc7b8ce689360332	2026-06-21	MyCareersFuture	ESG Intelligence Analyst / Associate	Eco-Business	skipped_dup
https://reliefweb.int/job/3922173/disaster-risk-reduction-and-climate-change-analyst-partnerships-infrastructure	2026-06-22	reliefweb.int	Disaster Risk Reduction and Climate Change Analyst – Partnerships for Infrastructure	Partnerships for Infrastructure (P4I)	added
https://reliefweb.int/job/4023360/specially-appointed-researcher	2026-06-22	reliefweb.int	Specially Appointed Researcher	IGES Bangkok Regional Centre	skipped_title
https://reliefweb.int/job/4040716/climate-action-specialist-and-coordinator	2026-06-22	reliefweb.int	Climate Action Specialist and Coordinator	(TBD – Thailand)	added
https://reliefweb.int/job/4074119/climate-change-and-partnership-project-officer	2026-06-22	reliefweb.int	Climate Change and Partnership Project Officer	(TBD – Thailand)	skipped_dup
https://www.devex.com/jobs/individual-consultant-fund-environmental-social-governance-esg-and-sustainability-1416704	2026-06-22	devex.com	Individual Consultant: Fund ESG and Sustainability	(TBD)	added
https://www.devex.com/jobs/individual-consultant-expert-engagement-framework-on-climate-finance-1413867	2026-06-22	devex.com	Individual Consultant: Expert Engagement Framework on Climate Finance	(TBD)	skipped_dup
https://careers.gggi.org/vacancy/carbon-pricing-senior-associate-578693.html	2026-06-22	careers.gggi.org	Carbon Pricing Senior Associate	GGGI	added
https://careers.gggi.org/vacancy/senior-officer-carbon-project-development-598012.html	2026-06-22	careers.gggi.org	Senior Officer, Carbon Project Development	GGGI	added
https://careers.unido.org/job/Vienna-Project-Coordinator/1354738755/	2026-06-22	careers.unido.org	Project Coordinator (clean hydrogen/industrial decarbonization)	UNIDO	skipped_dup
https://careers.unido.org/job/Vienna-Project-Administrator-%28roster%29/1353753855/	2026-06-22	careers.unido.org	Project Administrator (carbon markets/MRV, roster)	UNIDO	added
https://careers.unido.org/job/Vienna-Investigations-Assistant/1352570055/	2026-06-22	careers.unido.org	Investigations Assistant	UNIDO	skipped_title
https://careers.unido.org/job/Vienna-ICT-Security-Operations-Officer/1354561955/	2026-06-22	careers.unido.org	ICT Security Operations Officer	UNIDO	skipped_title
https://unfccc.int/secretariat/employment/UserManagement/FileStorage/K1IP5TVSHQ3AR2Z8EX0LGMWJDFU9CO	2026-06-22	unfccc.int	Associate Programme Officer P-2	UNFCCC	added
https://www.climatechangecareers.com/job/sei/remote/strategic-energy-management-associate/	2026-06-22	climatechangecareers.com	Strategic Energy Management Associate	SEI (Remote)	added
https://www.climatechangecareers.com/job/ey/singapore-singapore/associate-assurance-climate-change-and-sustainability-services-2026-graduates/	2026-06-22	climatechangecareers.com	Associate – Assurance, Climate Change and Sustainability Services (2026 Graduates)	EY Singapore	skipped_dup
https://www.climatechangecareers.com/job/nasdaq/taguig-philippines/senior-sustainability-and-climate-advisory-analyst/	2026-06-22	climatechangecareers.com	Senior Sustainability and Climate Advisory Analyst	Nasdaq (Philippines)	skipped_dup
https://www.climatechangecareers.com/job/erm/seoul-south-korea/consulting-senior-associate-corporate-sustainability-climate-change/	2026-06-22	climatechangecareers.com	Consulting Senior Associate – Corporate Sustainability & Climate Change	ERM (Seoul)	skipped_title
https://www.climatechangecareers.com/job/erm/shanghai-china/consulting-associate-senior-associate-corporate-sustainability-climate-change/	2026-06-22	climatechangecareers.com	Consulting Associate/Senior Associate – Corporate Sustainability & Climate Change	ERM (Shanghai)	skipped_dup
https://www.mycareersfuture.gov.sg/job/sustainability-climate-change-associate-pricewaterhousecoopers-risk-services-0fa698c91d8cc4a2a294a936823f1b03	2026-06-22	mycareersfuture.gov.sg	Sustainability and Climate Change - Associate	PwC Singapore	skipped_dup
https://www.mycareersfuture.gov.sg/job/climate-change-sustainability-services-associate-assurance-singapore-ernst-young-02d6fc44e144cda71a6c2f6a4ae3f04d	2026-06-22	mycareersfuture.gov.sg	Climate Change and Sustainability Services, Associate	Ernst & Young Singapore	skipped_dup
https://www.mycareersfuture.gov.sg/job/others/senior-associate-climate-change-sustainability-services-ernst-young-921ee24ea1326342ca412b31ec708087	2026-06-22	mycareersfuture.gov.sg	Senior Associate, Climate Change and Sustainability Services	Ernst & Young Singapore	added
https://www.mycareersfuture.gov.sg/job/banking-finance/sustainability-esg-consultant-sgs-international-certification-services-singapore-6d220126d624c09bc5e9e318f86f5d47	2026-06-22	mycareersfuture.gov.sg	Sustainability & ESG Consultant	SGS International (variant)	skipped_dup
https://www.sei.org/people/jobs/research-associate-climate-land-sustainable-transitions/	2026-06-22	sei.org	Research Associate – Climate, Land and Sustainable Transitions	SEI	skipped_dup
https://www.sei.org/people/jobs/energy-environment-researcher/	2026-06-22	sei.org	Energy and Environment Researcher	SEI US	skipped_dup
https://www.sei.org/people/jobs/research-fellow-bankable-climate-adaptation/	2026-06-22	sei.org	Research Fellow – Bankable Climate Adaptation Solutions and Finance Mechanisms	SEI Asia (Bangkok)	skipped_dup
https://www.sei.org/people/jobs/research-associate-staff-scientist-climate-and-energy-policy-us/	2026-06-22	sei.org	Research Associate/Staff Scientist – Climate and Energy Policy	SEI US	skipped_dup
https://www.sei.org/people/jobs/senior-researcher-vulnerability-climate-risk-and-just-adaptation/	2026-06-22	sei.org	Senior Researcher – Vulnerability, Climate Risk and Just Adaptation	SEI Oxford	skipped_dup
https://www.sei.org/people/jobs/research-associate-renewable-energy-latin-america/	2026-06-22	sei.org	Research Associate – Renewable Energy	SEI Latin America	skipped_dup
https://jobs.fao.org/careersection/fao_external/jobdetail.ftl?job=2403266	2026-06-22	jobs.fao.org	Climate Change and Energy Specialist	FAO	added
https://jobs.fao.org/careersection/fao_external/jobdetail.ftl?lang=en&job=2501643	2026-06-22	jobs.fao.org	Environment and Climate Change Specialist	FAO	skipped_dup
https://jobs.fao.org/careersection/fao_external/jobdetail.ftl?job=2600146	2026-06-22	jobs.fao.org	Climate Change Specialist (2600146)	FAO	added
https://jobs.fao.org/careersection/fao_external/jobdetail.ftl?job=2400558	2026-06-22	jobs.fao.org	National Climate Change Specialist	FAO	skipped_title
https://www.impactpool.org/jobs/1107112	2026-06-22	impactpool.org	Green Finance Network Consultant (IKI-ALCBT)	GGGI	added
https://www.impactpool.org/jobs/1199629	2026-06-22	impactpool.org	CCAC National Coordinator for Thailand	UNEP	added
https://careers.unops.org/careersmarketplace/JobDetail/Project-Management-Support-Associate/3206	2026-06-22	careers.unops.org	Project Management Support – Associate	UNOPS	skipped_title
https://careers.unops.org/careersmarketplace/JobDetail/Project-Management-Support-Officer-Analista-Medidas-estruturais-obras-de-redu-o-de-riscos/3006	2026-06-22	careers.unops.org	Project Management Support – Officer	UNOPS	skipped_title
https://jobs.giz.de/index.php?ac=jobad&id=57518	2026-06-22	jobs.giz.de	Advisor – Sustainable Energy	GIZ	skipped_dup
https://jobs.giz.de/index.php?ac=jobad&id=71259	2026-06-22	jobs.giz.de	Advisor – Renewable Energy Grid Integration	GIZ	skipped_title
https://jobs.giz.de/index.php?ac=jobad&id=71205	2026-06-22	jobs.giz.de	Advisor – Green Hydrogen Project Development	GIZ	skipped_title
https://careers.ey.com/ey/job/Bangkok-Assurance-Climate-Change-and-Sustainability_Senior-to-Manager-Bang-10330/1207201901/	2026-06-22	careers.ey.com	Assurance – Climate Change and Sustainability (Senior to Manager)	EY Bangkok	skipped_title
https://aiib.org/en/opportunities/career/job-vacancies/graduate-program/job-details/investment-analyst41.html	2026-06-22	aiib.org	Investment Analyst – Graduate Program	AIIB	skipped_title
https://careers.gggi.org/vacancy/climate-finance-access-network-cfan-senior-associate-nuku%E2%80%99alofa-tonga-568428.html	2026-06-23	careers.gggi.org	Climate Finance Access Network (CFAN) Senior Associate – Tonga	GGGI	added
https://www.impactpool.org/jobs/1203696	2026-06-23	impactpool.org	Operations Officer – Sustainable Infrastructure Advisory	World Bank	added
https://oecd.impactpool.org/vacancies/1165826	2026-06-23	oecd.impactpool.org	Energy Analysts (PAL5/PAL6)	OECD	added
https://reliefweb.int/job/3984131/usaidecuador-energyenvironment-analyst	2026-06-23	reliefweb.int	Energy/Environment Analyst – Ecuador	USAID	added
https://www.unjobnet.org/jobs/detail/84348270	2026-06-23	unjobnet.org	Analyst, Impact Assessment and Foresight	EBRD	added
https://www.unjobnet.org/jobs/detail/85743841	2026-06-23	unjobnet.org	Junior Power Sector Modeller – Temporary	OECD	added
https://www.unjobnet.org/jobs/detail/84604103	2026-06-23	unjobnet.org	Renewable Energy Analyst	OECD	added
https://www.terra.do/climate-jobs/job-board/Remote-Energy-Transition-Analyst-WhatJobs-Direct-8375093/	2026-06-23	terra.do	Remote Energy Transition Analyst	WhatJobs Direct	added
https://www.terra.do/climate-jobs/job-board/sr-renewables-asset-management-analyst-remote-41-8396717/	2026-06-23	terra.do	Sr. Renewables Asset Management Analyst – Remote	ThinkBAC Consulting	added
https://www.terra.do/climate-jobs/job-board/energy-transition-analyst-8385389/	2026-06-23	terra.do	Energy Transition Analyst (Singapore)	SJ Group	added
https://www.terra.do/climate-jobs/job-board/senior-climate-risk-analyst-8255891/	2026-06-23	terra.do	Senior Climate Risk Analyst	GSI Environmental	added
https://jobs.fao.org/careersection/fao_external/jobdetail.ftl?lang=en&job=2400558	2026-06-23	jobs.fao.org	National Climate Change Specialist	FAO	added
https://www.thaingo.org/jobs/detail/14630	2026-06-23	thaingo.org	Senior Advisor – Just Transition in Coal Regions	GIZ Thailand	added
https://www.unescap.org/node/43309	2026-06-23	unescap.org	Disaster Risk Reduction Consultant (Bangkok)	UNESCAP	added
https://jobs.ilo.org/job/National-Project-Coordinator-NOB/13692-en_GB/	2026-06-23	jobs.ilo.org	National Project Coordinator – NOB (Jakarta)	ILO	added
https://jobs.unicef.org/en-us/job/568498/consultant-climate-environment-energy-and-disaster-risk-reduction-design-req-568498	2026-06-23	jobs.unicef.org	Consultant – Climate, Environment, Energy and DRR Design	UNICEF	added
https://jobs.unicef.org/en-us/job/581647/consultancy-sustainable-energy-consultant-req581647	2026-06-23	jobs.unicef.org	Sustainable Energy Consultant	UNICEF	added
https://jobs.unicef.org/en-us/job/591382/sustainable-and-blended-finance-specialist-consultant-office-of-innovation-copenhagen-denmark-6-months-remote	2026-06-23	jobs.unicef.org	Sustainable and Blended Finance Specialist Consultant (Copenhagen/Remote)	UNICEF	added
https://jobs.unicef.org/en-us/job/581662/national-consultant-to-support-climate-risk-and-vulnerability-analysis-remote-70-days	2026-06-23	jobs.unicef.org	National Consultant – Climate Risk and Vulnerability Analysis	UNICEF	added
https://jobs.unicef.org/en-us/job/590650/impact-evaluation-consultant-data-analyst-evaluation-office-nyhq-remote-req-590650	2026-06-23	jobs.unicef.org	Impact Evaluation Consultant – Data Analyst	UNICEF	added
https://jobs.giz.de/index.php?ac=jobad&id=69110	2026-06-23	jobs.giz.de	Project Manager – City Climate Finance Gap Fund	GIZ	added
https://www.aiib.org/en/opportunities/career/job-vacancies/graduate-program/job-details/environment-and-social-analyst.html	2026-06-23	aiib.org	Environment and Social Analyst (Graduate Program)	AIIB	added
https://careers.gggi.org/vacancy/-investment-officer-609445.html	2026-06-23	careers.gggi.org	Investment Officer	GGGI	skipped_dup
https://careers.gggi.org/vacancy/climate-finance-senior-officer-584918.html	2026-06-23	careers.gggi.org	Climate Finance Senior Officer	GGGI	skipped_dup
https://www.unjobnet.org/jobs/detail/79788915	2026-06-23	unjobnet.org	ESG Specialist (7yr req)	UNDP	skipped_dup
https://careers.unido.org/job/Vienna-Monitoring-and-Evaluation-Specialist/1349795655/	2026-06-23	careers.unido.org	Monitoring and Evaluation Specialist	UNIDO	skipped_dup
https://careers.unido.org/job/Belize-National-Project-Coordinator/1347578655/	2026-06-23	careers.unido.org	National Project Coordinator (Belize)	UNIDO	skipped_dup
https://www.mycareersfuture.gov.sg/job/others/natural-climate-solutions-analyst-asia-pacific-conservation-international-asia-pacific-cb773e426fda02251f090166fe698f8b	2026-06-25	mycareersfuture.gov.sg	Natural Climate Solutions Analyst Asia Pacific	Conservation International	skipped_dup
https://www.wri.org/careers/jobs/energy-research-analyst-2026-jr100186	2026-06-25	wri.org	Energy Research Analyst	WRI Indonesia	skipped_dup
https://www.wri.org/careers/jobs/climate-associate-2026-jr100253	2026-06-25	wri.org	Climate Associate	WRI	skipped_dup
https://careers.southpole.com/jobs/5561935-managing-consultant-climate-risk-and-opportunities-physical-risk	2026-06-25	careers.southpole.com	Managing Consultant Climate Risk and Opportunities Physical Risk	South Pole	skipped_dup
https://jobs.sea.deloitte.com/job/Singapore-A&A-Consultant-(Sustainability-&-Emerging-Assurance)-Sing/1328862166/	2026-06-25	jobs.sea.deloitte.com	Consultant Sustainability and Emerging Assurance	Deloitte Singapore	skipped_dup
https://www.climatechangecareers.com/job/deloitte/singapore-singapore/consultant-sustainability-emerging-assurance/	2026-06-25	climatechangecareers.com	Consultant Sustainability and Emerging Assurance	Deloitte Singapore	skipped_dup
https://www.climatechangecareers.com/job/nestle/bangkok-thailand/sustainability-manager/	2026-06-25	climatechangecareers.com	Sustainability Manager	Nestle Bangkok	skipped_dup
https://kpmg.com/th/en/home/careers/jobs-advisory/esg-sustainability-services-consultant-manager.html	2026-06-25	kpmg.com	ESG Sustainability Services Consultant Manager	KPMG Thailand	skipped_dup
https://www.climatechangecareers.com/job/kpmg-thailand/bangkok-thailand/esg-sustainability-services-consultant-manager/	2026-06-25	climatechangecareers.com	ESG Sustainability Services Consultant Manager	KPMG Thailand	skipped_dup
https://kpmg.com/th/en/home/careers/jobs-advisory/esg-sustainability-services-green-financing-manager.html	2026-06-25	kpmg.com	ESG Sustainability Services Green Financing Manager	KPMG Thailand	skipped_dup
https://erm.wd3.myworkdayjobs.com/ERM_Careers/job/Bangkok-Thailand/Consulting-Associate-Senior-Associate---Corporate-Sustainability-and-Climate-Change_R00018755	2026-06-25	erm.wd3.myworkdayjobs.com	Consulting Associate Senior Associate Corporate Sustainability Climate Change	ERM Bangkok	skipped_dup
https://erm.wd3.myworkdayjobs.com/ERM_Careers/job/Bangkok-Thailand/Managing-Consultant-Corporate-Sustainability---Climate-Change_R00019699	2026-06-25	erm.wd3.myworkdayjobs.com	Managing Consultant Corporate Sustainability Climate Change	ERM Bangkok	skipped_dup
https://www.climatechangecareers.com/job/erm/bangkok-thailand/corporate-sustainability-and-climate-change-consultant/	2026-06-25	climatechangecareers.com	Corporate Sustainability and Climate Change Consultant	ERM Bangkok	skipped_dup
https://unjobs.org/vacancies/1777287425815	2026-06-25	unjobs.org	Programme Specialist Climate Finance Bangkok	UNICEF EAPRO	skipped_dup
https://www.unjobnet.org/jobs/detail/85823466	2026-06-25	unjobnet.org	Programme Specialist Climate Finance Re-Advertisement	UNICEF EAPRO	skipped_dup
https://unjobs.org/vacancies/1770190363610	2026-06-25	unjobs.org	Renewable Energy Access to Finance Coaching Expert Bangkok	UNEP	skipped_dup
https://unjobs.org/vacancies/1761903085873	2026-06-25	unjobs.org	National Climate Analysis Expert Bangkok	ESCAP	skipped_dup
https://unjobs.org/vacancies/1761903087095	2026-06-25	unjobs.org	Programme Associate Water and Climate Change Nexus Bangkok	ESCAP	skipped_dup
https://www.impactpool.org/jobs/1181975	2026-06-25	impactpool.org	Consultant for Low Carbon Building Investments Thailand	GGGI Thailand	skipped_dup
https://www.impactpool.org/jobs/1181973	2026-06-25	impactpool.org	Consultant for Green Finance Network GFN Setup Thailand	GGGI Thailand	skipped_dup
https://www.impactpool.org/jobs/1013192	2026-06-25	impactpool.org	Climate Change Specialist Asia Bangkok	IRC	skipped_dup
https://unjobs.org/vacancies/1767208633031	2026-06-25	unjobs.org	Project Analyst Bangkok Thailand Climate Resilience GCF	UNDP	skipped_dup
https://unjobs.org/vacancies/1777692497119	2026-06-25	unjobs.org	Trust Funds Portfolio Manager Blue Economy Bangkok	UNDP Bangkok	skipped_dup
https://unjobs.org/vacancies/1766849148999	2026-06-25	unjobs.org	Climate Action Portfolio Manager Bangkok	UNDP Thailand	skipped_dup
https://unjobs.org/vacancies/1778832407684	2026-06-25	unjobs.org	Programme Support Contractor Bangkok ESCAP	ESCAP	skipped_dup
https://www.impactpool.org/jobs/1201478	2026-06-25	impactpool.org	Strategic Initiatives Manager Policy and Institutions	JADE Dialogues	added
https://www.mycareersfuture.gov.sg/job/banking-finance/associate-director-esg-analysis-fitch-ratings-singapore-c1031b162b538af2e580eb65004ab580	2026-06-25	mycareersfuture.gov.sg	Associate Director ESG Analysis Sustainability	Fitch Ratings Singapore	skipped_title
https://climatebase.org/job/55430881/analyst-esg-methodology	2026-06-25	climatebase.org	Analyst ESG Methodology	Sustainalytics	skipped_dup
https://jobs.greenclimate.fund/job/Incheon,-South-Korea-(ICN)-Climate-Investment-Specialist/1199984501/	2026-06-25	jobs.greenclimate.fund	Climate Investment Specialist	GCF	skipped_title
https://www.unjobnet.org/jobs/detail/85767609	2026-06-25	unjobnet.org	Monitoring and Evaluation Specialist Vienna	UNIDO	skipped_dup
https://careers.unido.org/job/Vienna-Monitoring-and-Evaluation-Specialist/1349795655/	2026-06-25	careers.unido.org	Monitoring and Evaluation Specialist	UNIDO	skipped_dup
https://www.impactpool.org/jobs/1200589	2026-06-25	impactpool.org	Senior Regional Expert Bangkok	UNEP	skipped_title
https://unjobs.org/vacancies/1774561034325	2026-06-25	unjobs.org	National Cooling Consultant Bangkok	ESCAP	skipped_dup
https://unjobs.org/vacancies/1775198057786	2026-06-25	unjobs.org	Consultant Sinking Cities Project Phase 1 Bangkok	ESCAP	skipped_dup
https://unjobs.org/vacancies/1765247460856	2026-06-25	unjobs.org	Sustainable Finance Consultant Bangkok	ESCAP	skipped_dup
https://www.terra.do/climate-jobs/job-board/Climate-Change-Analyst-Tc-Energy-8317092/	2026-06-25	terra.do	Climate Change Analyst	TC Energy	skipped_title
https://www.terra.do/climate-jobs/job-board/energy-and-sustainability-associate-8402509/	2026-06-25	terra.do	Energy and Sustainability Associate	Caltech	skipped_title
https://careers.bcg.com/global/en/job/53629/Associate-Thailand-Campus-2026	2026-06-25	careers.bcg.com	Associate Thailand Campus 2026	BCG Thailand	skipped_dup
https://www.aiib.org/en/opportunities/career/job-vacancies/staff/job-details/investment-solutions-associate-climate96.html	2026-06-25	aiib.org	Investment Solutions Associate Climate	AIIB	skipped_dup
https://www.aiib.org/en/opportunities/career/job-vacancies/staff/future-job-details/Environment-Specialists-Senior-Specialists.html	2026-06-25	aiib.org	Environment Specialists Senior Specialists	AIIB	skipped_dup
https://www.impactpool.org/jobs/1107112	2026-06-25	impactpool.org	Green Finance Network Consultant International IKI-ALCBT	GGGI	skipped_dup
https://www.impactpool.org/jobs/1199629	2026-06-25	impactpool.org	CCAC National Coordinator for Thailand	UNEP	skipped_dup
https://careers.unido.org/job/Vienna-Project-Coordinator/1354738755/	2026-06-26	careers.unido.org	Project Coordinator (Vienna, ISA-P3)	UNIDO	added
https://jobs.unicef.org/mob/cw/en-us/job/593852/senior-data-scientist-climate-change-and-emergency-consultant-593852	2026-06-26	jobs.unicef.org	Senior Data Scientist, Climate Change Consultant	UNICEF	added
https://careers.un.org/jobSearchDescription/276436	2026-06-26	careers.un.org	Senior Consultant for Carbon Markets and NbS	UNEP	added
https://careers.un.org/jobSearchDescription/278165	2026-06-26	careers.un.org	Programme Officer P3 (Energy Transition for Green Growth)	UN	added
https://www.unjobnet.org/jobs/detail/86392899	2026-06-26	unjobnet.org	Low-carbon Housing Expert (Consultant)	UNEP	added
https://unjobs.org/vacancies/1762793914063	2026-06-26	unjobs.org	Climate Finance Youth Engagement Consultant	UNICEF	added
https://jobs.greenclimate.fund/job/Incheon,-South-Korea-(ICN)-Investment-Risk-Specialist/1198367401/	2026-06-26	jobs.greenclimate.fund	Investment Risk Specialist	GCF	added
https://jobs.greenclimate.fund/job/Incheon,-South-Korea-(ICN)-Evaluation-Data-Associate/902608301/	2026-06-26	jobs.greenclimate.fund	Evaluation Data Associate (IEU)	GCF	added
https://jobs.greenclimate.fund/job/Incheon,-South-Korea-(ICN)-Climate-Impact-Project-Specialist-(Talent-Pool)/1185277101/	2026-06-26	jobs.greenclimate.fund	Climate Impact Project Specialist (Talent Pool)	GCF	added
https://www.climatechangecareers.com/job/erm/seoul-south-korea/consulting-senior-associate-corporate-sustainability-climate-change/	2026-06-26	climatechangecareers.com	Consulting Senior Associate – Corporate Sustainability & Climate Change	ERM Seoul	added
https://www.climatechangecareers.com/job/sei/remote/climate-and-decarbonization-strategy-associate/	2026-06-26	climatechangecareers.com	Climate and Decarbonization Strategy Associate (Remote)	SEI	added
https://www.climatechangecareers.com/job/sei/remote/project-and-sustainability-associate/	2026-06-26	climatechangecareers.com	Project and Sustainability Associate (Remote)	SEI	added
https://reliefweb.int/job/4107488/consultancy-climate-and-water-research-analyst-remote	2026-06-26	reliefweb.int	Climate and Water Research Analyst (Remote)	Mercy Corps	added
https://careers.southpole.com/jobs/7015526-managing-consultant-climate-risk-disclosure	2026-06-26	careers.southpole.com	Managing Consultant – Climate Risk & Disclosure	South Pole	added
https://careers.southpole.com/jobs/7162036-lead-operations-finance-analyst-climate-advisory	2026-06-26	careers.southpole.com	Lead Operations & Finance Analyst, Climate Advisory	South Pole	added
https://www.mycareersfuture.gov.sg/job/sustainability-esg-consultant-sgs-international-certification-services-singapore-5d354dc72aa8d2b95397167a19dac97b	2026-06-26	mycareersfuture.gov.sg	Sustainability & ESG Consultant	SGS Singapore	added
https://www.mycareersfuture.gov.sg/job/consulting/esg-intelligence-analyst-associate-eco-business-d5d27109f17a48bdfc7b8ce689360332	2026-06-26	mycareersfuture.gov.sg	ESG Intelligence Analyst / Associate	Eco-Business Singapore	added
https://www.mycareersfuture.gov.sg/job/esg-analyst-fitch-ratings-singapore-ee65e7f20f98b2f6ebcfb864ec7f9ec6	2026-06-26	mycareersfuture.gov.sg	ESG Analyst	Fitch Ratings Singapore	added
https://www.climatechangecareers.com/job/ey/singapore-singapore/associate-assurance-climate-change-and-sustainability-services-2026-graduates/	2026-06-26	climatechangecareers.com	Associate – Assurance, Climate Change and Sustainability Services (2026 Graduates)	EY Singapore	added
https://www.thaingo.org/jobs/detail/18552/2	2026-06-26	thaingo.org	ESG Specialist (Bangkok)	DAI/USAID PAGI	added
https://www.thaingo.org/jobs/detail/15266	2026-06-26	thaingo.org	Research Fellow: Finance for Adaptation	Centre for Finance for Sustainability Bangkok	added
https://oecd.impactpool.org/vacancies/1183747	2026-06-26	oecd.impactpool.org	Young Associate 2026-28	IEA/OECD	added
https://www.impactpool.org/jobs/1177972	2026-06-26	impactpool.org	Individual Consultant: ESG Specialist (Central America)	GGGI	added
https://www.devex.com/jobs/individual-consultant-expert-engagement-framework-on-climate-finance-1413867	2026-06-26	devex.com	Individual Consultant: Expert Engagement Framework on Climate Finance	GGGI	added
https://www.impactpool.org/jobs/1126215	2026-06-26	impactpool.org	Responsible Investment Analyst (Geneva)	UNJSPF	added
https://www.impactpool.org/jobs/1139263	2026-06-26	impactpool.org	Junior Clean Energy Technology Modeller and Analyst	OECD/IEA	added
https://jobs.greenclimate.fund/job/Incheon,-South-Korea-(ICN)-Climate-Investment-Specialist/1199984501/	2026-06-26	jobs.greenclimate.fund	Climate Investment Specialist	GCF	skipped_dup
https://careers.southpole.com/jobs/7003376-principal-consultant-climate-action	2026-06-26	careers.southpole.com	Principal Consultant – Climate Action	South Pole	skipped_title
https://www.impactpool.org/jobs/1201478	2026-06-26	impactpool.org	Strategic Initiatives Manager	JADE Dialogues	skipped_dup
https://www.aiib.org/en/opportunities/career/job-vacancies/staff/job-details/investment-solutions-associate-climate96.html	2026-06-26	aiib.org	Investment Solutions Associate Climate	AIIB	skipped_dup
https://climatebase.org/jobs/	2026-06-26	climatebase.org	(search page – no new items)	Various	skipped_dup
https://careers.gggi.org/vacancy/monitoring-evaluation-and-learning-mel-consultant-597027.html	2026-06-27	careers.gggi.org	Monitoring, Evaluation and Learning (MEL) Consultant	GGGI	added
https://reliefweb.int/job/4194246/financing-analyst-development-peace-climate-sohs-2026-report	2026-06-27	reliefweb.int	Financing Analyst – Development, Peace, Climate (SOHS 2026)	OCHA/SOHS	added
https://careers.un.org/jobSearchDescription/270033	2026-06-27	careers.un.org	Sustainable Development Officer (P3)	UN	added
https://careers.un.org/jobSearchDescription/228443	2026-06-27	careers.un.org	Programme Officer (Environment and Climate)	UN/UNEP	added
https://www.climatechangecareers.com/job/pwc-singapore/singapore-singapore/risk-services-sustainability-and-climate-change-advisory-senior-associate/	2026-06-27	climatechangecareers.com	Risk Services – Sustainability and Climate Change Advisory (Senior Associate)	PwC Singapore	added
https://careers.unido.org/job/Vienna-Industrial-Development-Officer/1352426455/	2026-06-27	careers.unido.org	Industrial Development Officer (Vienna)	UNIDO	added
https://careers.unido.org/job/Vienna-Project-Associate/1353344655/	2026-06-27	careers.unido.org	Project Associate (Vienna)	UNIDO	added
https://untalent.org/jobs/due-diligence-and-risk-assessment-consultant	2026-06-27	untalent.org	Due Diligence and Risk Assessment Consultant	FAO	added
https://jobs.fao.org/careersection/fao_external/jobdetail.ftl?job=2600649	2026-06-27	jobs.fao.org	National Environmental Specialist	FAO	added
https://jobs.fao.org/careersection/fao_external/jobdetail.ftl?lang=en&job=2403834	2026-06-27	jobs.fao.org	Environmental and Social Safeguards and Sustainability Specialist	FAO	added
https://jobs.fao.org/careersection/fao_external/jobdetail.ftl?job=2500809	2026-06-27	jobs.fao.org	Climate Change Specialist	FAO	added
https://jobs.fao.org/careersection/fao_external/jobdetail.ftl?job=2501593	2026-06-27	jobs.fao.org	Climate Change Specialist (2 positions)	FAO	added
https://jobs.fao.org/careersection/fao_external/jobdetail.ftl?lang=en&job=2500920	2026-06-27	jobs.fao.org	Climate Change and Sustainable Agriculture Specialist	FAO	added
https://www.terra.do/climate-jobs/job-board/esg-climate-analyst-datadriven-global-impact-8386015/	2026-06-27	terra.do	ESG & Climate Analyst (Taguig, Philippines)	Nasdaq	added
https://www.terra.do/climate-jobs/job-board/Senior-Consultant-Sustainability-Infosys-8359377/	2026-06-27	terra.do	Senior Consultant – Sustainability	Infosys	added
https://climatebase.org/job/58735033/portfolio-esg-analystassociate	2026-06-27	climatebase.org	Portfolio ESG Analyst/Associate	Octopus Energy	added
https://jobs.unops.org/Pages/ViewVacancy/VADetails.aspx?id=30755	2026-06-27	jobs.unops.org	Technical Senior Analyst – Environmental (Energy Transition Planning), Retainer	UNOPS	added
https://jobs.unops.org/pages/viewvacancy/VADetails.aspx?id=27983	2026-06-27	jobs.unops.org	NDC Partnership Climate Change Analyst (Kyrgyz Republic), Retainer	UNOPS	added
https://jobs.unops.org/pages/viewvacancy/VADetails.aspx?id=29434	2026-06-27	jobs.unops.org	Technical Senior Officer – Environmental (Energy Policy)	UNOPS	added
https://oecd.impactpool.org/vacancies/1187934	2026-06-27	oecd.impactpool.org	Policy Analyst – People-centred clean energy transitions	OECD/IEA	added
https://oecd.impactpool.org/vacancies/1199180	2026-06-27	oecd.impactpool.org	Renewable Energy Analyst	OECD/IEA	added
https://www.impactpool.org/jobs/1118514	2026-06-27	impactpool.org	Regional Preparedness and Climate Change Adaptation Officer P3 (Bangkok)	IOM	added
https://www.adb.org/careers/260384	2026-06-27	adb.org	Senior Adaptation Solutions Specialist (Glaciers)	ADB	added
https://www.adb.org/careers/250958	2026-06-27	adb.org	Adaptation Solutions Specialist	ADB	added
https://www.adb.org/careers/260455	2026-06-27	adb.org	Senior Low-Carbon Solutions Specialist	ADB	added
https://www.adb.org/careers/240239	2026-06-27	adb.org	Senior Climate Change Officer	ADB	added
https://careers.gggi.org/vacancy/project-officer-green-growth-and-climate-change-567856.html	2026-06-28	GGGI careers	Project Officer – Green Growth and Climate Change	GGGI	added
https://careers.gggi.org/vacancy/climate-change-officer-599913.html	2026-06-28	GGGI careers	Climate Change Officer	GGGI	added
https://careers.gggi.org/vacancy/carbon-pricing-senior-officer-578695.html	2026-06-28	GGGI careers	Carbon Pricing Senior Officer	GGGI	added
https://careers.gggi.org/vacancy/ic-fx-risk-management-strategy-for-climate-and-eco-finance-at-fdb-596196.html	2026-06-28	GGGI careers	IC FX Risk Management Strategy for Climate and Eco Finance at FDB	GGGI	added
https://jobs.unops.org/pages/viewvacancy/VADetails.aspx?id=27497	2026-06-28	UNOPS jobs	Climate Mitigation Senior Analyst	UNOPS	added
https://jobs.unops.org/pages/viewvacancy/VADetails.aspx?id=29918	2026-06-28	UNOPS jobs	Project Management Support Specialist – Climate and Energy	UNOPS	added
https://jobs.unops.org/Pages/ViewVacancy/VADetails.aspx?id=20149	2026-06-28	UNOPS jobs	Technical Specialist – Environmental (Climate Change)	UNOPS	added
https://unjobs.org/vacancies/1775252021936	2026-06-28	UNjobs Bangkok	Programme Management Senior Officer	UNOPS	added
https://careers.unido.org/job/Vienna-External-Relations-Officer/1353173555/	2026-06-28	UNIDO careers	External Relations Officer	UNIDO	added
https://jobs.fao.org/careersection/fao_external/jobdetail.ftl?lang=en&job=2501417	2026-06-28	FAO careers	National Climate Change Expert	FAO	added
https://jobs.greenclimate.fund/job/Remote-(Remote)-GCF-Roster-Pool-of-Experts-Financial-Management-Senior-Consultant/1174738101/	2026-06-28	GCF jobs	GCF Roster – Financial Management Senior Consultant	GCF	added
https://jobs.greenclimate.fund/job/Impact-Evaluation-Specialist/938313301/	2026-06-28	GCF jobs	Impact Evaluation Specialist	GCF	added
https://jobs.greenclimate.fund/job/Remote-(Remote)-Strategic-Investment-Partnerships-and-Co-Investments-Consultant/1173215001/	2026-06-28	GCF jobs	Strategic Investment Partnerships and Co-Investments Consultant	GCF	added
https://jobs.greenclimate.fund/job/Incheon,-South-Korea-(ICN)-Financial-Performance-and-Flows-portfolio-Specialist/846807101/	2026-06-28	GCF jobs	Financial Performance and Flows Portfolio Specialist	GCF	added
https://oecd.impactpool.org/vacancies/1183742	2026-06-28	OECD Impactpool	Young Associate 2026-28 – Environment Directorate	OECD	added
https://oecd.impactpool.org/vacancies/1161486	2026-06-28	OECD Impactpool	Environmental Data Scientist	OECD	added
https://oecd.impactpool.org/vacancies/1202046	2026-06-28	OECD Impactpool	Critical Minerals Analyst	OECD/IEA	added
https://oecd.impactpool.org/vacancies/1189031	2026-06-28	OECD Impactpool	Junior Policy Analyst	OECD	added
https://oecd.impactpool.org/vacancies/1194527	2026-06-28	OECD Impactpool	Programme Manager – Energy Efficiency Hub	OECD/IEA	added
https://oecd.impactpool.org/vacancies/1172752	2026-06-28	OECD Impactpool	Data Ecosystem Policy Analyst – Development Data	OECD	added
https://oecd.impactpool.org/vacancies/1209701	2026-06-28	OECD Impactpool	Junior Policy Analyst – Development Impact and Digital	OECD	added
https://www.unjobnet.org/jobs/detail/82783260	2026-06-28	UNjobnet	Young Associate – Energy Modelling Office	OECD/IEA	added
https://www.unjobnet.org/jobs/detail/77321578	2026-06-28	UNjobnet	Junior Policy Analyst – Green Finance and Investment	OECD	added
https://www.unjobnet.org/jobs/detail/84639712	2026-06-28	UNjobnet	Sustainability Lead	ESA	added
https://www.unjobnet.org/jobs/detail/78080681	2026-06-28	UNjobnet	ESG Transformation Expert – Individual Consultant	ADB	added
https://www.unjobnet.org/jobs/detail/68072333	2026-06-28	UNjobnet	Climate Policy and Carbon Market Associate	EBRD	added
https://untalent.org/jobs/consultancy-environment-social-and-governance-esg-consultant-office-of-innovation-7-months-remote	2026-06-28	UNtalent	ESG Consultant – Office of Innovation	UNICEF	added
https://jobs.unicef.org/en-us/job/592440	2026-06-28	UNICEF jobs	COP31 Climate Action Consultant	UNICEF	added
https://jobs.unicef.org/cw/en-us/job/592504	2026-06-28	UNICEF jobs	Climate Resilient WASH Data Analyst	UNICEF	added
https://jobs.unicef.org/en-us/job/581907	2026-06-28	UNICEF jobs	Consultancy – Climate Change Negotiations in Latin America and Caribbean	UNICEF	added
https://jobs.ilo.org/job/Programme-Assistant-G5-(DC)/13655-en_GB/	2026-06-28	ILO jobs	Programme Assistant G5	ILO	added
https://jobs.ilo.org/job/Tokyo-Programme-Officer-NOA/13595-en_GB/	2026-06-28	ILO jobs	Programme Officer – NOA	ILO	added
https://careers.southpole.com/jobs/2662973-associate-consultant-environmental-impact-accounting	2026-06-28	South Pole careers	Associate Consultant – Environmental Impact Accounting	South Pole	added
https://careers.southpole.com/jobs/950499-consultant-climate-strategies	2026-06-28	South Pole careers	Consultant – Climate Strategies	South Pole	added
https://www.climatechangecareers.com/job/decoding-impact/bengaluru-india/associate-consultant-climate/	2026-06-28	ClimateChangeCareers	Associate Consultant, Climate	Decoding Impact	added
https://www.climatechangecareers.com/job/kuehne-climate-center/hamburg-germany/senior-data-analyst-climate-sustainability-carbon-analytics/	2026-06-28	ClimateChangeCareers	Senior Data Analyst – Climate Sustainability & Carbon Analytics	Kuehne Climate Center	added
https://www.terra.do/climate-jobs/job-board/Renewable-Energy-Policy-Advocate--Analyst-to-Associate-level----REMOTE-Thinkbac-Consulting-8259194/	2026-06-28	Terra.do	Renewable Energy Policy Advocate – Analyst to Associate level	ThinkBAC Consulting	added
https://climatebase.org/job/66389066/analystassociate-consultant	2026-06-28	Climatebase	Analyst/Associate Consultant	Climatebase	added
https://climatebase.org/job/71120474/senior-energy-data-analyst-dfm	2026-06-28	Climatebase	(Senior) Energy Data Analyst	Climatebase	added
https://thaingo.org/jobs/detail/21402	2026-06-28	ThaiNGO	Program Coordinator	ThaiNGO	added
https://thaingo.org/jobs/detail/21355	2026-06-28	ThaiNGO	Final Evaluation Consultant – Trees4All Project	ThaiNGO	added
https://www.thaingo.org/jobs/detail/14119/145	2026-06-28	ThaiNGO	Senior Advisor – Energy System/Policy (TGC-EMC)	GIZ Thailand	added
https://careers.un.org/jobSearchDescription/277307	2026-06-28	UN Careers	Programme Management Officer P4 – Climate Change (Bangkok)	UNEP	added
https://careers.un.org/jobSearchDescription/278136	2026-06-28	UN Careers	Programme Officer P4	UN	added
https://careers.un.org/jobSearchDescription/230057	2026-06-28	UN Careers	Programme Management Officer	UN	added
https://jobs.undp.org/cj_view_job.cfm?cur_job_id=89118	2026-06-28	UNDP jobs	Junior Analyst Consultant – Energy and Climate Change	UNDP GEF	added
https://jobs.undp.org/cj_view_job.cfm?cur_lang=en&cur_job_id=98324	2026-06-28	UNDP jobs	Project Analyst – Energy/Climate Aggregation Platform	UNDP	added
https://www.adb.org/careers/240182	2026-06-28	ADB careers	Climate Change Specialist	ADB	added
https://www.adb.org/careers/260158	2026-06-28	ADB careers	Adaptation Solutions Specialist (Human and Social Development)	ADB	added
https://www.impactpool.org/jobs/1206154	2026-06-28	Impactpool	Consultant – Mapping of Community and/or Locally Led Initiatives Relevant to Climate Mobility	IOM	added
https://www.devex.com/jobs/esg-risk-consultant-738312	2026-06-28	Devex	ESG Risk Consultant	Devex	added
https://www.devex.com/jobs/environmental-social-and-governance-esg-research-analyst-744245	2026-06-28	Devex	ESG Research Analyst	Devex	added
https://www.devex.com/jobs/international-consultant-sustainable-development-strategy-for-the-seas-of-east-asia-786393	2026-06-28	Devex	International Consultant – Sustainable Development Strategy for the Seas of East Asia	COBSEA/UNEP	added
https://reliefweb.int/job/3872314	2026-06-28	ReliefWeb	Senior Consultant for Climate Change Policy Analysis	FHI 360	added
https://reliefweb.int/job/4010181	2026-06-28	ReliefWeb Thailand	Project Manager – Thailand	ReliefWeb	added
https://reliefweb.int/job/3937595	2026-06-28	ReliefWeb Thailand	Spark Fund – Thailand Specialist	ReliefWeb	added
https://reliefweb.int/job/4204508	2026-06-28	ReliefWeb	Monitoring and Evaluation (M&E) Specialist (Consultant)	ReliefWeb	added
https://jobs.giz.de/index.php?ac=jobad&id=73964	2026-06-28	GIZ jobs	Advisor – Technical Support Unit, Mitigation Action Facility	GIZ	added
https://jobs.giz.de/index.php?ac=jobad&id=62762	2026-06-28	GIZ jobs	Advisor – Financing of Renewable Energy Projects	GIZ	added
https://careers.un.org/jobSearchDescription/277456	2026-06-29	UN Careers — climate consultants	Climate Services Financing Framework and Business Model Consultant	UN/UNEP	added
https://careers.un.org/jobSearchDescription/275973	2026-06-29	UN Careers — climate consultants	Consultant Specialist in Climate Finance	UN/UNEP	added
https://careers.un.org/jobSearchDescription/257545	2026-06-29	UN Careers — climate consultants	Climate Change Specialist Consultant	UN	added
https://careers.un.org/jobSearchDescription/252728	2026-06-29	UN Careers — climate consultants	Consultant – Environmental Sustainability Specialist	UN	added
https://careers.un.org/jobSearchDescription/267189	2026-06-29	UN Careers — climate consultants	Environmental Sustainability Consultant	UN	added
https://careers.un.org/jobSearchDescription/232297	2026-06-29	UN Careers — climate consultants	Climate Change Mitigation Consultant	UN	added
https://careers.un.org/jobSearchDescription/270128	2026-06-29	UN Careers — climate consultants	Strategic Foresight and Evaluation Expert on Climate Resilience	UN	added
https://careers.un.org/jobSearchDescription/279676	2026-06-29	UN Careers — climate consultants	AMCEN Coordination Support Expert	UN	skipped_title
https://www.adb.org/careers/240250	2026-06-29	ADB careers	Senior Climate Change Specialist	ADB	added
https://www.adb.org/careers/260137	2026-06-29	ADB careers	Senior Project Officer (Energy)	ADB	added
https://jobs.fao.org/careersection/fao_external/jobdetail.ftl?lang=en&job=2502977	2026-06-29	FAO careers	National Specialist – Climate Change, GIS	FAO	added
https://climatebase.org/job/71676500/data-analyst---esg	2026-06-29	Climatebase	Data Analyst – ESG	Various	added
https://climatebase.org/job/66085067/senior-analyst	2026-06-29	Climatebase	Senior Analyst (Climate/Sustainability)	Various	added
https://jobs.unops.org/pages/viewvacancy/VADetails.aspx?id=28867	2026-06-29	UNOPS jobs	Senior Energy Analyst – Renewable Energy	UNOPS	added
https://www.terra.do/climate-jobs/job-board/sustainability-analytics-consultant-energy-esg-8393707/	2026-06-29	Terra.do	Sustainability Analytics Consultant – Energy & ESG	Guidehouse	added
https://www.terra.do/climate-jobs/job-board/E-S-Analyst---Greenhouse-Gas-Energy---Sustainability-Cbre-8389314/	2026-06-29	Terra.do	E&S Analyst – Greenhouse Gas/Energy & Sustainability	CBRE	added
https://www.thaingo.org/jobs/detail/14936	2026-06-29	ThaiNGO	Climate Change and Green Jobs Technical Advisor	GIZ Thailand	added
https://jobs.unicef.org/en-us/job/591480/international-consultant-programme-specialist-climate-change	2026-06-29	UNICEF jobs	International Consultant – Programme Specialist, Climate Change	UNICEF	added
https://www.unjobnet.org/jobs/detail/82499011	2026-06-29	UNjobnet	International Sustainability and Climate Resilience Consultant	UNDP	added
https://www.unjobnet.org/jobs/detail/76067024	2026-06-29	UNjobnet	Programme Specialist – Climate Finance (Re-advertisement)	UNICEF EAPRO	added
https://jobs.undp.org/cj_view_job.cfm?cur_job_id=92386	2026-06-29	UNDP jobs	Energy Consultant (Climate Aggregation Platform)	UNDP/GEF	added
https://jobs.undp.org/cj_view_job.cfm?cur_job_id=97291	2026-06-29	UNDP jobs	Policy Analyst (Sustainable Finance)	UNDP	added
https://jobs.undp.org/cj_view_job.cfm?cur_job_id=60650	2026-06-29	UNDP jobs	Sustainable Energy Consultant	UNDP	added
https://jobs.undp.org/cj_view_job.cfm?cur_job_id=101462	2026-06-29	UNDP jobs	National Consultant – Climate Change Expert	UNDP	added
https://jobs.giz.de/index.php?ac=jobad&id=63157	2026-06-29	GIZ jobs	Advisor – Energy Efficiency in Buildings	GIZ	added
https://jobs.giz.de/index.php?ac=jobad&id=76945	2026-06-29	GIZ jobs	Team Leader – Energy Transition Specialist	GIZ	added
https://jobs.greenclimate.fund/job/NA-Compliance-Consultant/924586701/	2026-06-29	GCF jobs	Compliance Consultant	GCF	added
https://jobs.greenclimate.fund/job/Incheon,-South-Korea-(ICN)-Financial-Reporting-and-Accounting-Consultant/1147206801/	2026-06-29	GCF jobs	Financial Reporting and Accounting Consultant	GCF	added
https://careers.gggi.org/vacancy/indonesia-senior-associate-communications-and-knowledge-sharing-607427.html	2026-06-29	GGGI careers	Senior Associate – Communications and Knowledge Sharing (Indonesia)	GGGI	skipped_title
https://careers.gggi.org/vacancy/program-assistant-morocco-608831.html	2026-06-29	GGGI careers	Program Assistant (Morocco)	GGGI	skipped_title
https://jobs.giz.de/index.php?ac=jobad&id=78386	2026-06-29	GIZ jobs	Development Financing Expert – Greener Municipal Services South Africa	GIZ	skipped_title
https://careers.unido.org/job/Vienna-Intern-(Climate-Technology-Innovation)/1353994655/	2026-06-29	UNIDO careers	Intern – Climate Technology Innovation	UNIDO	skipped_title
https://jobs.greenclimate.fund/en/sites/CX_1001/job/3306	2026-06-29	GCF jobs	Financial Planning and Analysis Manager	GCF	skipped_title
https://jobs.greenclimate.fund/en/sites/GCF-Careers/job/3224	2026-06-29	GCF jobs	Lead Credit and Investment Risk Specialist	GCF	skipped_title
https://jobs.greenclimate.fund/job/Incheon,-South-Korea-(ICN)-ICT-ERP-and-EPM-Specialist-Consultant/938437501/	2026-06-29	GCF jobs	ICT ERP and EPM Specialist Consultant	GCF	skipped_title
https://www.aiib.org/en/opportunities/career/job-vacancies/staff/future-job-details/Environment-Associate-for-pooling-only.html	2026-07-01	AIIB careers	Environment Associate (for pooling only)	AIIB	added
https://tw.linkedin.com/jobs/view/sustainability-consultant-esg-consulting-office-taipei-at-delta-electronics-4202799125	2026-07-01	LinkedIn	Sustainability Consultant – ESG Consulting Office (Taipei)	Delta Electronics	added
https://www.impactpool.org/jobs/1203696	2026-07-01	Impactpool	Operations Officer – Sustainable Infrastructure Advisory (SIA)	World Bank Group	added
https://www.impactpool.org/jobs/1197103	2026-07-01	Impactpool	Analyst, Impact Assessment and Foresight	EBRD	added
https://www.climatechangecareers.com/job/world-resources-institute/washington-dc-united-states/research-analyst-ii-natural-climate-solutions/	2026-07-01	ClimateChangeCareers	Research Analyst II, Natural Climate Solutions	WRI	added
https://www.climatechangecareers.com/job/world-resources-institute/remote/consultant-as-research-assistant-for-payment-watershed-services-policy-merangin-based/	2026-07-01	ClimateChangeCareers	Consultant – Research Assistant, Payment Watershed Services Policy (Indonesia)	WRI	added
https://ch.linkedin.com/jobs/view/project-management-support-officer-at-unops-4378171878	2026-07-01	LinkedIn	Project Management Support Officer (Geneva)	UNOPS	added
https://in.linkedin.com/jobs/view/programme-management-officer-at-un-environment-programme-3738082618	2026-07-01	LinkedIn	Programme Management Officer – Cooling Programs, Asia Pacific (New Delhi)	UNEP	added
https://careers.un.org/jobSearchDescription/239662	2026-07-01	UN Careers	Environment Officer (LTAG Monitoring and Reporting)	UNEP	added
https://careers.un.org/jobSearchDescription/235339	2026-07-01	UN Careers	Associate Programme Management Officer (Paris)	UNEP	added
https://careers.un.org/jobSearchDescription/277307	2026-07-01	UN Careers	Programme Management Officer P-4 (Bangkok)	UNEP	added
https://www.thaingo.org/jobs/detail/18999/16	2026-07-01	ThaiNGO	ESG Program Manager (Bangkok)	USAID PAGI	added
https://www.thaingo.org/jobs/detail/19070/2	2026-07-01	ThaiNGO	Consultancy – ESG Performance Indicators for SME Suppliers / Decarbonization	ThaiNGO	added
https://thaingo.org/jobs/detail/20933	2026-07-01	ThaiNGO	Senior Technical Consultant	ThaiNGO	added
https://thaingo.org/jobs/detail/21402	2026-07-01	ThaiNGO	Program Coordinator	ThaiNGO	added
https://www.mycareersfuture.gov.sg/job/environment/senior-researcher-esg-carbon-capture-sustainable-finance-tangspac-consulting-d9186a6bd21bb9d7c5d31427271362a1	2026-07-01	MyCareersFuture	Senior Researcher – ESG / Carbon Capture / Sustainable Finance (Singapore)	Tangspac Consulting	added
https://www.mycareersfuture.gov.sg/job/sustainability-consultant-unravel-carbon-aadcf600f46baee6c897be62db3215d6	2026-07-01	MyCareersFuture	Sustainability Consultant (Singapore)	Unravel Carbon	added
https://www.mycareersfuture.gov.sg/job/consulting/sustainability-analyst-csrworks-international-8753e825f8511d73ddd1d467138394be	2026-07-01	MyCareersFuture	Sustainability Analyst (Singapore)	CSRWorks International	added
https://www.mycareersfuture.gov.sg/job/sustainability-climate-change-associate-pricewaterhousecoopers-risk-services-0fa698c91d8cc4a2a294a936823f1b03	2026-07-01	MyCareersFuture	Sustainability and Climate Change – Associate (Singapore)	PwC Risk Services	added
https://jobs.ebrd.com/job/London-Analyst,-Nature-and-Climate-Finance/1401312933/	2026-07-01	EBRD jobs	Analyst, Nature and Climate Finance (London)	EBRD	added
https://jobs.ebrd.com/job/London-Associate,-Green-Partnerships/1386558333/	2026-07-01	EBRD jobs	Associate, Green Partnerships (London)	EBRD	added
https://www.terra.do/climate-jobs/job-board/sustainabilityesg-consultant-8317938/	2026-07-01	Terra.do	Sustainability/ESG Consultant	Delta Electronics Southeast Asia	added
https://www.terra.do/climate-jobs/job-board/analystassociate-esg-8355401/	2026-07-01	Terra.do	Analyst/Associate, ESG	Generate Capital	added
https://climatebase.org/job/66389066/analystassociate-consultant	2026-07-01	Climatebase	Analyst/Associate Consultant	Energy and Environmental Economics (E3)	added
https://climatebase.org/job/72381758/energy-analyst	2026-07-01	Climatebase	Energy Analyst	Trio	added
https://www.terra.do/climate-jobs/job-board/Associate--Consultant---ESG---Sustainability-EiSqr-Solutions-Pvt--Ltd--8181661/	2026-07-01	Terra.do	Associate Consultant – ESG & Sustainability	EiSqr Solutions	added
https://jobs.undp.org/cj_view_job.cfm?cur_job_id=116708	2026-07-02	UN Women	Monitoring, Evaluation and Reporting Analyst	UN Women	added
https://careers.un.org/jobSearchDescription/277892	2026-07-02	UN Careers	ESG and Value Chain Due Diligence	UN	added
https://careers.un.org/jobSearchDescription/277763	2026-07-02	UN Careers	Management and Programme Analyst	UN-ESCAP	added
https://careers.un.org/jobSearchDescription/275376	2026-07-02	UN Careers	Programme Management Officer, P3	UN	added
https://careers.un.org/jobSearchDescription/275914	2026-07-02	UN Careers	Consultant - Data Analyst	UN	added
https://careers.un.org/jobSearchDescription/267878	2026-07-02	UN Careers	Project Adviser, Policy & Value Chain Engagement	UN-UNCTAD	added
https://careers.un.org/jobSearchDescription/261940	2026-07-02	UN Careers	Associate Economic Affairs Officer (Temporary)	UN	added
https://careers.un.org/jobSearchDescription/245736	2026-07-02	UN Careers	International Consultant – Asia and the Pacific	UN	added
https://careers.un.org/jobSearchDescription/230288	2026-07-02	UN Careers	Consultant on Financing the Energy Transition	UN	added
https://careers.spglobal.com/jobs/328585	2026-07-02	S&P Global	Analyst - Clean Technologies & Supply Chains	S&P Global	added
https://careers.spglobal.com/jobs/328183	2026-07-02	S&P Global	Analyst - South Asia Power and Renewable Research	S&P Global	added
https://careers.spglobal.com/talent-network/jobs/328311	2026-07-02	S&P Global	Graduate Trainee - Sustainability/Climate Focus	S&P Global	added
https://careers.un.org/jobSearchDescription/244003	2026-07-02	UN Careers	Programme Officer (Climate Adaptation)	UN	skipped_dup
https://careers.un.org/jobSearchDescription/237627	2026-07-02	UN Careers	Sustainable Development Officer	UN	skipped_dup
https://careers.un.org/jobSearchDescription/276188	2026-07-02	UN Careers	Associate Programme Officer (Climate)	UN	skipped_dup
https://careers.un.org/jobSearchDescription/278541	2026-07-02	UN Careers	Economic Affairs Officer	UN	skipped_dup
https://www.sei.org/jobs/gender-justice-and-social-inclusion-researcher/	2026-07-02	SEI	Gender Justice and Social Inclusion Researcher	SEI	skipped_dup
https://www.devex.com/jobs/esg-reporting-and-disclosures-analyst-associate-environmental-and-social-governance-1245124	2026-07-03	Devex — ESG/sustainability	ESG Reporting and Disclosures Analyst/Associate	Various	added
https://www.devex.com/jobs/research-analyst-ipsa-8-1273188	2026-07-03	Devex — UN/IO	Research Analyst IPSA-8	UNDP	added
https://www.aiib.org/en/opportunities/career/job-vacancies/graduate-program/job-details/investment-analyst-energy.html	2026-07-03	AIIB careers	Investment Analyst – Energy	AIIB	added
https://www.aiib.org/en/opportunities/career/job-vacancies/graduate-program/job-details/Investment-Analyst-Infrastructure-Region-1.html	2026-07-03	AIIB careers	Investment Analyst – Infrastructure (Region 1)	AIIB	added
https://www.aiib.org/en/opportunities/career/job-vacancies/graduate-program/job-details/Environment-and-Social-Analysts.html	2026-07-03	AIIB careers	Environment and Social Analysts	AIIB	added
https://www.aiib.org/en/opportunities/career/job-vacancies/staff/job-details/Environment-Associate.html	2026-07-03	AIIB careers	Environment Associate	AIIB	added
https://www.unjobnet.org/jobs/detail/oecd-junior-energy-analyst-electricity-systems-and-markets-temporary-87143115	2026-07-03	UNjobnet	Junior Energy Analyst – Electricity Systems and Markets (Temporary)	OECD	added
https://www.unjobnet.org/jobs/detail/undp-sustainable-and-blended-finance-analyst-85026921	2026-07-03	UNjobnet	Sustainable and Blended Finance Analyst	UNDP	added
https://www.unjobnet.org/jobs/detail/undp-energy-policy-analyst-open-to-internal-and-external-applicants-85828874	2026-07-03	UNjobnet	Energy Policy Analyst	UNDP	added
https://oecd.impactpool.org/vacancies/1159461	2026-07-03	OECD Impactpool	Energy Analyst – Desk Officer	OECD	added
https://oecd.impactpool.org/vacancies/1187475	2026-07-03	OECD Impactpool	Energy and Environment Analyst	OECD	added
https://oecd.impactpool.org/vacancies/1172753	2026-07-03	OECD Impactpool	Clean Energy Transition Programme Officer	OECD/IEA	added
https://oecd.impactpool.org/vacancies/1164866	2026-07-03	OECD Impactpool	Energy Analysts	OECD	added
https://careers.unido.org/job/Vienna-Project-Assistant/1358575255/	2026-07-03	UNIDO careers	Project Assistant (Vienna)	UNIDO	added
https://jobs.greenclimate.fund/job/Incheon,-South-Korea-(ICN)-Climate-Infrastructure-Specialist-(Talent-Pool)/1182720801/	2026-07-03	GCF jobs	Climate Infrastructure Specialist – Asia and the Pacific	GCF	added
https://careers.un.org/jobSearchDescription/233740	2026-07-03	UN Careers — ESCAP	Sustainable Finance Policy Analyst for Asia-Pacific	UN/ESCAP	added
https://www.climatechangecareers.com/job/sei-stockholm-environment-institute/bangkok-thailand/research-fellow-urban/	2026-07-03	ClimateChangeCareers	Research Fellow – Urban	SEI Bangkok	added
https://www.climatechangecareers.com/job/climate-connectors/remote/strategy-research-associate-consultant/	2026-07-03	ClimateChangeCareers	Strategy & Research Associate (Consultant)	Climate Connectors	added
https://www.terra.do/climate-jobs/job-board/ESG-Sustainability-Associate-Iix-Global-8303865/	2026-07-03	Terra.do	ESG/Sustainability Associate	IIX Global	added
https://untalent.org/jobs/individual-consultant-climate-change-consultant	2026-07-03	UNtalent	Individual Consultant – Climate Change Consultant	UNDP	added
https://climatebase.org/job/51158390/consulting-associate-climate-entry-level	2026-07-03	Climatebase	Consulting Associate – Climate (Entry Level)	ERM	added
https://climatebase.org/job/53867696/sustainability-associate-esg	2026-07-03	Climatebase	Sustainability Associate (ESG)	Cundall	added
https://unjobs.org/vacancies/1763405251453	2026-07-03	UNjobs Bangkok	Consultant for Green Finance Network (GFN)	GGGI	added
https://unjobs.org/vacancies/1766043083685	2026-07-03	UNjobs Bangkok	Consultant for Data Analysis in Disaster Risk Reduction	ESCAP	added
https://www.devex.com/jobs/environmental-social-and-governance-esg-specialist-usaid-thailand-pagi-1260041	2026-07-03	Devex — Bangkok/Thailand	ESG Specialist USAID/Thailand PAGI	DAI/USAID	skipped_dup
https://www.wri.org/careers/jobs/energy-research-analyst-2026-jr100186	2026-07-03	WRI Careers	Energy Research Analyst	WRI	skipped_dup
https://www.wri.org/careers/jobs/climate-associate-2026-jr100253	2026-07-03	WRI Careers	Climate Associate	WRI	skipped_dup
https://careers.southpole.com/jobs/2977168-junior-associate-consultant-corporate-climate-targets	2026-07-03	South Pole careers	Junior Associate Consultant Corporate Climate Targets	South Pole	skipped_dup
https://careers.southpole.com/jobs/2662973-associate-consultant-environmental-impact-accounting	2026-07-03	South Pole careers	Associate Consultant Environmental Impact Accounting	South Pole	skipped_dup
https://careers.gggi.org/vacancy/policy-analyst-consultant-methane-mitigation-policy-analyst-malaysia-577154.html	2026-07-03	GGGI careers	Policy Analyst Consultant Methane Mitigation	GGGI	skipped_dup
https://careers.gggi.org/vacancy/project-associate-ikialcbt-587694.html	2026-07-03	GGGI careers	Project Associate IKI-ALCBT	GGGI	skipped_dup
https://untalent.org/jobs/carbon-markets-and-climate-finance-analyst	2026-07-03	UNtalent	Carbon Markets and Climate Finance Analyst	UNDP	skipped_dup
https://untalent.org/jobs/climate-change-analyst-5	2026-07-03	UNtalent	Climate Change Analyst	UNOPS	skipped_dup
https://untalent.org/jobs/climate-change-analyst-programming-and-innovation	2026-07-03	UNtalent	Climate Change Analyst Programming and Innovation	World Bank	skipped_dup
https://www.aiib.org/en/opportunities/career/job-vacancies/graduate-program/job-details/investment-analyst41.html	2026-07-03	AIIB careers	Investment Analyst Graduate Program	AIIB	skipped_dup
https://www.impactpool.org/jobs/1203696	2026-07-03	Impactpool	Operations Officer Sustainable Infrastructure Advisory	World Bank	skipped_dup
https://www.impactpool.org/jobs/1197103	2026-07-03	Impactpool	Analyst Impact Assessment and Foresight	EBRD	skipped_dup
https://careers.un.org/jobSearchDescription/276436	2026-07-03	UN Careers	Senior Consultant Carbon Markets and NbS	UNEP	skipped_dup
https://careers.un.org/jobSearchDescription/254689	2026-07-03	UN Careers	Climate Change Analyst	UN	skipped_dup
https://careers.un.org/jobSearchDescription/261340	2026-07-03	UN Careers	Climate Policy and Energy Transition Advisor	UNEP	skipped_dup
https://www.mycareersfuture.gov.sg/job/sustainability-esg-consultant-sgs-international-certification-services-singapore-5d354dc72aa8d2b95397167a19dac97b	2026-07-03	MyCareersFuture	Sustainability and ESG Consultant	SGS Singapore	skipped_dup
https://www.mycareersfuture.gov.sg/job/consulting/esg-intelligence-analyst-associate-eco-business-d5d27109f17a48bdfc7b8ce689360332	2026-07-03	MyCareersFuture	ESG Intelligence Analyst Associate	Eco-Business Singapore	skipped_dup
https://climatebase.org/job/66389066/analystassociate-consultant	2026-07-03	Climatebase	Analyst/Associate Consultant	E3	skipped_dup
https://careers.bcg.com/job/10056025/SEA-Climate-Sustainability-Climate-Finance-Expert-Consultant-Project-Leader-Associate-Director	2026-07-03	BCG careers	Expert Consultant/Project Leader/Associate Director	BCG	skipped_title
https://unjobs.org/vacancies/1765247460856	2026-07-04	UNjobs Bangkok	Sustainable Finance Consultant	ESCAP	added
https://unjobs.org/vacancies/1774593255927	2026-07-04	UNjobs Bangkok	Research and Advocacy Consultant	ESCAP	added
https://unjobs.org/vacancies/1770190363610	2026-07-04	UNjobs Bangkok	Renewable Energy & Access to Finance Coaching Expert	UNEP	added
https://www.sei.org/people/jobs/research-fellow-bankable-climate-adaptation/	2026-07-04	SEI careers	Research Fellow – Bankable Climate Adaptation	SEI	added
https://www.sei.org/people/jobs/research-associate-operationalization-raif-asia/	2026-07-04	SEI careers	Research Associate – Operationalization RAIF Asia	SEI	added
https://www.sei.org/people/jobs/energy-environment-researcher/	2026-07-04	SEI careers	Energy and Environment Researcher	SEI	added
https://unjobs.org/vacancies/1703026245808	2026-07-04	UNjobs — Sustainable Finance	Sustainable Finance Analyst, Asia	IEEFA	added
https://www.devex.com/jobs/individual-consultant-fund-environmental-social-governance-esg-and-sustainability-1416704	2026-07-04	Devex — ESG/sustainability	Individual Consultant: Fund ESG and Sustainability	Various	added
https://www.devex.com/jobs/individual-consultant-expert-engagement-framework-on-climate-finance-1413867	2026-07-04	Devex — Climate Finance	Individual Consultant: Expert Engagement Framework on Climate Finance	Various	added
https://reliefweb.int/job/3922173/disaster-risk-reduction-and-climate-change-analyst-partnerships-infrastructure	2026-07-04	ReliefWeb Thailand	Disaster Risk Reduction and Climate Change Analyst	P4I / Australia	added
https://careers.gggi.org/vacancy/climate-change-risk-and-sustainable-finance-regulation-ic-urf-600295.html	2026-07-04	GGGI careers	Climate Change Risk and Sustainable Finance Regulation IC	GGGI	added
https://careers.gggi.org/vacancy/climate-finance-senior-associate-611714.html	2026-07-04	GGGI careers	Climate Finance Senior Associate	GGGI	added
https://careers.gggi.org/vacancy/project-officer-602467.html	2026-07-04	GGGI careers	Project Officer	GGGI	added
https://careers.gggi.org/vacancy/mexico-energy-and-climate-individual-consultant-598612.html	2026-07-04	GGGI careers	Energy and Climate Individual Consultant	GGGI	added
https://www.climatechangecareers.com/job/ey/singapore-singapore/associate-assurance-climate-change-and-sustainability-services-2026-graduates/	2026-07-04	ClimateChangeCareers	Associate – Climate Change and Sustainability Services (2026 Graduates)	EY Singapore	added
https://www.climatechangecareers.com/job/erm/shanghai-china/consulting-associate-senior-associate-corporate-sustainability-climate-change/	2026-07-04	ClimateChangeCareers	Consulting Associate – Corporate Sustainability & Climate Change	ERM Shanghai	added
https://www.climatechangecareers.com/job/kpmg-thailand/bangkok-thailand/esg-sustainability-services-consultant-manager/	2026-07-04	ClimateChangeCareers	ESG Sustainability Services Consultant	KPMG Thailand	added
https://globalcareers-msci.icims.com/jobs/5125/sustainability-climate-client-services-associate/job	2026-07-04	MSCI careers	Sustainability & Climate Client Services Associate	MSCI	added
https://issgovernance.wd1.myworkdayjobs.com/en-US/ISScareers/job/ESG-Ratings-Analyst_JR_9858	2026-07-04	ISS ESG careers	ESG Ratings Analyst	ISS ESG	added
https://jobs.ebrd.com/job/London-Analyst,-ESD/1410165933/	2026-07-04	EBRD careers	Analyst, ESD	EBRD	added
https://jobs.ebrd.com/job/London-Associate-Banker-Green-Finance/1402971033/	2026-07-04	EBRD careers	Associate Banker – Green Finance	EBRD	added
https://oecd.impactpool.org/vacancies/1165826	2026-07-04	OECD Impactpool	Energy Analysts (PAL5/PAL6)	OECD	added
https://oecd.impactpool.org/vacancies/1181504	2026-07-04	OECD Impactpool	Energy Data Officer (Several positions)	OECD/IEA	added
https://oecd.impactpool.org/vacancies/1206688	2026-07-04	OECD Impactpool	Policy Analyst	OECD	added
https://careers.un.org/jobSearchDescription/278773	2026-07-04	UN Careers	Policy Advisory and Capacity Development	UN	added
https://careers.un.org/jobSearchDescription/273549	2026-07-04	UN Careers	Climate Change Mitigation and Emissions Analysis Consultant	UN	added
https://www.unjobnet.org/jobs/detail/79788915	2026-07-04	UNjobnet	ESG Specialist	UNDP	added
https://www.unjobnet.org/jobs/detail/85743841	2026-07-04	UNjobnet	Junior Power Sector Modeller – Temporary	OECD	added
https://www.unjobnet.org/jobs/detail/86392899	2026-07-04	UNjobnet	Low-carbon Housing Expert	UNEP	added
https://jobs.unicef.org/mob/es/job/592113/climate-change-consultant-officebased-592113	2026-07-04	UNICEF careers	Climate Change Consultant (Office-based)	UNICEF	added
https://jobs.unicef.org/cw/fr/job/588697/individual-consultant-climate-and-environment-consultant-unicef-regional-office-for-south-asia-remote-working	2026-07-04	UNICEF careers	Individual Consultant: Climate and Environment Consultant, South Asia	UNICEF	added
https://untalent.org/jobs/consultant-as-critical-minerals-research-analyst	2026-07-04	UNtalent	Consultant as Critical Minerals Research Analyst	WRI	added
https://untalent.org/jobs/sustainable-energy-specialist	2026-07-04	UNtalent	Sustainable Energy Specialist	UNDP	added
https://untalent.org/jobs/program-officer-corporate-sustainability-reporting-extended-term-consultant-etc2	2026-07-04	UNtalent	Program Officer, Corporate Sustainability Reporting (ETC2)	World Bank	added
https://careers.unido.org/job/Vienna-Project-Coordinator/1354738755/	2026-07-04	UNIDO careers	Project Coordinator	UNIDO	added
https://jobs.greenclimate.fund/job/Incheon,-South-Korea-(ICN)-Climate-Investment-Specialist/1199984501/	2026-07-04	GCF careers	Climate Investment Specialist	GCF	added
https://jobs.greenclimate.fund/job/Incheon,-South-Korea-(ICN)-Evaluation-Data-Associate/902608301/	2026-07-04	GCF careers	Evaluation Data Associate	GCF	added
https://www.unjobnet.org/jobs/detail/84348270	2026-07-04	UNjobnet	Analyst, Impact Assessment and Foresight	EBRD	skipped_dup
https://careers.un.org/jobSearchDescription/278165	2026-07-04	UN Careers — ESCAP	Programme Officer, P3 (ESCAP Bangkok)	UN/ESCAP	skipped_dup
https://www.mycareersfuture.gov.sg/job/esg-sustainability-consultant-iso-consultants-f044bd689775b35144232e319a43e843	2026-07-04	MyCareersFuture	ESG & Sustainability Consultant	ISO Consultants	skipped_dup
https://careers.southpole.com/jobs/7960448-managing-consultant-renewable-energy-solutions-1-year-contract	2026-07-04	South Pole careers	Managing Consultant, Renewable Energy Solutions	South Pole	skipped_title
https://careers.southpole.com/jobs/7015526-managing-consultant-climate-risk-disclosure	2026-07-04	South Pole careers	Managing Consultant – Climate Risk & Disclosure	South Pole	skipped_title
https://careers.southpole.com/jobs/7727756-managing-consultant-latin-america	2026-07-04	South Pole careers	Managing Consultant, Latin America	South Pole	skipped_title
https://www.climatechangecareers.com/job/sei/remote/climate-and-decarbonization-strategy-associate/	2026-07-04	ClimateChangeCareers	Climate and Decarbonization Strategy Associate	SEI (US)	skipped_title
https://www.climatechangecareers.com/job/sei/remote/project-and-sustainability-associate/	2026-07-04	ClimateChangeCareers	Project and Sustainability Associate	SEI (US)	skipped_title
https://www.climatechangecareers.com/job/sei/remote/strategic-energy-management-associate/	2026-07-04	ClimateChangeCareers	Strategic Energy Management Associate	SEI (US)	skipped_title
https://www.climatechangecareers.com/job/fcs/remote/sustainability-associate/	2026-07-04	ClimateChangeCareers	Sustainability Associate	FCS (US)	skipped_title
https://untalent.org/jobs/climate-policy-and-energy-transition-advisor	2026-07-04	UNtalent	Climate Policy and Energy Transition Advisor	UNEP	skipped_dup
https://untalent.org/jobs/carbon-markets-and-climate-finance-analyst-1	2026-07-04	UNtalent	Carbon Markets and Climate Finance Analyst	UNDP	skipped_dup
https://careers.gggi.org/vacancy/forestry-consultant-614368.html	2026-07-05	GGGI careers	Forestry Consultant	GGGI	added
https://www.sei.org/people/jobs/data-systems-digital-governance-researcher/	2026-07-05	SEI careers	Mid-senior researcher in data systems and digital governance	SEI	added
https://untalent.org/jobs/assistant-investment-officer-responsible-investment-analyst	2026-07-05	UNtalent	Assistant Investment Officer (Responsible Investment Analyst)	UNJSPF	added
https://www.giz.de/en/regions/asia/philippines/jobs/junior-advisor-energy-research-and-capacity-development-accelerating	2026-07-05	GIZ careers Asia	Junior Advisor for Energy Research and Capacity Development	GIZ Philippines	added
https://unjobs.org/vacancies/1752097917220	2026-07-05	UNjobs Bangkok	Programme Analyst – LoCAL Facility	UNDP/UNCDF Bangkok	added
https://oecd.impactpool.org/vacancies/1183747	2026-07-05	Impactpool — sustainability and climate	Young Associate 2026-28	IEA	skipped_dup
https://oecd.impactpool.org/vacancies/1187475	2026-07-05	Impactpool — sustainability and climate	Energy and Environment Analyst	OECD	skipped_dup
https://www.climatechangecareers.com/job/erm/seoul-south-korea/consulting-senior-associate-corporate-sustainability-climate-change/	2026-07-05	Climate Change Careers	Consulting Senior Associate – Corporate Sustainability & Climate Change	ERM Seoul	skipped_dup
https://untalent.org/jobs/climate-change-analyst-programming-and-innovation	2026-07-05	UNtalent	Climate Change Analyst – Programming and Innovation	World Bank	skipped_dup
https://www.wri.org/careers/jobs/climate-associate-2026-jr100253	2026-07-05	WRI careers	Climate Associate	WRI	skipped_dup
https://www.wri.org/careers/jobs/energy-research-analyst-2026-jr100186	2026-07-05	WRI careers	Energy Research Analyst	WRI Indonesia	skipped_dup
https://untalent.org/jobs/climate-change-analyst-5	2026-07-05	UNtalent	Climate Change Analyst	UNOPS	skipped_dup
https://untalent.org/jobs/consultancy-environment-social-and-governance-esg-consultant-office-of-innovation-7-months-remote	2026-07-05	UNtalent	ESG Consultant – Office of Innovation (Remote)	UNICEF	skipped_dup
https://careers.southpole.com/jobs/2977168-junior-associate-consultant-corporate-climate-targets	2026-07-05	South Pole careers	Junior Associate Consultant – Corporate Climate Targets	South Pole	skipped_dup
https://unjobs.org/vacancies/1761903085873	2026-07-05	UNjobs Bangkok	National Climate Analysis Expert	ESCAP Bangkok	skipped_dup
https://careers.gggi.org/vacancy/vietnam-senior-program-associate-595620.html	2026-07-05	GGGI careers	Senior Program Associate (Vietnam)	GGGI Vietnam	skipped_dup
https://www.terra.do/climate-jobs/job-board/Climate-Resilience-Associate---Senior-Analyst-Trc-Companies--Inc--8229495/	2026-07-06	Terra.do — climate jobs	Climate Resilience Associate / Senior Analyst	TRC Companies	added
https://www.terra.do/climate-jobs/job-board/associate-climate-sustainability-italy-8318728/	2026-07-06	Terra.do — climate jobs	Associate, Climate & Sustainability (Italy)	BCG	added
https://www.terra.do/climate-jobs/job-board/senior-sustainability-analyst-8362475/	2026-07-06	Terra.do — climate jobs	Senior Sustainability Analyst	HDR Inc.	added
https://www.terra.do/climate-jobs/job-board/Research-Analyst---Industrial-Sustainability-CEEW-8179038/	2026-07-06	Terra.do — climate jobs	Research Analyst – Industrial Sustainability	CEEW	added
https://www.terra.do/climate-jobs/job-board/ma-analyst-3-to-associate-3-energy-transition-renewables-ma-8397703/	2026-07-06	Terra.do — climate jobs	M&A Analyst – Energy Transition & Renewables	Piper Sandler	added
https://www.terra.do/climate-jobs/job-board/Energy-Analyst-ATTB---The-Big-Jobsite-8279112/	2026-07-06	Terra.do — climate jobs	Energy Analyst	ATTB	added
https://www.terra.do/climate-jobs/job-board/senior-analyst-bcg-vantage-climate-and-sustainability-8350338/	2026-07-06	Terra.do — climate jobs	Senior Analyst – BCG Vantage, Climate and Sustainability	BCG	added
https://climatebase.org/job/74060375/consulting-senior-associate--low-carbon-solutions--electricity-networks--energy-systems	2026-07-06	Climatebase — climate jobs	Consulting Senior Associate – Low Carbon Solutions	ERM	added
https://climatebase.org/job/45426506/analyst--associate---carbon-markets-cutting-edge-research-and-forecasting	2026-07-06	Climatebase — climate jobs	Analyst / Associate – Carbon Markets	cKinetics	added
https://climatebase.org/job/50856841/junior-consultant-climate-risk-and-opportunity-advisory-mwd-associate-level	2026-07-06	Climatebase — climate jobs	Junior Consultant – Climate Risk and Opportunity Advisory	ERM	added
https://climatebase.org/job/61710407/sustainability-consultant	2026-07-06	Climatebase — climate jobs	Sustainability Consultant	AECOM	added
https://climatebase.org/job/62226156/analyst-or-associate-investor-partnerships	2026-07-06	Climatebase — climate jobs	Analyst or Associate, Investor Partnerships	Various	added
https://jobs.greenclimate.fund/en/sites/CX_1001/job/3305/	2026-07-06	GCF careers	Special Policy and Strategy Initiatives Senior Specialist	GCF	added
https://jobs.greenclimate.fund/job/Korea-(KOR)-Call-for-International-Experts-to-serve-in-the-Independent-Technical-Advisory-Panel-of-the-GCF/866792701/	2026-07-06	GCF careers	Call for International Experts – Independent Technical Advisory Panel	GCF	added
https://careers.gggi.org/vacancy/individual-consultant-feasibility-study-for-organic-waste-valorization-607916.html	2026-07-06	GGGI careers	Individual Consultant – Feasibility Study for Organic Waste Valorization	GGGI	added
https://www.adb.org/careers/250757	2026-07-06	ADB careers	Senior Environment Specialist	ADB	added
https://www.adb.org/careers/260636	2026-07-06	ADB careers	Economics Analyst	ADB	added
https://jobs.giz.de/index.php?ac=jobad&id=73766	2026-07-06	GIZ jobs	Advisor – Compliance and Due Diligence in Supply Chains	GIZ	added
https://thaingo.org/jobs/detail/14117	2026-07-06	ThaiNGO	Advisor (Climate Mitigation) – Climate, Coastal and Marine Biodiversity	GIZ Thailand / CCMB	added
https://www.sei.org/people/jobs/postdoc-fellow-climate-modelling-impact/	2026-07-06	SEI careers	Postdoctoral Fellow – Climate Modelling and Impact Assessment	SEI Africa	added
https://www.sei.org/people/jobs/york-research-associate/	2026-07-06	SEI careers	Research Associate	SEI York	added
https://www.sei.org/people/jobs/research-fellow-water-resource-management/	2026-07-06	SEI careers	Research Fellow – Water Resource Management	SEI Africa	added
https://oecd.impactpool.org/vacancies/1212890	2026-07-06	Impactpool — sustainability and climate	OECD New Posting – vacancy 1212890	OECD	added
https://www.climatepolicyinitiative.org/career/analyst-junior-analyst-climate-energy-finance/	2026-07-06	CPI careers	Analyst / Junior Analyst – Climate & Energy Finance (Jakarta)	CPI	added
https://www.climatepolicyinitiative.org/career/junior-analyst-south-africa/	2026-07-06	CPI careers	Junior Analyst (South Africa)	CPI	added
https://www.devex.com/jobs/environmental-social-and-governance-esg-specialist-1200071	2026-07-06	Devex jobs	Environmental, Social, and Governance (ESG) Specialist	Devex	added
https://www.unjobnet.org/jobs/detail/42416076	2026-07-06	UNjobnet	Consultant – Energy Program Research Analyst	WRI via UNjobnet	added
https://reliefweb.int/job/4118020/call-consultant-roster	2026-07-06	ReliefWeb	Call for Consultant Roster (Bangladesh) – Climate/Environment	ReliefWeb	added
https://jobs.ilo.org/job/National-Project-Coordinator-NOA-(DC)/13688-en_GB	2026-07-06	ILO careers	National Project Coordinator – NOA (Washington DC)	ILO	added
https://www.adb.org/careers/240151	2026-07-06	ADB careers	Environment Officer	ADB	skipped_title
https://jobs.ilo.org/job/Project-Manager/13704-en_GB	2026-07-06	ILO careers	Project Manager	ILO	skipped_title
https://jobs.greenclimate.fund/job/Call-for-International-Sectoral-Experts-to-support-GCF-on-funding-proposal-assessments/605694201/	2026-07-06	GCF careers	Call for International Sectoral Experts	GCF	skipped_title
https://careers.unido.org/job/Vienna-Partnerships-Coordinator/1359254155/	2026-07-07	UN/development — project and programme roles	Partnerships Coordinator (Vienna, ISA-P3)	UNIDO	added
https://jobs.undp.org/cj_view_job.cfm?cur_job_id=103565	2026-07-07	UN/development — sustainability and climate	Energy Data Analyst	UNDP	added
https://jobs.unops.org/pages/viewvacancy/VADetails.aspx?id=25248	2026-07-07	UN/development — sustainability and climate	Climate Transparency Officer	UNOPS	added
https://www.impactpool.org/jobs/1213319	2026-07-07	Impactpool — sustainability and climate	Climate Investment Management Consultant – Asia Pacific	GCF	added
https://www.impactpool.org/jobs/1002795	2026-07-07	Impactpool — sustainability and climate	Consultant – V20 Sustainable Insurance Facility Asia Pacific	UNEP FI	added
https://www.devex.com/jobs/environmental-and-social-governance-specialist-financial-intermediaries-1031444	2026-07-07	Devex — ESG and climate Asia	ESG Specialist (Financial Intermediaries)	IFC/Dev Finance	added
https://untalent.org/jobs/nature-climate-and-energy-associate	2026-07-07	UNtalent — all UN sustainability/climate	Nature, Climate and Energy Associate	UNDP	added
https://untalent.org/jobs/climate-change-specialist-31	2026-07-07	UNtalent — all UN sustainability/climate	Climate Change Specialist	World Bank	added
https://reliefweb.int/job/3919384/program-officer-asia	2026-07-07	ReliefWeb — climate and environment	Program Officer, Asia (Climate/DRR)	P4I/DFAT	added
https://employment.irena.org/careersection/1/jobdetail.ftl?job=AP0041&lang=en&portal=8205020217	2026-07-07	IRENA careers direct	Associate Professional – Project Navigator	IRENA	added
https://community.iisd.org/jobs/researcher-or-senior-researcher-associate-research-scholar/	2026-07-07	IISD — sustainability policy	Researcher / Senior Researcher	Climate Analytics	added
https://community.iisd.org/jobs/renewable-energy-analyst/	2026-07-07	IISD — sustainability policy	Renewable Energy Analyst	IISD Community	added
https://community.iisd.org/jobs/research-analyst-climate-change-impacts-and-policy-climate-analytics/	2026-07-07	IISD — sustainability policy	Research Analyst – Climate Change Impacts and Policy	Climate Analytics	added
https://ramboll.com/career-details?vacancy_id=21297	2026-07-07	Ramboll — sustainability	ESG/Sustainability Consultant	Ramboll	added
https://ramboll.com/en-us/careers/98893a38-85f4-4cf0-10c7-08de37875cb1	2026-07-07	Ramboll — sustainability	Environmental Consultant	Ramboll	added
https://ramboll.com/en-us/careers/9aa2f088-e96f-4ac7-10c8-08de37875cb1	2026-07-07	Ramboll — sustainability	Senior Environmental Consultant	Ramboll	added
https://www.unjobnet.org/jobs/detail/86621620	2026-07-07	EBRD — transition and climate	Analyst, Human Capital & Skills – Energy	EBRD	added
https://impactalpha.com/job/climate-and-energy-analyst/	2026-07-07	ESG / sustainable finance	Climate and Energy Analyst	ImpactAlpha	added
https://www.idealist.org/en/nonprofit-job/5e2dec74856844c09182e2b8aa350743-southeast-asia-campaign-consultant-mighty-earth-washington	2026-07-07	Idealist — sustainability analyst	Southeast Asia Campaign Consultant	Mighty Earth	added
https://careers.un.org/jobSearchDescription/254689?language=en	2026-07-07	UN Careers — sustainability and climate P1-P3	Climate Change Analyst	UN/UNEP	added
https://careers.un.org/jobSearchDescription/234204?language=en	2026-07-07	UNFCCC Secretariat	Specialist – Carbon Markets and Environmental Integrity	UNFCCC	added
https://careers.un.org/jobSearchDescription/261340?language=en	2026-07-07	UNFCCC careers direct	Climate Policy and Energy Transition Advisor	UNEP	added
https://careers.un.org/jobSearchDescription/239662?language=en	2026-07-07	UN Careers — sustainability and climate P1-P3	Environment Officer (LTAG Monitoring and Reporting)	UNEP	added
https://careers.un.org/jobSearchDescription/236680?language=en	2026-07-07	UNDESA — sustainable development	Sustainable Development Officer (Climate Change)	UN/UNCTAD	added
https://careers.un.org/jobSearchDescription/276436?language=en	2026-07-07	UN Careers — sustainability and climate P1-P3	Senior Consultant – Carbon Markets and NbS	UNEP	added
https://www.impactpool.org/jobs/1206308	2026-07-07	Industrial development and policy	Industrial Development Expert	UNIDO	added
https://www.impactpool.org/jobs/1189326	2026-07-07	Industrial development and policy	Innovation Programme Administrator – Incubation and University Partnerships	UNIDO	added
https://www.impactpool.org/jobs/1199301	2026-07-07	Industrial development and policy	International Value Chain Development Expert	UNIDO	added
https://careers.odi.org/postings/58be210c-ca33-4b7f-96f9-4cdb9bec4d8e	2026-07-07	ODI — climate and development	Senior Research Fellow	ODI	added
https://careers.who.int/careersection/ex/jobdetail.ftl?job=2501589	2026-07-07	WHO — environment and climate health	Consultant – Climate-Resilient Health Infrastructure	WHO	added
https://careers.who.int/careersection/ex/jobdetail.ftl?job=2310880	2026-07-07	WHO — environment and climate health	Technical Officer (Climate Change Adaptation and Health)	WHO	added
https://careers.who.int/careersection/ex/jobdetail.ftl?job=2602165	2026-07-07	WHO — environment and climate health	National Consultant – Climate Change and Health Assessment	WHO	added
https://www.climatechangecareers.com/job/ey/singapore-singapore/associate-senior-associate-climate-change-and-sustainability-services-assurance/	2026-07-07	Climate Change Careers	Associate / Senior Associate – Climate Change & Sustainability Services	EY Singapore	added
https://www.devex.com/jobs/senior-knowledge-analyst-social-impact-1262900	2026-07-07	Devex — ESG and climate Asia	Senior Knowledge Analyst – Social Impact	Social Impact Inc.	added
https://www.devex.com/jobs/senior-consultant-clean-energy-climate-finance-inclusive-finance-practice-team-361346	2026-07-07	Clean energy / hydrogen / transition	Senior Consultant – Clean Energy & Climate Finance	Enclude	added
https://www.aiib.org/en/opportunities/career/job-vacancies/graduate-program/job-details/investment-analyst-energy58.html	2026-07-08	AIIB — tracked company	Investment Analyst – Energy	AIIB	added
https://www.aiib.org/en/opportunities/career/job-vacancies/graduate-program/job-details/investment-analyst-infrastructure60.html	2026-07-08	AIIB — tracked company	Investment Analyst – Infrastructure	AIIB	added
https://www.aiib.org/en/opportunities/career/job-vacancies/staff/future-job-details/Environment-Specialists-Senior-Specialists.html	2026-07-08	AIIB — tracked company	Environment Specialists / Senior Specialists	AIIB	added
https://www.impactpool.org/jobs/1177972	2026-07-08	Impactpool — climate and development	Individual Consultant: ESG Specialist	GGGI	added
https://www.impactpool.org/jobs/1180852	2026-07-08	Impactpool — climate and development	Energy and Climate Individual Consultant	GGGI	added
https://www.impactpool.org/jobs/1155930	2026-07-08	Impactpool — climate and development	Senior Program Associate	GGGI	added
https://www.impactpool.org/jobs/1035761	2026-07-08	Impactpool — climate and development	Public Policy Analyst (Climate and Sustainability)	UN-HABITAT	added
https://reliefweb.int/job/3872314/senior-consultant-climate-change-policy-analysis	2026-07-08	ReliefWeb — climate and sustainability	Senior Consultant – Climate Change Policy Analysis	FHI 360	added
https://reliefweb.int/job/3991546/services-consultant-study-gendered-dimensions-loss-and-damage-climate-change-asia	2026-07-08	ReliefWeb — climate and sustainability	Consultant – Loss and Damage from Climate Change (Asia)	Various	added
https://reliefweb.int/job/3984413/consultant-climate-action	2026-07-08	ReliefWeb — climate and sustainability	Consultant – Climate Action	Various	added
https://reliefweb.int/job/4053352/experienced-consultant-climate-adaptation-mission-easts-inclusive-climate-solutions-study	2026-07-08	ReliefWeb — climate and sustainability	Consultant – Climate Adaptation	Mission East	added
https://reliefweb.int/job/4016135/climate-change-specialist-asia	2026-07-08	ReliefWeb — climate and sustainability	Climate Change Specialist – Asia	Various	added
https://sg.linkedin.com/jobs/view/esg-and-sustainable-development-analyst-at-cycle-carriage-singapore-2947062728	2026-07-08	LinkedIn — ESG Asia	ESG and Sustainable Development Analyst	Cycle & Carriage Singapore	added
https://hk.linkedin.com/jobs/view/esg-research-analyst-remote-position-multiple-openings-at-transition-asia-3818874025	2026-07-08	LinkedIn — ESG Asia	ESG Research Analyst (Remote)	Transition Asia	added
https://www.climatechangecareers.com/job/decoding-impact/bengaluru-india/associate-consultant-climate/	2026-07-08	Climate Change Careers	Associate Consultant, Climate	Decoding Impact	added
https://www.climatechangecareers.com/job/nasdaq/taguig-philippines/senior-sustainability-and-climate-advisory-analyst/	2026-07-08	Climate Change Careers	Senior Sustainability and Climate Advisory Analyst (Philippines)	Nasdaq	added
https://www.climatechangecareers.com/job/erm/bangkok-thailand/corporate-sustainability-and-climate-change-consultant/	2026-07-08	Climate Change Careers	Consultant – Corporate Sustainability and Climate Change	ERM Bangkok	added
https://www.climatechangecareers.com/job/erm/bangkok-thailand/corporate-sustainability-climate-change-managing-consultant/	2026-07-08	Climate Change Careers	Managing Consultant – Corporate Sustainability & Climate Change	ERM Bangkok	added
https://www.unjobnet.org/jobs/detail/gggi-senior-carbon-and-renewable-energy-expert-consultant-86744148	2026-07-08	UN Job Net — climate	Senior Carbon and Renewable Energy Expert Consultant	GGGI	added
https://www.unjobnet.org/jobs/detail/84769647	2026-07-08	UN Job Net — climate	Consultant – Sustainability & Exit Strategy	UNDP	added
https://careers.gggi.org/vacancy/project-officer-green-growth-and-climate-change-567856.html	2026-07-08	GGGI careers	Project Officer – Green Growth and Climate Change (Jordan)	GGGI	added
https://www.terra.do/climate-jobs/job-board/deloitte-consulting-llp-government-public-services-analyst-sustainability-climate-and-equity-8375508/	2026-07-08	Terra.do climate jobs	Analyst – Sustainability, Climate and Equity	Deloitte	added
https://www.terra.do/climate-jobs/job-board/Consulting-Associate--Sustainability-Advisory--Entry-Level--Environmental-Resources-Management--Erm--8323764/	2026-07-08	Terra.do climate jobs	Consulting Associate – Sustainability Advisory (Entry Level)	ERM	added
https://www.mycareersfuture.gov.sg/job/managing-consultant-corporate-sustainability-climate-change-environmental-resources-management-dddcadbbce041fe24af116ad6bd9fa34	2026-07-08	MyCareersFuture — Singapore ESG	Managing Consultant – Corporate Sustainability and Climate Change	ERM Singapore	added
https://www.mycareersfuture.gov.sg/job/associate-sustainability-trusted-services-e2b9fac9c2337de70ce02ed817c500b1	2026-07-08	MyCareersFuture — Singapore ESG	Associate, Sustainability (Sustainability Strategy)	Temasek Management Services	added
https://www.wri.org/careers/jobs/urban-finance-and-economy-research-analyst-2026-jr100174	2026-07-08	WRI careers	Urban Finance and Economy Research Analyst	WRI	added
https://careers.southpole.com/jobs/5561935-managing-consultant-climate-risk-and-opportunities-physical-risk	2026-07-08	South Pole careers	Managing Consultant – Climate Risk and Opportunities (Physical Risk)	South Pole	added
https://erm.wd3.myworkdayjobs.com/en-US/ERM_Careers/job/Consultant---Corporate-Sustainability---Climate-Change_R00021388	2026-07-08	ERM careers	Consultant – Corporate Sustainability & Climate Change	ERM	added
https://community.iisd.org/jobs/climate-diplomacy-researcher-e3g/	2026-07-08	IISD community — climate policy	Climate Diplomacy Researcher	E3G	added
https://careers.kpmg.com.sg/job/Advisory-Consulting,-ESG-Graduate-Associate-2026/53394244/	2026-07-08	KPMG Singapore careers	ESG Graduate Associate 2026	KPMG Singapore	added
https://community.iisd.org/jobs/sustainable-carbon-life-cycle-analyst/	2026-07-08	IISD community — climate policy	Sustainable Carbon Life Cycle Analyst	Various	added
https://community.iisd.org/jobs/nature-pledge-analyst-office-based/	2026-07-08	IISD community — climate policy	Nature Pledge Analyst (Office-Based)	UNDP	added
https://community.iisd.org/jobs/economics-research-associate-climate/	2026-07-08	IISD community — climate policy	Economics Research Associate – Climate	WRI	added
https://community.iisd.org/jobs/senior-research-analyst/	2026-07-08	IISD community — climate policy	Senior Research Analyst	Sunrise Project	added
https://community.iisd.org/jobs/analyst-climate-finance-vcib/	2026-07-08	IISD community — climate policy	Analyst, Climate Finance	VCIB	added
https://jobs.unicef.org/en-us/job/568498/consultant-climate-environment-energy-and-disaster-risk-reduction-design-req-568498	2026-07-08	UNICEF careers	Consultant – Climate, Environment, Energy, and DRR	UNICEF	added
https://careers.who.int/careersection/ex/jobdetail.ftl?job=2407584	2026-07-08	WHO — environment and climate health	National Consultant – Climate Change Assessment	WHO	added
https://jobs.fao.org/careersection/fao_external/jobdetail.ftl?lang=en&job=2502977	2026-07-08	FAO careers	National Specialist – Climate Change, GIS	FAO	added
https://jobs.fao.org/careersection/fao_external/jobdetail.ftl?lang=en&job=2501643	2026-07-08	FAO careers	Environment and Climate Change Specialist	FAO	added
https://jobs.fao.org/careersection/fao_external/jobdetail.ftl?job=2922208&lang=en	2026-07-08	FAO careers	Natural Resources Officer (Climate Change)	FAO	added
https://jobs.fao.org/careersection/fao_external/jobdetail.ftl?job=2601218	2026-07-08	FAO careers	Climate Change Programme Specialist	FAO	added
https://www.devex.com/jobs/environmental-and-social-governance-esg-expert-1337173	2026-07-08	Devex — ESG and climate Asia	Environmental and Social Governance (ESG) Expert	SoCha	added
https://careers.unido.org/job/Vienna-Project-Assistant/1358575255/	2026-07-09	UNIDO Careers	Project Assistant	UNIDO	added
https://www.impactpool.org/jobs/1203696	2026-07-09	Impactpool — WB/MDB	Operations Officer – Sustainable Infrastructure Advisory	World Bank Group	added
https://www.impactpool.org/jobs/1159461	2026-07-09	Impactpool — IEA	Energy Analyst – Desk Officer	OECD/IEA	added
https://unjobs.org/vacancies/1762793914063	2026-07-09	UNjobs — Climate	Climate Finance Youth Engagement Consultant	UNICEF	added
https://www.devex.com/jobs/environmental-social-and-governance-esg-specialist-usaid-thailand-pagi-1260041	2026-07-09	Devex — Thailand / Bangkok	ESG Specialist	USAID/Thailand PAGI	added
https://www.devex.com/jobs/junior-climate-change-consultant-low-emissions-asian-development-lead-program-bangkok-thailand-332565	2026-07-09	Devex — Thailand / Bangkok	Junior Climate Change Consultant	ICF/USAID LEAD Bangkok	added
https://www.devex.com/jobs/esg-reporting-and-disclosures-analyst-associate-environmental-and-social-governance-1245124	2026-07-09	Devex — ESG and climate Asia	ESG Reporting and Disclosures Analyst/Associate	Unknown	added
https://www.devex.com/jobs/esg-risk-consultant-738312	2026-07-09	Devex — ESG and climate Asia	ESG Risk Consultant	Asia Foundation	added
https://www.devex.com/jobs/environmental-social-and-governance-esg-research-analyst-744245	2026-07-09	Devex — ESG and climate Asia	ESG Research Analyst	Unknown	added
https://www.devex.com/jobs/international-consultant-sustainable-development-strategy-for-the-seas-of-east-asia-786393	2026-07-09	Devex — Thailand / Bangkok	International Consultant – Sustainable Development Strategy (Seas of East Asia)	Unknown	added
https://reliefweb.int/job/4205358/consultant-migration-environment-climate-resilience	2026-07-09	ReliefWeb — climate Asia	Consultant – Migration, Environment & Climate Resilience	Unknown	added
https://www.climatechangecareers.com/job/erm/sydney-australia/early-career-consultant-carbon-markets/	2026-07-09	ClimateChangeCareers — carbon	Early Career Consultant – Carbon Markets	ERM Sydney	added
https://untalent.org/jobs/carbon-markets-and-climate-finance-analyst	2026-07-09	UNtalent — climate finance	Carbon Markets and Climate Finance Analyst	UNDP	added
https://untalent.org/jobs/individual-consultant-climate-change-consultant	2026-07-09	UNtalent — climate finance	Individual Consultant – Climate Change Consultant	UNDP	added
https://careers.gggi.org/vacancy/policy-analyst-consultant-methane-mitigation-policy-analyst-malaysia-577154.html	2026-07-09	GGGI Careers	Policy Analyst Consultant – Methane Mitigation	GGGI Malaysia	added
https://careers.gggi.org/vacancy/ic-fx-risk-management-strategy-for-climate-and-eco-finance-at-fdb-596196.html	2026-07-09	GGGI Careers	IC – FX Risk Management Strategy for Climate and Eco Finance	GGGI	added
https://careers.gggi.org/vacancy/carbon-pricing-senior-associate-578693.html	2026-07-09	GGGI Careers	Carbon Pricing Senior Associate	GGGI	added
https://careers.gggi.org/vacancy/carbon-pricing-senior-officer-578695.html	2026-07-09	GGGI Careers	Carbon Pricing Senior Officer	GGGI	added
https://careers.gggi.org/vacancy/project-associate-ikialcbt-587694.html	2026-07-09	GGGI Careers	Project Associate (IKI-ALCBT)	GGGI	added
https://careers.gggi.org/vacancy/monitoring-evaluation-and-learning-mel-consultant-597027.html	2026-07-09	GGGI Careers	Monitoring, Evaluation and Learning (MEL) Consultant	GGGI	added
https://careers.un.org/jobSearchDescription/277307?language=en	2026-07-09	UN Careers — climate	Climate Change Finance Unit Position (Bangkok)	UNEP Bangkok	added
https://careers.un.org/jobSearchDescription/248031?language=en	2026-07-09	UN Careers — climate	Associate Administrative Officer P2 – Climate and Clean Air Coalition	UNEP	added
https://community.iisd.org/jobs/low-carbon-consultant-graduate/	2026-07-09	IISD — climate policy	Low Carbon Consultant – Graduate	Unknown	added
https://community.iisd.org/jobs/jpo-programme-analyst-environment-energy-and-climate-change-eecc-open-only-to-nationals-of-denmark/	2026-07-09	IISD — climate policy	JPO – Programme Analyst, Environment, Energy and Climate Change	Unknown	added
https://community.iisd.org/jobs/researcher-forest-and-farm-finance/	2026-07-09	IISD — climate policy	Researcher – Forest and Farm Finance	Unknown	added
https://community.iisd.org/jobs/senior-consultant-renewable-energy-policy-finance-analyst-south-pole-group/	2026-07-09	IISD — climate policy	Senior Consultant – Renewable Energy Policy / Finance Analyst	South Pole	added
https://www.terra.do/climate-jobs/job-board/analyst-building-decarbonization-8235913/	2026-07-09	Terra.do — climate jobs	Analyst – Building & Decarbonization	USGBC	added
https://climatebase.org/job/66389066/analystassociate-consultant	2026-07-09	Climatebase — analyst	Analyst/Associate Consultant	E3 Economics	added
https://climatebase.org/job/51158390/consulting-associate-climate-entry-level	2026-07-09	Climatebase — analyst	Consulting Associate, Climate (Entry Level)	ERM	added
https://climatebase.org/job/57600593/policy-analyst-electrification	2026-07-09	Climatebase — analyst	Policy Analyst, Electrification	Energy Innovation	added
https://climatebase.org/job/72381758/energy-analyst	2026-07-09	Climatebase — analyst	Energy Analyst	Trio	added
https://climatebase.org/job/58814662/consulting-associate-scientist-entry-level	2026-07-09	Climatebase — analyst	Consulting Associate, Scientist (Entry Level)	ERM	added
https://climatebase.org/job/71120474/senior-energy-data-analyst-dfm	2026-07-09	Climatebase — analyst	Senior Energy Data Analyst	Unknown	added
https://www.mycareersfuture.gov.sg/job/environment/senior-researcher-esg-carbon-capture-sustainable-finance-tangspac-consulting-d9186a6bd21bb9d7c5d31427271362a1	2026-07-09	MyCareersFuture — Singapore	Senior Researcher – ESG / Carbon Capture / Sustainable Finance	Tangspac Consulting	added
https://www.mycareersfuture.gov.sg/job/sustainability-consultant-unravel-carbon-aadcf600f46baee6c897be62db3215d6	2026-07-09	MyCareersFuture — Singapore	Sustainability Consultant	Unravel Carbon	added
https://www.mycareersfuture.gov.sg/job/consulting/sustainability-analyst-csrworks-international-8753e825f8511d73ddd1d467138394be	2026-07-09	MyCareersFuture — Singapore	Sustainability Analyst	CSRWorks International	added
https://www.thaingo.org/jobs/detail/15108	2026-07-09	ThaiNGO — climate	Junior Advisor (Thai Climate Initiative)	GIZ Thailand	added
https://careers.southpole.com/jobs/950499-consultant-climate-strategies	2026-07-09	South Pole Careers	Consultant – Climate Strategies	South Pole	added
https://careers.southpole.com/jobs/1485792-senior-climate-investments-analyst	2026-07-09	South Pole Careers	Senior Climate Investments Analyst	South Pole	added
https://careers.southpole.com/jobs/7812769-senior-specialist-data-analytics-compliance-markets-certificates	2026-07-09	South Pole Careers	Senior Specialist – Data Analytics, Compliance Markets	South Pole	added
https://www.sei.org/people/jobs/research-associate-renewable-energy-latin-america/	2026-07-09	SEI — research	Research Associate – Renewable Energy (Latin America)	SEI	added
https://www.sei.org/people/jobs/research-associate-climate-land-sustainable-transitions/	2026-07-09	SEI — research	Research Associate – Climate, Land and Sustainable Transitions	SEI	added
https://www.sei.org/people/jobs/senior-researcher-vulnerability-climate-risk-and-just-adaptation/	2026-07-09	SEI — research	Senior Researcher – Vulnerability, Climate Risk and Just Adaptation	SEI Oxford	added
https://www.thaingo.org/jobs/detail/19070/2	2026-07-09	ThaiNGO — climate	Consultancy – ESG Performance Indicators for SME Suppliers	Unknown (Thailand)	added
https://www.thaingo.org/jobs/detail/18999/16	2026-07-09	ThaiNGO — climate	ESG Program Manager	Unknown (Thailand)	added
https://thaingo.org/jobs/detail/18552/2	2026-07-09	ThaiNGO — climate	ESG Specialist	Unknown (Thailand)	added
https://www.thaingo.org/jobs/detail/14119/93	2026-07-09	ThaiNGO — climate	Senior Advisor – Energy System / Policy (TGC-EMC)	GIZ Thailand	added
https://www.thaingo.org/jobs/detail/14628	2026-07-09	ThaiNGO — climate	Project Advisor – CASE Thailand	GIZ Thailand	added
https://www.thaingo.org/jobs/detail/15266	2026-07-09	ThaiNGO — climate	Research Fellow – Finance for Adaptation	Unknown	added
https://jobs.unicef.org/en-us/job/594221/climate-consultant-office-of-strategy-evidenceose-innocenti-italy-12-months-remotework-from-home	2026-07-09	UNICEF Jobs	Climate Consultant – Office of Strategy Evidence (Italy/Remote)	UNICEF	added
https://jobs.fao.org/careersection/fao_external/jobdetail.ftl?job=2403266	2026-07-09	FAO Jobs	Climate Change and Energy Specialist	FAO	added
https://jobs.fao.org/careersection/fao_external/jobdetail.ftl?lang=en&job=2400558	2026-07-09	FAO Jobs	National Climate Change Specialist	FAO	added
https://jobs.fao.org/careersection/fao_external/jobdetail.ftl?job=2500809	2026-07-09	FAO Jobs	Climate Change Specialist	FAO	added
https://www.idealist.org/en/nonprofit-job/91b027e9b2d74806a9271f372fa6f0fd-east-asia-esg-disclosures-research-consultancy-center-for-transnational-environmental-accountability-rockville	2026-07-09	Idealist — ESG	East Asia ESG Disclosures Research Consultancy	CTEA	added
https://www.impactpool.org/jobs/1066670	2026-07-09	Impactpool — IEA	Energy Analysts – IEA Regional Cooperation Centre	IEA Singapore	added
https://www.impactpool.org/jobs/1013192	2026-07-09	Impactpool — climate Asia	Climate Change Specialist – Asia	IRC	added
https://www.impactpool.org/jobs/897285	2026-07-09	Impactpool — Bangkok	Cities and Climate Change Technical Advisor (Bangkok)	UNV/ESCAP	added
https://www.impactpool.org/jobs/1062001	2026-07-09	Impactpool — Bangkok	Climate Change Specialist (Bangkok)	UNDP	added
https://www.impactpool.org/jobs/865302	2026-07-09	Impactpool — Bangkok	Regional Climate and DRR Advisor P4 (Bangkok)	WFP Bangkok	added
https://www.impactpool.org/jobs/1148998	2026-07-09	Impactpool — Bangkok	Climate and Blue Finance Consultant (Bangkok)	UNESCAP	added
https://www.impactpool.org/jobs/1212198	2026-07-09	Impactpool — UNJSPF	ESG Research Intern	UNJSPF	skipped_title
https://untalent.org/jobs/intern-environmental-management	2026-07-09	UNtalent — climate finance	Intern – Environmental Management	UNESCAP	skipped_title
https://reliefweb.int/job/4206589/regional-diplomacy-lead	2026-07-09	ReliefWeb — climate Asia	Regional Diplomacy Lead	Unknown	skipped_title
https://www.devex.com/jobs/individual-consultant-fund-environmental-social-governance-esg-and-sustainability-1416704	2026-07-09	Devex — ESG and climate Asia	Individual Consultant – Fund ESG and Sustainability	Unknown	skipped_dup
https://www.devex.com/jobs/individual-consultant-expert-engagement-framework-on-climate-finance-1413867	2026-07-09	Devex — ESG and climate Asia	Individual Consultant – Expert Engagement Framework on Climate Finance	Unknown	skipped_dup
https://careers.gggi.org/vacancy/mexico-energy-and-climate-individual-consultant-598612.html	2026-07-09	GGGI Careers	Mexico Energy and Climate Individual Consultant	GGGI	skipped_dup
https://www.climatechangecareers.com/job/ey/singapore-singapore/associate-assurance-climate-change-and-sustainability-services-2026-graduates/	2026-07-09	ClimateChangeCareers — carbon	Associate Assurance – Climate Change and Sustainability Services 2026 Graduates	EY Singapore	skipped_dup
https://www.climatechangecareers.com/job/erm/shanghai-china/consulting-associate-senior-associate-corporate-sustainability-climate-change/	2026-07-09	ClimateChangeCareers — carbon	Consulting Associate / Senior Associate, Corporate Sustainability & Climate Change	ERM Shanghai	skipped_dup
https://careers.un.org/jobSearchDescription/278773	2026-07-09	UN Careers — climate	Programme Management Officer (Climate Finance)	UN	skipped_dup
https://careers.unido.org/job/Vienna-Monitoring-and-Evaluation-Specialist/1349795655/	2026-07-10	Multi-portal scheduled scan	Monitoring and Evaluation Specialist	UNIDO	skipped_dup
https://untalent.org/jobs/sustainability-consultant	2026-07-10	Multi-portal scheduled scan	Sustainability Consultant	WRI/UNTalent	added
https://untalent.org/jobs/assistant-investment-officer-responsible-investment-analyst	2026-07-10	Multi-portal scheduled scan	Assistant Investment Officer (Responsible Investment Analyst)	UNJSPF	skipped_dup
https://www.impactpool.org/jobs/1209929	2026-07-10	Multi-portal scheduled scan	Investment Officer (Climate Change)	ADB	added
https://www.impactpool.org/jobs/1174869	2026-07-10	Multi-portal scheduled scan	JPO - Climate Change Analyst	UNDP	added
https://www.impactpool.org/jobs/1072467	2026-07-10	Multi-portal scheduled scan	Energy Analysts - IEA Regional Cooperation Centre Singapore	OECD/IEA	added
https://www.wri.org/careers/jobs/climate-associate-2026-jr100253	2026-07-10	Multi-portal scheduled scan	Climate Associate	WRI	skipped_dup
https://www.mycareersfuture.gov.sg/job/senior-associate-climate-change-sustainability-assurance-singapore-ernst-young-abbefb868b2164ddc53df56cabfe486d	2026-07-10	Multi-portal scheduled scan	Senior Associate - Climate Change and Sustainability Assurance	EY Singapore	skipped_dup
https://www.unjobnet.org/jobs/detail/84348270	2026-07-10	Multi-portal scheduled scan	Analyst, Impact Assessment and Foresight	EBRD	skipped_dup
https://www.unjobnet.org/jobs/detail/cern-sustainability-reporting-communications-project-officer-osiics2026125grap-87133231	2026-07-10	Multi-portal scheduled scan	Sustainability Reporting & Communications Project Officer	CERN	added
https://www.terra.do/climate-jobs/job-board/analystassociate-esg-8355401/	2026-07-10	Multi-portal scheduled scan	Analyst/Associate, ESG	Generate Capital	skipped_dup
https://www.terra.do/climate-jobs/job-board/Climate-Resilience-Associate---Senior-Analyst-Trc-Companies--Inc--8229495/	2026-07-10	Multi-portal scheduled scan	Climate Resilience Associate / Senior Analyst	TRC Companies	skipped_dup
https://unjobs.org/vacancies/1783465328142	2026-07-10	Multi-portal scheduled scan	Financial Analyst Consultant - Infrastructure & Energy	IDB	added
https://community.iisd.org/jobs/renewable-energy-analyst/	2026-07-10	Multi-portal scheduled scan	Renewable Energy Analyst	IISD Community	skipped_dup
https://community.iisd.org/jobs/research-analyst-climate-change-impacts-and-policy-climate-analytics/	2026-07-10	Multi-portal scheduled scan	Research Analyst, Climate Change Impacts and Policy	Climate Analytics	skipped_dup
https://community.iisd.org/jobs/senior-research-analyst/	2026-07-10	Multi-portal scheduled scan	Senior Research Analyst	IISD Community	skipped_dup
https://careers.odi.org/postings/58be210c-ca33-4b7f-96f9-4cdb9bec4d8e	2026-07-10	Multi-portal scheduled scan	Senior Research Fellow	ODI	skipped_dup
https://www.seforall.org/jobs/investment-analyst-energy-transition	2026-07-10	Multi-portal scheduled scan	Investment Analyst, Energy Transition	SE4All	skipped_dup
https://www.seforall.org/jobs/sustainable-cooling-analyst	2026-07-10	Multi-portal scheduled scan	Sustainable Cooling Analyst	SE4All	skipped_dup
https://employment.irena.org/careersection/1/jobdetail.ftl?job=AP0041&lang=en&portal=8205020217	2026-07-10	Multi-portal scheduled scan	Associate Professional, Project Navigator	IRENA	skipped_dup
https://careers.uobgroup.com/job/Singapore-(City-Area)-Senior-Officer,-ESG-Investment-Analyst,-UOB-Asset-Management-048624/1056726366/	2026-07-10	Multi-portal scheduled scan	Senior Officer, ESG Investment Analyst	UOB	added
https://climatebase.org/job/66389066/analystassociate-consultant	2026-07-10	Multi-portal scheduled scan	Analyst/Associate Consultant	Climatebase	skipped_dup
https://climatebase.org/job/58735033/portfolio-esg-analystassociate	2026-07-10	Multi-portal scheduled scan	Portfolio ESG Analyst/Associate	Octopus Energy	skipped_dup
https://climatebase.org/job/71676500/data-analyst---esg	2026-07-10	Multi-portal scheduled scan	Data Analyst - ESG	ERM	skipped_dup
https://climatebase.org/job/51158390/consulting-associate-climate-entry-level	2026-07-10	Multi-portal scheduled scan	Consulting Associate, Climate (Entry Level)	ERM	skipped_dup
https://climatebase.org/job/74060375/consulting-senior-associate--low-carbon-solutions--electricity-networks--energy-systems	2026-07-10	Multi-portal scheduled scan	Consulting Senior Associate - Low Carbon Solutions	ERM	skipped_dup
https://climatebase.org/job/48916321/allied-climate-partners---operations-associateanalyst	2026-07-10	Multi-portal scheduled scan	Operations Associate/Analyst	Allied Climate Partners	added
https://jobs.climatebase.org/job/72506675/consultant---energy-transition-advisory	2026-07-10	Multi-portal scheduled scan	Consultant - Energy Transition Advisory	ICF	skipped_dup
https://climatebase.org/job/55116918/consulting-senior-associate---corporate-sustainability--climate-change	2026-07-10	Multi-portal scheduled scan	Consulting Senior Associate - Corporate Sustainability & Climate Change	ERM	added
https://www.climatebase.org/job/59805753/consulting-senior-associate-climate	2026-07-10	Multi-portal scheduled scan	Consulting Senior Associate (Climate)	ERM	added
https://www.wri.org/careers/jobs/energy-research-analyst-2026-jr100186	2026-07-10	Multi-portal scheduled scan	Energy Research Analyst	WRI	skipped_dup
https://www.wri.org/careers/jobs/urban-finance-and-economy-research-analyst-2026-jr100174	2026-07-10	Multi-portal scheduled scan	Urban Finance and Economy Research Analyst	WRI	skipped_dup
https://www.wri.org/careers/jobs/senior-project-associate-communication-2026-jr100300	2026-07-10	Multi-portal scheduled scan	Senior Project Associate - Communication	WRI	added
https://www.wri.org/careers/jobs/communications-and-outreach-associate-2026-jr100161	2026-07-10	Multi-portal scheduled scan	Communications and Outreach Associate	WRI	added
https://jobs.lever.co/ethree/3515aaa0-c54c-483a-9eee-97b5dfeb0818	2026-07-10	Multi-portal scheduled scan	Energy and Environmental Economics - Analyst/Associate Consultant	E3	added
https://www.mycareersfuture.gov.sg/job/sustainability-esg-consultant-sgs-international-certification-services-singapore-5d354dc72aa8d2b95397167a19dac97b	2026-07-10	Multi-portal scheduled scan	Sustainability & ESG Consultant	SGS Singapore	skipped_dup
https://www.mycareersfuture.gov.sg/job/managing-consultant-corporate-sustainability-climate-change-environmental-resources-management-dddcadbbce041fe24af116ad6bd9fa34	2026-07-10	Multi-portal scheduled scan	Managing Consultant, Corporate Sustainability and Climate Change	ERM Singapore	skipped_dup
https://www.mycareersfuture.gov.sg/job/esg-sustainability-consultant-iso-consultants-f044bd689775b35144232e319a43e843	2026-07-10	Multi-portal scheduled scan	ESG & Sustainability Consultant	ISO Consultants	skipped_dup
https://www.mycareersfuture.gov.sg/job/environment/senior-researcher-esg-carbon-capture-sustainable-finance-tangspac-consulting-d9186a6bd21bb9d7c5d31427271362a1	2026-07-10	Multi-portal scheduled scan	Senior Researcher - ESG / Carbon Capture / Sustainable Finance	TangsPAC Consulting	skipped_dup
https://www.mycareersfuture.gov.sg/job/consulting/esg-intelligence-analyst-associate-eco-business-d5d27109f17a48bdfc7b8ce689360332	2026-07-10	Multi-portal scheduled scan	ESG Intelligence Analyst / Associate	Eco-Business	skipped_dup
https://www.mycareersfuture.gov.sg/job/sustainability-consultant-unravel-carbon-aadcf600f46baee6c897be62db3215d6	2026-07-10	Multi-portal scheduled scan	Sustainability Consultant	Unravel Carbon	skipped_dup
https://www.mycareersfuture.gov.sg/job/associate-sustainability-trusted-services-e2b9fac9c2337de70ce02ed817c500b1	2026-07-10	Multi-portal scheduled scan	Associate (12 months contract), Sustainability	Trusted Services (Temasek)	skipped_dup
https://www.impactpool.org/jobs/1177972	2026-07-10	Multi-portal scheduled scan	Individual Consultant: ESG Specialist	GGGI	skipped_dup
https://www.impactpool.org/jobs/1203696	2026-07-10	Multi-portal scheduled scan	Operations Officer - Sustainable Infrastructure Advisory	World Bank	skipped_dup
https://www.impactpool.org/jobs/1180852	2026-07-10	Multi-portal scheduled scan	Energy and Climate Individual Consultant (Mexico)	GGGI	skipped_dup
https://www.impactpool.org/jobs/1085110	2026-07-10	Multi-portal scheduled scan	Environment Economist/Policy Analyst Climate Change Adaptation	OECD	skipped_dup
https://www.impactpool.org/jobs/1083883	2026-07-10	Multi-portal scheduled scan	Junior Sustainability Consultant	GGGI	skipped_dup
https://oecd.impactpool.org/vacancies/1183747	2026-07-10	Multi-portal scheduled scan	Young Associate 2026-28	IEA	skipped_dup
https://www.impactpool.org/jobs/1039915	2026-07-10	Multi-portal scheduled scan	Senior Energy Analyst - Technology Supply Chains	OECD	added
https://reliefweb.int/job/3922173/disaster-risk-reduction-and-climate-change-analyst-partnerships-infrastructure	2026-07-10	Multi-portal scheduled scan	Disaster Risk Reduction and Climate Change Analyst	P4I/Bangkok	skipped_dup
https://reliefweb.int/job/3872314/senior-consultant-climate-change-policy-analysis	2026-07-10	Multi-portal scheduled scan	Senior Consultant for Climate Change Policy Analysis	FHI360	skipped_dup
https://reliefweb.int/job/3991546/services-consultant-study-gendered-dimensions-loss-and-damage-climate-change-asia	2026-07-10	Multi-portal scheduled scan	Consultant: Loss and Damage Climate Change Asia Study	Unknown	skipped_dup
https://reliefweb.int/job/4016135/climate-change-specialist-asia	2026-07-10	Multi-portal scheduled scan	Climate Change Specialist - Asia	Unknown	skipped_dup
https://reliefweb.int/job/4053352/experienced-consultant-climate-adaptation-mission-easts-inclusive-climate-solutions-study	2026-07-10	Multi-portal scheduled scan	Consultant - Climate Adaptation	Mission East	skipped_dup
https://reliefweb.int/job/3984413/consultant-climate-action	2026-07-10	Multi-portal scheduled scan	Consultant, Climate Action	Unknown	skipped_dup
https://www.devex.com/jobs/environmental-social-and-governance-esg-specialist-usaid-thailand-pagi-1260041	2026-07-10	Multi-portal scheduled scan	ESG Specialist - USAID PAGI Thailand	USAID Thailand	skipped_dup
https://www.devex.com/jobs/junior-climate-change-consultant-low-emissions-asian-development-lead-program-bangkok-thailand-332565	2026-07-10	Multi-portal scheduled scan	Junior Climate Change Consultant - Bangkok	ICF/USAID	skipped_dup
https://www.devex.com/jobs/senior-knowledge-analyst-social-impact-1262900	2026-07-10	Multi-portal scheduled scan	Senior Knowledge Analyst, Social Impact	BCG	skipped_dup
https://www.devex.com/jobs/environmental-social-and-governance-esg-research-analyst-744245	2026-07-10	Multi-portal scheduled scan	ESG Research Analyst	Unknown	skipped_dup
https://www.devex.com/jobs/individual-consultant-fund-environmental-social-governance-esg-and-sustainability-1416704	2026-07-10	Multi-portal scheduled scan	Individual Consultant: Fund ESG and Sustainability	Unknown	skipped_dup
https://www.devex.com/jobs/esg-reporting-and-disclosures-analyst-associate-environmental-and-social-governance-1245124	2026-07-10	Multi-portal scheduled scan	ESG Reporting and Disclosures Analyst/Associate	Unknown	skipped_dup
https://jobs.lever.co/ethree/9ecaafbf-ee04-4853-95cf-16220e6157fe	2026-07-10	Multi-portal scheduled scan	Energy and Environmental Economics - Associate Director/Director	E3	skipped_title
https://www.impactpool.org/jobs/1212198	2026-07-10	Multi-portal scheduled scan	ESG Research Intern	UNJSPF	skipped_title
https://www.wri.org/careers/jobs/raising-national-climate-ambition-intern-2026-jr100204	2026-07-10	Multi-portal scheduled scan	Raising National Climate Ambition Intern	WRI	skipped_title
https://www.wri.org/careers/jobs/industrial-decarbonization-intern-2026-jr100159	2026-07-10	Multi-portal scheduled scan	Industrial Decarbonization Intern	WRI	skipped_title
https://www.wri.org/careers/jobs/community-development-research-intern-2026-jr100213	2026-07-10	Multi-portal scheduled scan	Community Development Research Intern	WRI	skipped_title
https://www.wri.org/careers/jobs/foundation-relations-development-intern-2026-jr100158	2026-07-10	Multi-portal scheduled scan	Foundation Relations Development Intern	WRI	skipped_title
https://careers.southpole.com/jobs/5121528-business-development-manager-advisory-asia	2026-07-10	Multi-portal scheduled scan	Business Development & Key Accounts Manager	South Pole	skipped_title
https://chathamhouse.org/about-us/careers/internships	2026-07-10	Multi-portal scheduled scan	Internships	Chatham House	skipped_title
https://thaingo.org/jobs/detail/21016	2026-07-12	Multi-portal scheduled scan	Environment & Livelihood Advisor	ThaiNGO	skipped_title
https://www.thai-german-cooperation.info/en_US/carbon-finance-advisor-thai-rice-gcf-2/	2026-07-12	Multi-portal scheduled scan	Carbon Finance Advisor (Thai Rice GCF)	GIZ Thailand	added
https://www.thai-german-cooperation.info/en_US/advisor-renewable-energy-transition-senior-level/	2026-07-12	Multi-portal scheduled scan	Advisor – Renewable Energy Transition (Senior Level)	GIZ Thailand	added
https://www.thai-german-cooperation.info/en_US/energy-advisor-case/	2026-07-12	Multi-portal scheduled scan	Energy Advisor (CASE)	GIZ Thailand	added
https://www.sei.org/people/jobs/research-assistant-land-use-ecosystems-sustainable-transitions/	2026-07-12	Multi-portal scheduled scan	Research Assistant – Land Use, Ecosystems and Sustainable Transitions	SEI	added
https://www.impactpool.org/jobs/1157458	2026-07-12	Multi-portal scheduled scan	Individual Consultant – ESG Trainer	GGGI	added
https://careers.un.org/jobSearchDescription/277103?language=en	2026-07-12	Multi-portal scheduled scan	Associate Programme Officer, OED/SPPG (Temporary), P2	UN	added
https://careers.un.org/jobSearchDescription/250382	2026-07-12	Multi-portal scheduled scan	Sustainable Development Officer	UN	skipped_title
https://jobs.fao.org/careersection/fao_external/jobdetail.ftl?job=2500585	2026-07-12	Multi-portal scheduled scan	Expert on Climate Change Analysis	FAO	added
https://www.climatechangecareers.com/job/world-resources-institute/washington-dc-united-states/research-analyst-ii-natural-climate-solutions/	2026-07-12	Multi-portal scheduled scan	Research Analyst II – Natural Climate Solutions	WRI	added
https://www.climatechangecareers.com/job/consulting-for-sustainable-solutions/cape-town-south-africa/senior-associate-climate/	2026-07-12	Multi-portal scheduled scan	Senior Associate (Climate)	Consulting for Sustainable Solutions	added
https://www.climatechangecareers.com/job/ricardo/madrid-spain/analyst-consultant-energy-and-carbon-policy/	2026-07-12	Multi-portal scheduled scan	Analyst Consultant – Energy and Carbon Policy	Ricardo	added
https://www.climatechangecareers.com/job/kaleidoscope/remote/sustainability-strategy-analyst/	2026-07-12	Multi-portal scheduled scan	Sustainability Strategy Analyst	Kaleidoscope	added
https://www.unjobnet.org/jobs/detail/gggi-carbon-finance-consultant-85159412	2026-07-12	Multi-portal scheduled scan	Carbon Finance Consultant	GGGI	added
https://www.developmentaid.org/jobs/view/1779329/consultant-program-manager-southeast-asia	2026-07-12	Multi-portal scheduled scan	Consultant Program Manager – Southeast Asia	Sequoia Climate Foundation	added
https://jobs.undp.org/cj_view_job.cfm?cur_job_id=42700	2026-07-12	Multi-portal scheduled scan	Consultant – Climate Change Research Analyst	UNDP	skipped_dup
https://careers.unido.org/job/Vienna-Project-Coordinator/1354738755/	2026-07-12	Multi-portal scheduled scan	Project Coordinator	UNIDO	skipped_dup
https://reliefweb.int/job/4077292/senior-officer-climate-and-environmental-standards	2026-07-12	Multi-portal scheduled scan	Senior Officer – Climate and Environmental Standards	Unknown	skipped_dup
https://reliefweb.int/job/3998842/climate-resilience-national-training-officer-pakistan	2026-07-12	Multi-portal scheduled scan	Climate Resilience National Training Officer	ADPC	skipped_dup
https://www.devex.com/jobs/research-analyst-ipsa-8-1273188	2026-07-12	Multi-portal scheduled scan	Research Analyst - IPSA 8	UNDP	skipped_dup
https://www.impactpool.org/jobs/1197103	2026-07-12	Multi-portal scheduled scan	Analyst, Impact Assessment and Foresight	EBRD	skipped_dup
https://untalent.org/jobs/sustainability-consultant	2026-07-12	Multi-portal scheduled scan	Sustainability Consultant	WRI	skipped_dup
https://careers.gggi.org/vacancy/climate-finance-senior-associate-611714.html	2026-07-12	Multi-portal scheduled scan	Climate Finance Senior Associate	GGGI	skipped_dup
https://careers.southpole.com/jobs/2977168-junior-associate-consultant-corporate-climate-targets	2026-07-12	Multi-portal scheduled scan	Junior Associate Consultant – Corporate Climate Targets	South Pole	skipped_dup
https://www.wri.org/careers/jobs/climate-associate-2026-jr100253	2026-07-12	Multi-portal scheduled scan	Climate Associate	WRI	skipped_dup
https://careers.un.org/jobSearchDescription/278165	2026-07-12	Multi-portal scheduled scan	Programme Officer P3 (Energy Transition)	UN/ESCAP	skipped_dup
https://community.iisd.org/jobs/analyst-climate-negotiations-climate-finance/	2026-07-13	Multi-portal scheduled scan	Analyst, Climate Negotiations & Climate Finance	IISD	added
https://thaingo.org/jobs/detail/21355?type=24	2026-07-13	Multi-portal scheduled scan	Final Evaluation Consultant – Trees4All Project	ThaiNGO	added
https://jobs.greenclimate.fund/job/Incheon,-South-Korea-(ICN)-Case-Associate/1055679901/	2026-07-13	Multi-portal scheduled scan	Case Associate	GCF	added
https://jobs.greenclimate.fund/job/Incheon,-South-Korea-(ICN)-Readiness-and-Preparatory-Support-Programme-Assistant-Consultant/846865701/	2026-07-13	Multi-portal scheduled scan	Readiness and Preparatory Support Programme Assistant Consultant	GCF	added
https://www.unjobnet.org/jobs/detail/ebrd-analyst-human-capital-skills-energy-86621620	2026-07-13	Multi-portal scheduled scan	Analyst, Human Capital & Skills, Energy	EBRD	added
https://careers.un.org/jobSearchDescription/277844?language=en	2026-07-13	Multi-portal scheduled scan	Energy Efficiency Finance and MVE Expert	UN	skipped_title
https://careers.un.org/jobSearchDescription/278935?language=en	2026-07-13	Multi-portal scheduled scan	Consultant Programme Management (ITC/climate MSME)	UN/ITC	skipped_title
https://www.terra.do/climate-jobs/job-board/Entry-Level-Net-Zero-Finance-Analyst--Hybrid-Beijing-Climate-Policy-Initiative-8397337/	2026-07-14	Multi-portal scheduled scan	Entry-Level Net Zero Finance Analyst	Climate Policy Initiative	added
https://climatebase.org/job/60738810/junior-energy-analyst-asia-pacific	2026-07-14	Multi-portal scheduled scan	Junior Energy Analyst – Asia Pacific	Mainstream Projects	added
https://www.terra.do/climate-jobs/job-board/junior-environmental-policy-financial-analyst-8405417/	2026-07-14	Multi-portal scheduled scan	Junior Environmental Policy & Financial Analyst	The Cadmus Group	added
https://www.terra.do/climate-jobs/job-board/Climate-finance-investment-analyst--emerging-markets--Responsability-Investments-Ag-8398885/	2026-07-14	Multi-portal scheduled scan	Climate Finance Investment Analyst (Emerging Markets)	Responsability Investments	added
https://reliefweb.int/job/3951704/project-management-office-pmo-analyst-iica-1-bkk-thailand	2026-07-14	Multi-portal scheduled scan	PMO Analyst (IICA-1, Bangkok, Thailand)	IO / Bangkok	added
https://reliefweb.int/job/3987988/program-officer-asia-pacific	2026-07-14	Multi-portal scheduled scan	Program Officer, Asia-Pacific	NGO / Asia-Pacific	added
https://www.unjobnet.org/jobs/detail/undp-undpic2026011individual-consultant-climate-change-policy-and-documentation-86196950	2026-07-15	Multi-portal scheduled scan	Individual Consultant – Climate Change Policy and Documentation	UNDP	added
https://www.unjobnet.org/jobs/detail/unescap-international-consultant-urban-resilience-strategy-and-action-programme-86108643	2026-07-15	Multi-portal scheduled scan	International Consultant – Urban Resilience Strategy and Action Programme	UNESCAP	added
https://www.climatechangecareers.com/job/erm/bangkok-thailand/corporate-sustainability-and-climate-change-consultant/	2026-07-15	Multi-portal scheduled scan	Corporate Sustainability and Climate Change Consultant	ERM Bangkok	added
https://untalent.org/jobs/climate-finance-specialist-8	2026-07-15	Multi-portal scheduled scan	Climate Finance Specialist	World Bank	added
https://www.mycareersfuture.gov.sg/job/graduate-climate-consultant-rsk-centre-sustainability-excellence-a472e75416e4f8166a5095896c979e58	2026-07-15	Multi-portal scheduled scan	Graduate Climate Consultant	RSK Centre Sustainability Excellence	added
https://www.mycareersfuture.gov.sg/job/associate-sustainability-trusted-services-e2b9fac9c2337de70ce02ed817c500b1	2026-07-15	Multi-portal scheduled scan	Associate – Sustainability Strategy	Trusted Services	added
https://www.terra.do/climate-jobs/job-board/ESG-Sustainability-Associate-Iix-Global-8303865/	2026-07-15	Multi-portal scheduled scan	ESG/Sustainability Associate	IIX Global	added
https://www.terra.do/climate-jobs/job-board/investment-analyst-8392316/	2026-07-15	Multi-portal scheduled scan	Investment Analyst	Climate Collective	added
https://www.terra.do/climate-jobs/job-board/Analyst--Center-for-Sustainable-Finance-Beijing-Climate-Policy-Initiative-8196207/	2026-07-15	Multi-portal scheduled scan	Analyst – Center for Sustainable Finance	CPI Beijing	added
https://www.climatechangecareers.com/job/sales-tips/singapore-singapore/carbon-management-specialist-climate-risk-analyst-green-finance-executive/	2026-07-15	Multi-portal scheduled scan	Carbon Management Specialist / Climate Risk Analyst	Sales Tips	added
https://careers.un.org/jobSearchDescription/272737	2026-07-15	Multi-portal scheduled scan	Nature-based Solutions Consultant	ILO	added
https://jobs.greenclimate.fund/job/Incheon,-South-Korea-(ICN)-Climate-Investment-Specialist/1199984501/	2026-07-15	Multi-portal scheduled scan	Climate Investment Specialist	GCF	added
https://jobs.greenclimate.fund/job/Incheon,-South-Korea-(ICN)-Evaluation-Data-Associate/902608301/	2026-07-15	Multi-portal scheduled scan	Evaluation Data Associate	GCF	added
https://unjobs.org/vacancies/1766043083685	2026-07-15	Multi-portal scheduled scan	Consultant – Data Analysis in Disaster Risk Reduction	UNESCAP	added
https://www.devex.com/jobs/environmental-social-and-governance-esg-research-analyst-sector-based-screening-664346	2026-07-15	Multi-portal scheduled scan	ESG Research Analyst – Sector-Based Screening	Devex	added
https://careers.gggi.org/vacancy/sustainable-finance-senior-associate-578689.html	2026-07-15	Multi-portal scheduled scan	Sustainable Finance Senior Associate	GGGI	added
https://www.unjobnet.org/jobs/detail/undp-programme-analyst-climate-change-water-energy-environment-open-to-internal-87437128	2026-07-16	Multi-portal scheduled scan	Programme Analyst Climate Change, Water, Energy & Environment	UNDP	added
https://jobs.accaglobal.com/job/13992411/national-environmental-finance-analyst/	2026-07-16	Multi-portal scheduled scan	National Environmental Finance Analyst (BIOFIN)	UNDP	added
https://unjobs.org/vacancies/1747214532271	2026-07-16	Multi-portal scheduled scan	Project Management Support Analyst	UNDP	added
https://unjobs.org/vacancies/1753137747944	2026-07-16	Multi-portal scheduled scan	Associate Programme Management Officer	UNEP	added
https://unjobs.org/vacancies/1771353147147	2026-07-16	Multi-portal scheduled scan	Technical Advisor REDD+ and Forests	UNEP	added
https://unjobs.org/vacancies/1781163438057	2026-07-16	Multi-portal scheduled scan	Programme Management Officer	UNEP	skipped_title
https://unjobs.org/vacancies/1772778804943	2026-07-16	Multi-portal scheduled scan	Programme Management Officer	UNEP	skipped_title
https://unjobs.org/vacancies/1642976462352	2026-07-16	Multi-portal scheduled scan	Associate Social Affairs Officer (2022 posting)	ESCAP	skipped_title
https://unjobs.org/vacancies/1750300315521	2026-07-16	Multi-portal scheduled scan	Risk Management Analyst	ADB	skipped_title
https://unjobs.org/vacancies/1767208633031	2026-07-16	Multi-portal scheduled scan	Project Analyst Bangkok	UNDP	skipped_dup
https://unjobs.org/vacancies/1752097917220	2026-07-16	Multi-portal scheduled scan	Programme Analyst IPSA 9 UNCDF	UNDP	skipped_dup
https://unjobs.org/vacancies/1766849148999	2026-07-16	Multi-portal scheduled scan	Climate Action Portfolio Manager	UNDP	skipped_dup
https://unjobs.org/vacancies/1773210977751	2026-07-16	Multi-portal scheduled scan	Impact Measurement Verification and Learning Analyst	UNDP	skipped_dup
https://unjobs.org/vacancies/1770190363610	2026-07-16	Multi-portal scheduled scan	Renewable Energy & Access to Finance Coaching Expert	UNEP	skipped_dup
https://unjobs.org/vacancies/1776938592673	2026-07-16	Multi-portal scheduled scan	PV System Management and Recycling Expert	UNEP	skipped_dup
https://www.unjobnet.org/jobs/detail/85738994	2026-07-16	Multi-portal scheduled scan	Sustainable Finance Analyst FAST Initiative Asia	UNDP	skipped_dup
https://unjobs.org/vacancies/1763405251453	2026-07-16	Multi-portal scheduled scan	Consultant Green Finance Network	GGGI	skipped_dup
https://unjobs.org/vacancies/1772778838636	2026-07-16	Multi-portal scheduled scan	Programme Officer	ESCAP	skipped_dup
https://www.unjobnet.org/jobs/detail/cern-sustainability-reporting-communications-project-officer-osiics2026125grap-87133231	2026-07-17	Multi-portal scheduled scan	Sustainability Reporting & Communications Project Officer	CERN	added
https://unjobs.org/vacancies/1781560799604	2026-07-17	Multi-portal scheduled scan	Consultancy – Strategic Outreach and Resource Mobilization Support	WMO	added
https://unjobs.org/vacancies/1774037969427	2026-07-17	Multi-portal scheduled scan	Technical Consultant – Sustainability Services	Winrock International	added
https://untalent.org/jobs/climate-change-analyst-5	2026-07-17	Multi-portal scheduled scan	Climate Change Analyst	UNOPS	added
https://untalent.org/jobs/assistant-investment-officer-responsible-investment-analyst	2026-07-17	Multi-portal scheduled scan	Assistant Investment Officer (Responsible Investment Analyst)	UNJSPF	added
https://untalent.org/jobs/sustainability-consultant	2026-07-17	Multi-portal scheduled scan	Sustainability Consultant	WRI	added
https://careers.unido.org/job/Vienna-Industrial-Development-Expert/1348183155/	2026-07-17	Multi-portal scheduled scan	Industrial Development Expert	UNIDO	added
https://careers.un.org/jobSearchDescription/275144	2026-07-17	Multi-portal scheduled scan	Junior International Consultant – EU ESG Regulations	UN	added
https://thaingo.org/jobs/detail/20933	2026-07-17	Multi-portal scheduled scan	Senior Technical Consultant	ThaiNGO	added
https://thaingo.org/jobs/detail/21402	2026-07-17	Multi-portal scheduled scan	Program Coordinator	ThaiNGO	added
https://www.mycareersfuture.gov.sg/job/esg-sustainability-consultant-iso-consultants-f044bd689775b35144232e319a43e843	2026-07-17	Multi-portal scheduled scan	ESG & Sustainability Consultant	ISO Consultants Singapore	added
https://www.mycareersfuture.gov.sg/job/sustainability-climate-change-associate-pricewaterhousecoopers-risk-services-0fa698c91d8cc4a2a294a936823f1b03	2026-07-17	Multi-portal scheduled scan	Sustainability and Climate Change Associate	PwC Singapore	added
https://careers.ey.com/ey/job/Bangkok-Assurance-Climate-Change-and-Sustainability_Senior-to-Manager-Bang-10330/1207201901/	2026-07-17	Multi-portal scheduled scan	Assurance – Climate Change and Sustainability (Senior to Manager)	EY Bangkok	added
https://climatebase.org/job/71676500/data-analyst---esg	2026-07-17	Multi-portal scheduled scan	Data Analyst – ESG	Climatebase	added
https://climatebase.org/job/74060375/consulting-senior-associate--low-carbon-solutions--electricity-networks--energy-systems	2026-07-17	Multi-portal scheduled scan	Consulting Senior Associate – Low Carbon Solutions	ERM	added
https://careers.southpole.com/jobs/2662973-associate-consultant-environmental-impact-accounting	2026-07-17	Multi-portal scheduled scan	Associate Consultant – Environmental Impact Accounting	South Pole	added
https://careers.southpole.com/jobs/5526878-junior-associate-associate-specialist	2026-07-17	Multi-portal scheduled scan	Junior Associate / Associate Specialist	South Pole	added
https://www.sei.org/people/jobs/research-associate-genjust/	2026-07-17	Multi-portal scheduled scan	Research Associate – GenJust	SEI	added
https://www.sei.org/people/jobs/research-associate-staff-scientist-climate-and-energy-policy-us/	2026-07-17	Multi-portal scheduled scan	Research Associate / Staff Scientist – Climate and Energy Policy (US)	SEI	added
https://adb.org/careers/260636	2026-07-17	Multi-portal scheduled scan	Economics Analyst	ADB	added
https://www.adb.org/careers/260464	2026-07-17	Multi-portal scheduled scan	Project Analyst	ADB	added
https://www.adb.org/careers/260571	2026-07-17	Multi-portal scheduled scan	Associate Strategy and Policy Officer	ADB	added
https://www.impactpool.org/jobs/1212198	2026-07-17	Multi-portal scheduled scan	ESG Research Intern	UNJSPF	skipped_title
https://jobs.giz.de/index.php?ac=jobad&id=78602	2026-07-17	Multi-portal scheduled scan	Intern – GCF Business Development	GIZ	skipped_title
https://jobs.unicef.org/en-us/job/594380/consultant-clean-air-hehc-programme-gpd-climate-and-environment-coe-15-months-bangkok-thailand-office-based-594380	2026-07-18	UNICEF careers	Consultant – Clean Air, HEHC Programme, Climate and Environment CoE	UNICEF Bangkok	added
https://www.adb.org/careers/260633	2026-07-18	ADB careers	Associate Financing Partnerships Officer	ADB	added
https://www.adb.org/careers/260160	2026-07-18	ADB careers	Project Officer (Energy)	ADB	added
https://www.adb.org/careers/260183	2026-07-18	ADB careers	Senior Project Officer (Energy)	ADB	added
https://jobs.fao.org/careersection/fao_external/jobdetail.ftl?lang=en&job=2601218	2026-07-18	FAO careers	Climate Change Programme Specialist	FAO	added
https://careers.gggi.org/vacancy/gcf-projects-consultant-mexico-608333.html	2026-07-18	GGGI careers	GCF Projects Consultant (Mexico)	GGGI	added
https://www.unjobnet.org/jobs/detail/undp-programme-analyst-climate-change-water-energy-environment-open-to-internal-87437128	2026-07-18	UNjobnet	UNDP Programme Analyst Climate Change Water Energy Environment	UNDP	skipped_dup
https://untalent.org/jobs/climate-policy-and-energy-transition-advisor	2026-07-18	UNtalent	Climate Policy and Energy Transition Advisor	UNEP	skipped_dup
https://untalent.org/jobs/climate-change-analyst-programming-and-innovation	2026-07-18	UNtalent	Climate Change Analyst (Programming and Innovation)	World Bank	skipped_dup
https://www.adb.org/careers/260165	2026-07-18	ADB careers	Senior Energy Specialist (Transmission)	ADB	skipped_dup
https://www.impactpool.org/jobs/1199629	2026-07-18	Impactpool	CCAC National Coordinator for Thailand	UNEP	skipped_dup
https://unjobs.org/vacancies/1774301712443	2026-07-18	UNjobs	CCAC National Coordinator for Thailand	UNEP	skipped_dup
https://www.impactpool.org/jobs/1209929	2026-07-18	Impactpool	Investment Officer (Climate Change)	ADB	skipped_dup
https://community.iisd.org/jobs/renewable-energy-analyst/	2026-07-18	IISD community	Renewable Energy Analyst	IEA	skipped_dup
https://community.iisd.org/jobs/researcher-or-senior-researcher-associate-research-scholar/	2026-07-18	IISD community	Researcher or Senior Researcher (Associate Research Scholar)	Columbia Center	skipped_dup
https://www.climatebase.org/job/59805753/consulting-senior-associate-climate	2026-07-18	Climatebase	Consulting Senior Associate (Climate)	ERM	skipped_dup
https://careers.gggi.org/vacancy/forestry-consultant-614368.html	2026-07-18	GGGI careers	Forestry Consultant	GGGI	skipped_dup
https://careers.un.org/jobSearchDescription/278935	2026-07-18	UN Careers	Job 278935	UN	skipped_dup
https://www.terra.do/climate-jobs/job-board/sustainability-analytics-consultant-energy-esg-8393707/	2026-07-18	Terra.do	Sustainability Analytics Consultant Energy & ESG	Guidehouse	skipped_dup
https://www.terra.do/climate-jobs/job-board/analystassociate-esg-8355401/	2026-07-18	Terra.do	Analyst/Associate ESG	Generate Capital	skipped_dup
https://erm.wd3.myworkdayjobs.com/ERM_EarlyCareers/job/Bangkok-Thailand/Consulting-Senior-Associate--Climate-_R00026725-2	2026-07-18	ERM careers	Consulting Senior Associate (Climate) Bangkok	ERM	skipped_dup
https://erm.wd3.myworkdayjobs.com/ERM_Careers/job/Bangkok-Thailand/Consulting-Associate-Senior-Associate---Corporate-Sustainability-and-Climate-Change_R00018755	2026-07-18	ERM careers	Consulting Associate/Senior Associate Corporate Sustainability Bangkok	ERM	skipped_dup
https://jobs.fao.org/careersection/fao_external/jobdetail.ftl?job=2601308	2026-07-18	FAO careers	National Project Specialist Community Development Climate Smart Agriculture	FAO	skipped_dup
https://careers.southpole.com/jobs/2977168-junior-associate-consultant-corporate-climate-targets	2026-07-18	South Pole careers	Junior Associate Consultant Corporate Climate Targets	South Pole	skipped_dup
https://www.wri.org/careers/jobs/energy-research-analyst-2026-jr100186	2026-07-18	WRI careers	Energy Research Analyst	WRI	skipped_dup
https://www.wri.org/careers/jobs/climate-associate-2026-jr100253	2026-07-18	WRI careers	Climate Associate	WRI	skipped_dup
https://www.wri.org/careers/jobs/strategic-research-and-communications-consultant-2026-jr100176	2026-07-18	WRI careers	Strategic Research and Communications Consultant	WRI	skipped_dup
https://jobs.ilo.org/job/Tokyo-Programme-Officer-NOA/13595-en_GB/	2026-07-18	ILO careers	Programme Officer NOA Tokyo	ILO	skipped_dup
https://www.sei.org/people/jobs/research-fellow-bankable-climate-adaptation/	2026-07-19	Multi-portal scheduled scan	Research Fellow – Bankable Climate Adaptation Solutions and Finance Mechanisms	SEI Bangkok	added
https://reliefweb.int/job/3922173/disaster-risk-reduction-and-climate-change-analyst-partnerships-infrastructure	2026-07-19	Multi-portal scheduled scan	DRR and Climate Change Analyst – Partnerships for Infrastructure (Thailand)	P4I	added
https://www.climatechangecareers.com/job/kpmg-thailand/bangkok-thailand/esg-sustainability-services-consultant-manager/	2026-07-19	Multi-portal scheduled scan	ESG (Sustainability Services) Consultant (Manager)	KPMG Thailand	added
https://aseanenergy.org/opportunities/vacancy/research-analyst-on-sustainable-and-renewable-energy-sre	2026-07-19	Multi-portal scheduled scan	Research Analyst – Sustainable and Renewable Energy	ASEAN Centre for Energy	added
https://careers.southpole.com/jobs/7015526-managing-consultant-climate-risk-disclosure	2026-07-19	Multi-portal scheduled scan	Managing Consultant – Climate Risk & Disclosure (Asia Pacific)	South Pole APAC	added
https://www.climatechangecareers.com/job/nasdaq/taguig-philippines/senior-sustainability-and-climate-advisory-analyst/	2026-07-19	Multi-portal scheduled scan	Senior Sustainability and Climate Advisory Analyst	Nasdaq Philippines	added
https://www.mycareersfuture.gov.sg/job/sustainability-esg-consultant-sgs-international-certification-services-singapore-5d354dc72aa8d2b95397167a19dac97b	2026-07-19	Multi-portal scheduled scan	Sustainability & ESG Consultant	SGS International Singapore	added
https://www.mycareersfuture.gov.sg/job/managing-consultant-corporate-sustainability-climate-change-environmental-resources-management-dddcadbbce041fe24af116ad6bd9fa34	2026-07-19	Multi-portal scheduled scan	Managing Consultant – Corporate Sustainability and Climate Change	ERM Singapore	added
https://www.mycareersfuture.gov.sg/job/consulting/esg-intelligence-analyst-associate-eco-business-d5d27109f17a48bdfc7b8ce689360332	2026-07-19	Multi-portal scheduled scan	ESG Intelligence Analyst / Associate	Eco-Business Singapore	added
https://www.mycareersfuture.gov.sg/job/environment/senior-researcher-esg-carbon-capture-sustainable-finance-tangspac-consulting-d9186a6bd21bb9d7c5d31427271362a1	2026-07-19	Multi-portal scheduled scan	Senior Researcher – ESG / Carbon Capture / Sustainable Finance	TangsPac Consulting Singapore	added
https://www.mycareersfuture.gov.sg/job/sustainability-consultant-unravel-carbon-aadcf600f46baee6c897be62db3215d6	2026-07-19	Multi-portal scheduled scan	Sustainability Consultant	Unravel Carbon Singapore	added
https://www.mycareersfuture.gov.sg/job/consulting/sustainability-analyst-csrworks-international-8753e825f8511d73ddd1d467138394be	2026-07-19	Multi-portal scheduled scan	Sustainability Analyst	CSRWorks International Singapore	added
https://www.climatechangecareers.com/job/erm/seoul-south-korea/consulting-senior-associate-corporate-sustainability-climate-change/	2026-07-19	Multi-portal scheduled scan	Consulting Senior Associate – Corporate Sustainability & Climate Change	ERM Seoul	added
https://www.climatechangecareers.com/job/erm/shanghai-china/consulting-associate-senior-associate-corporate-sustainability-climate-change/	2026-07-19	Multi-portal scheduled scan	Consulting Associate / Senior Associate – Corporate Sustainability & Climate Change	ERM Shanghai	added
https://careers.unido.org/job/Vienna-Project-Assistant/1358575255/	2026-07-19	Multi-portal scheduled scan	Project Assistant	UNIDO	added
https://untalent.org/jobs/carbon-markets-and-climate-finance-analyst	2026-07-19	Multi-portal scheduled scan	Carbon Markets and Climate Finance Analyst	UNDP	added
https://untalent.org/jobs/individual-consultant-climate-change-consultant	2026-07-19	Multi-portal scheduled scan	Individual Consultant – Climate Change Consultant	UNDP	added
https://jobs.undp.org/cj_view_job.cfm?cur_job_id=56681	2026-07-19	Multi-portal scheduled scan	Assistant Programme Officer	UNDP	added
https://jobs.undp.org/cj_view_job.cfm?cur_job_id=55904	2026-07-19	Multi-portal scheduled scan	Programme Specialist – Global Environment Facility	UNDP	added
https://www.unjobnet.org/jobs/detail/oecd-junior-energy-analyst-electricity-systems-and-markets-temporary-87143115	2026-07-19	Multi-portal scheduled scan	Junior Energy Analyst – Electricity Systems and Markets	OECD	added
https://www.unjobnet.org/jobs/detail/undp-sustainable-and-blended-finance-analyst-85026921	2026-07-19	Multi-portal scheduled scan	Sustainable and Blended Finance Analyst	UNDP	added
https://www.unjobnet.org/jobs/detail/85743841	2026-07-19	Multi-portal scheduled scan	Junior Power Sector Modeller	OECD	added
https://careers.gggi.org/vacancy/climate-change-risk-and-sustainable-finance-regulation-ic-urf-600295.html	2026-07-19	Multi-portal scheduled scan	Climate Change Risk and Sustainable Finance Regulation IC	GGGI	added
https://careers.gggi.org/vacancy/monitoring-evaluation-and-learning-mel-consultant-597027.html	2026-07-19	Multi-portal scheduled scan	MEL Consultant	GGGI	added
https://careers.gggi.org/vacancy/project-associate-ikialcbt-587694.html	2026-07-19	Multi-portal scheduled scan	Project Associate (IKI-ALCBT)	GGGI	added
https://careers.gggi.org/vacancy/project-officer-602467.html	2026-07-19	Multi-portal scheduled scan	Project Officer	GGGI	added
https://jobs.fao.org/careersection/fao_external/jobdetail.ftl?lang=en&job=2600368	2026-07-19	Multi-portal scheduled scan	Project Analyst and Reporting Specialist	FAO	added
https://jobs.greenclimate.fund/job/Incheon,-South-Korea-(ICN)-Climate-Impact-Project-Specialist-(Talent-Pool)/1185277101/	2026-07-19	Multi-portal scheduled scan	Climate Impact Project Specialist (Talent Pool)	GCF	added
https://jobs.unops.org/pages/viewvacancy/vadetails.aspx?id=30711	2026-07-19	Multi-portal scheduled scan	Programme Management Support – Senior Analyst	UNOPS	added
https://jobs.unops.org/pages/viewvacancy/VADetails.aspx?id=29791	2026-07-19	Multi-portal scheduled scan	Programme Management – Analyst (Innovation)	UNOPS	added
https://jobs.unops.org/pages/viewvacancy/VADetails.aspx?id=26314	2026-07-19	Multi-portal scheduled scan	Programme Analyst	UNOPS	added
https://jobs.unops.org/pages/viewvacancy/VADetails.aspx?id=21428	2026-07-19	Multi-portal scheduled scan	Senior Programme Officer (Analyst) – Climate Action Team	UNOPS	added
https://www.climatechangecareers.com/job/sei/remote/climate-and-decarbonization-strategy-associate/	2026-07-19	Multi-portal scheduled scan	Climate and Decarbonization Strategy Associate	SEI Remote	added
https://www.climatechangecareers.com/job/sei/remote/strategic-energy-management-associate/	2026-07-19	Multi-portal scheduled scan	Strategic Energy Management Associate	SEI Remote	added
https://www.climatechangecareers.com/job/kaleidoscope/remote/sustainability-strategy-analyst/	2026-07-19	Multi-portal scheduled scan	Sustainability Strategy Analyst	Kaleidoscope Remote	added
https://www.climatechangecareers.com/job/sei/remote/project-and-sustainability-associate/	2026-07-19	Multi-portal scheduled scan	Project and Sustainability Associate	SEI Remote	added
https://www.climatechangecareers.com/job/decoding-impact/bengaluru-india/associate-consultant-climate/	2026-07-19	Multi-portal scheduled scan	Associate Consultant – Climate	Decoding Impact India	added
https://www.devex.com/jobs/individual-consultant-fund-environmental-social-governance-esg-and-sustainability-1416704	2026-07-19	Multi-portal scheduled scan	Individual Consultant – Fund ESG and Sustainability	IO	added
https://reliefweb.int/job/4016135/climate-change-specialist-asia	2026-07-19	Multi-portal scheduled scan	Climate Change Specialist – Asia	NGO Asia	added
https://reliefweb.int/job/3984413/consultant-climate-action	2026-07-19	Multi-portal scheduled scan	Consultant – Climate Action	NGO	added
https://reliefweb.int/job/3991546/services-consultant-study-gendered-dimensions-loss-and-damage-climate-change-asia	2026-07-19	Multi-portal scheduled scan	Services of Consultant – Loss and Damage from Climate Change in Asia	UN/IO	added
https://careers.southpole.com/jobs/5561935-managing-consultant-climate-risk-and-opportunities-physical-risk	2026-07-19	Multi-portal scheduled scan	Managing Consultant – Climate Risk and Opportunities (Physical Risk)	South Pole	added
https://careers.southpole.com/jobs/7162036-lead-operations-finance-analyst-climate-advisory	2026-07-19	Multi-portal scheduled scan	Lead Operations & Finance Analyst – Climate Advisory	South Pole	added
https://careers.southpole.com/jobs/7960448-managing-consultant-renewable-energy-solutions	2026-07-19	Multi-portal scheduled scan	Managing Consultant – Renewable Energy Solutions	South Pole	added
https://www.wri.org/careers/jobs/urban-finance-and-economy-research-analyst-2026-jr100174	2026-07-19	Multi-portal scheduled scan	Urban Finance and Economy Research Analyst	WRI Bali	added
https://jobs.ilo.org/job/Geneva-Programme-and-Operations-Analyst-1200/1004489601/	2026-07-19	Multi-portal scheduled scan	Programme and Operations Analyst	ILO Geneva	added
https://www.mycareersfuture.gov.sg/job/sustainability-climate-change-associate-pricewaterhousecoopers-risk-services-0fa698c91d8cc4a2a294a936823f1b03	2026-07-19	Multi-portal scheduled scan	Sustainability and Climate Change – Associate	PwC Singapore	skipped_dup
https://jobs.greenclimate.fund/job/Incheon,-South-Korea-(ICN)-Climate-Investment-Specialist/1199984501/	2026-07-19	Multi-portal scheduled scan	Climate Investment Specialist	GCF	skipped_dup
https://untalent.org/jobs/climate-policy-and-energy-transition-advisor	2026-07-19	Multi-portal scheduled scan	Climate Policy and Energy Transition Advisor	UNEP	skipped_dup
https://untalent.org/jobs/sustainability-consultant	2026-07-19	Multi-portal scheduled scan	Sustainability Consultant	WRI	skipped_dup
https://untalent.org/jobs/climate-change-analyst-5	2026-07-19	Multi-portal scheduled scan	Climate Change Analyst	UNOPS	skipped_dup
https://untalent.org/jobs/climate-finance-specialist-8	2026-07-19	Multi-portal scheduled scan	Climate Finance Specialist	World Bank	skipped_dup
https://www.wri.org/careers/jobs/energy-research-analyst-2026-jr100186	2026-07-19	Multi-portal scheduled scan	Energy Research Analyst	WRI Jakarta	skipped_dup
https://www.wri.org/careers/jobs/climate-associate-2026-jr100253	2026-07-19	Multi-portal scheduled scan	Climate Associate	WRI	skipped_dup
https://careers.gggi.org/vacancy/sustainable-finance-senior-associate-578689.html	2026-07-19	Multi-portal scheduled scan	Sustainable Finance Senior Associate	GGGI	skipped_dup
https://careers.gggi.org/vacancy/climate-finance-senior-associate-611714.html	2026-07-19	Multi-portal scheduled scan	Climate Finance Senior Associate	GGGI	skipped_dup
https://www.unjobnet.org/jobs/detail/undp-programme-analyst-climate-change-water-energy-environment-open-to-internal-87437128	2026-07-19	Multi-portal scheduled scan	Programme Analyst Climate Change Water Energy Environment	UNDP	skipped_dup
https://www.unjobnet.org/jobs/detail/cern-sustainability-reporting-communications-project-officer-osiics2026125grap-87133231	2026-07-19	Multi-portal scheduled scan	Sustainability Reporting & Communications Project Officer	CERN	skipped_dup
https://climatebase.org/job/74060375/consulting-senior-associate--low-carbon-solutions--electricity-networks--energy-systems	2026-07-19	Multi-portal scheduled scan	Consulting Senior Associate – Low Carbon Solutions	ERM	skipped_dup
https://careers.southpole.com/jobs/2977168-junior-associate-consultant-corporate-climate-targets	2026-07-19	Multi-portal scheduled scan	Junior Associate Consultant – Corporate Climate Targets	South Pole	skipped_dup
https://careers.southpole.com/jobs/2662973-associate-consultant-environmental-impact-accounting	2026-07-19	Multi-portal scheduled scan	Associate Consultant – Environmental Impact Accounting	South Pole	skipped_dup
https://jobs.fao.org/careersection/fao_external/jobdetail.ftl?job=2601355	2026-07-20	Multi-portal scheduled scan	Senior Natural Resources Officer (Climate Change)	FAO	added
https://jobs.fao.org/careersection/fao_external/jobdetail.ftl?job=2502168	2026-07-20	Multi-portal scheduled scan	Environment and Climate Change Assistant	FAO	added
https://community.iisd.org/jobs/senior-researcher-or-senior-associate-climate-law-and-finance-columbia-center-on-sustainable-investment/	2026-07-20	Multi-portal scheduled scan	Senior Researcher or Senior Associate, Climate Law and Finance	Columbia Center on Sustainable Investment	added
https://www.adb.org/careers/260240	2026-07-20	Multi-portal scheduled scan	Senior Natural Resources and Agriculture Specialist	ADB	added
https://www.adb.org/careers/260715	2026-07-20	Multi-portal scheduled scan	Senior Project Officer (Energy)	ADB	added
https://www.adb.org/careers/230336	2026-07-20	Multi-portal scheduled scan	(Senior) Energy Specialist (ETM Partnership Trust Fund)	ADB	added
https://untalent.org/jobs/programme-finance-and-reporting-analyst	2026-07-20	Multi-portal scheduled scan	Programme Finance and Reporting Analyst	UNEP	added
https://community.iisd.org/jobs/climate-policy-consultant-d-f-m/	2026-07-20	Multi-portal scheduled scan	Climate Policy Consultant	Climate Desk Berlin	added
https://climatebase.org/job/57553180/consulting-associate-gis-entry-level	2026-07-20	Multi-portal scheduled scan	Consulting Associate, GIS (Entry Level)	ERM	added
https://pwc.wd3.myworkdayjobs.com/en-US/Global_Experienced_Careers/job/IN-Associate-ESG-sustainability-Climate---Energy-Advisory-kolkata_574755WD-1	2026-07-20	Multi-portal scheduled scan	Associate - ESG Sustainability Climate and Energy Advisory	PwC India	added
https://careers.unido.org/	2026-07-20	Multi-portal scheduled scan	(portal scan)	UNIDO	skipped_dup
https://jobs.undp.org/cj_view_jobs.cfm	2026-07-20	Multi-portal scheduled scan	(portal scan)	UNDP	skipped_dup
https://careers.gggi.org/vacancy/project-associate-ikialcbt-587694.html	2026-07-20	Multi-portal scheduled scan	Project Associate (IKI-ALCBT)	GGGI	skipped_dup
https://careers.gggi.org/vacancy/carbon-pricing-senior-associate-578693.html	2026-07-20	Multi-portal scheduled scan	Carbon Pricing Senior Associate	GGGI	skipped_dup
https://careers.gggi.org/vacancy/carbon-pricing-senior-officer-578695.html	2026-07-20	Multi-portal scheduled scan	Carbon Pricing Senior Officer	GGGI	skipped_dup
https://careers.gggi.org/vacancy/monitoring-evaluation-and-learning-mel-consultant-597027.html	2026-07-20	Multi-portal scheduled scan	MEL Consultant	GGGI	skipped_dup
https://careers.gggi.org/vacancy/climate-finance-senior-associate-611714.html	2026-07-20	Multi-portal scheduled scan	Climate Finance Senior Associate	GGGI	skipped_dup
https://careers.gggi.org/vacancy/thailand-consultant-for-green-finance-network-gfn-setup-100014324-599010.html	2026-07-20	Multi-portal scheduled scan	Thailand: Consultant for Green Finance Network Setup	GGGI Thailand	skipped_dup
https://climatebase.org/job/66389066/analystassociate-consultant	2026-07-20	Multi-portal scheduled scan	Analyst/Associate Consultant	E3 Economics	skipped_dup
https://www.climatebase.org/job/59805753/consulting-senior-associate-climate	2026-07-20	Multi-portal scheduled scan	Consulting Senior Associate (Climate)	ERM Bangkok	skipped_dup
https://climatebase.org/job/72381758/energy-analyst	2026-07-20	Multi-portal scheduled scan	Energy Analyst	Trio	skipped_dup
https://careers.southpole.com/jobs/950499-consultant-climate-strategies	2026-07-20	Multi-portal scheduled scan	Consultant – Climate Strategies	South Pole	skipped_dup
https://careers.southpole.com/jobs/5611231-junior-associate-environmentalist	2026-07-20	Multi-portal scheduled scan	Junior Associate, Environmentalist	South Pole	skipped_dup
https://careers.southpole.com/jobs/1526673-senior-climate-impact-specialist-digital-climate-solutions	2026-07-20	Multi-portal scheduled scan	Senior Climate Impact Specialist – Digital Climate Solutions	South Pole	skipped_dup
https://www.wri.org/careers/jobs/senior-project-associate-communication-2026-jr100300	2026-07-20	Multi-portal scheduled scan	Senior Project Associate - Communication	WRI	skipped_dup
https://www.wri.org/careers/jobs/communications-and-outreach-associate-2026-jr100161	2026-07-20	Multi-portal scheduled scan	Communications and Outreach Associate	WRI	skipped_dup
https://www.mycareersfuture.gov.sg/job/esg-sustainability-consultant-iso-consultants-f044bd689775b35144232e319a43e843	2026-07-20	Multi-portal scheduled scan	ESG & Sustainability Consultant	ISO Consultants Singapore	skipped_dup
https://www.mycareersfuture.gov.sg/job/consulting/esg-intelligence-analyst-associate-eco-business-d5d27109f17a48bdfc7b8ce689360332	2026-07-20	Multi-portal scheduled scan	ESG Intelligence Analyst / Associate	Eco-Business Singapore	skipped_dup
https://www.mycareersfuture.gov.sg/job/environment/senior-researcher-esg-carbon-capture-sustainable-finance-tangspac-consulting-d9186a6bd21bb9d7c5d31427271362a1	2026-07-20	Multi-portal scheduled scan	Senior Researcher – ESG / Carbon Capture / Sustainable Finance	TangsPac Consulting	skipped_dup
https://www.mycareersfuture.gov.sg/job/sustainability-consultant-unravel-carbon-aadcf600f46baee6c897be62db3215d6	2026-07-20	Multi-portal scheduled scan	Sustainability Consultant	Unravel Carbon	skipped_dup
https://www.mycareersfuture.gov.sg/job/consulting/sustainability-analyst-csrworks-international-8753e825f8511d73ddd1d467138394be	2026-07-20	Multi-portal scheduled scan	Sustainability Analyst	CSRWorks International	skipped_dup
https://www.devex.com/jobs/junior-climate-change-consultant-low-emissions-asian-development-lead-program-bangkok-thailand-332565	2026-07-20	Multi-portal scheduled scan	Junior Climate Change Consultant - LEAD Program Bangkok	USAID LEAD	skipped_dup
https://www.devex.com/jobs/environmental-social-and-governance-esg-specialist-usaid-thailand-pagi-1260041	2026-07-20	Multi-portal scheduled scan	ESG Specialist – USAID/Thailand PAGI	USAID Thailand	skipped_dup
https://www.devex.com/jobs/senior-knowledge-analyst-social-impact-1262900	2026-07-20	Multi-portal scheduled scan	Senior Knowledge Analyst, Social Impact	BCG	skipped_dup
https://www.devex.com/jobs/esg-reporting-and-disclosures-analyst-associate-environmental-and-social-governance-1245124	2026-07-20	Multi-portal scheduled scan	ESG Reporting and Disclosures Analyst/Associate	Unknown	skipped_dup
https://www.devex.com/jobs/individual-consultant-fund-environmental-social-governance-esg-and-sustainability-1416704	2026-07-20	Multi-portal scheduled scan	Individual Consultant: Fund ESG and Sustainability	IO	skipped_dup
https://reliefweb.int/job/3922173/disaster-risk-reduction-and-climate-change-analyst-partnerships-infrastructure	2026-07-20	Multi-portal scheduled scan	DRR and Climate Change Analyst – P4I Thailand	P4I	skipped_dup
https://reliefweb.int/job/4016135/climate-change-specialist-asia	2026-07-20	Multi-portal scheduled scan	Climate Change Specialist – Asia	IRC	skipped_dup
https://reliefweb.int/job/3984413/consultant-climate-action	2026-07-20	Multi-portal scheduled scan	Consultant – Climate Action	IO	skipped_dup
https://reliefweb.int/job/3991546/services-consultant-study-gendered-dimensions-loss-and-damage-climate-change-asia	2026-07-20	Multi-portal scheduled scan	Consultant – Loss and Damage Climate Change Asia	UN/IO	skipped_dup
https://untalent.org/jobs/carbon-markets-and-climate-finance-analyst	2026-07-20	Multi-portal scheduled scan	Carbon Markets and Climate Finance Analyst	UNDP	skipped_dup
https://untalent.org/jobs/individual-consultant-climate-change-consultant	2026-07-20	Multi-portal scheduled scan	Individual Consultant – Climate Change Consultant	UNDP	skipped_dup
https://untalent.org/jobs/climate-and-energy-senior-research-analyst	2026-07-20	Multi-portal scheduled scan	Climate and Energy Senior Research Analyst	WRI	skipped_dup
https://untalent.org/jobs/climate-change-analyst-programming-and-innovation	2026-07-20	Multi-portal scheduled scan	Climate Change Analyst (Programming and Innovation)	World Bank	skipped_dup
https://untalent.org/jobs/climate-change-specialist-31	2026-07-20	Multi-portal scheduled scan	Climate Change Specialist	World Bank	skipped_dup
https://www.unjobnet.org/jobs/detail/undp-sustainable-and-blended-finance-analyst-85026921	2026-07-20	Multi-portal scheduled scan	Sustainable and Blended Finance Analyst	UNDP	skipped_dup
https://www.unjobnet.org/jobs/detail/oecd-junior-energy-analyst-electricity-systems-and-markets-temporary-87143115	2026-07-20	Multi-portal scheduled scan	Junior Energy Analyst – Electricity Systems and Markets	OECD	skipped_dup
https://www.unjobnet.org/jobs/detail/42416076	2026-07-20	Multi-portal scheduled scan	Consultant – Energy Program Research Analyst	WRI	skipped_dup
https://www.unjobnet.org/jobs/detail/gggi-senior-carbon-and-renewable-energy-expert-consultant-86744148	2026-07-20	Multi-portal scheduled scan	Senior Carbon and Renewable Energy Expert Consultant	GGGI	skipped_dup
https://www.unjobnet.org/jobs/detail/undp-energy-policy-analyst-open-to-internal-and-external-applicants-85828874	2026-07-20	Multi-portal scheduled scan	Energy Policy Analyst	UNDP	skipped_dup
https://www.unjobnet.org/jobs/detail/84622940	2026-07-20	Multi-portal scheduled scan	Programme Analyst – Nature, Climate, Energy and Disaster Risk Reduction	UNDP	skipped_dup
https://community.iisd.org/jobs/renewable-energy-analyst/	2026-07-20	Multi-portal scheduled scan	Renewable Energy Analyst	IEA	skipped_dup
https://community.iisd.org/jobs/researcher-or-senior-researcher-associate-research-scholar/	2026-07-20	Multi-portal scheduled scan	Researcher or Senior Researcher (Associate Research Scholar)	Columbia Center	skipped_dup
https://community.iisd.org/jobs/research-analyst-climate-change-impacts-and-policy-climate-analytics/	2026-07-20	Multi-portal scheduled scan	Research Analyst, Climate Change Impacts and Policy	Climate Analytics	skipped_dup
https://community.iisd.org/jobs/analyst-climate-finance-vcib/	2026-07-20	Multi-portal scheduled scan	Analyst, Climate Finance	VCIB	skipped_dup
https://community.iisd.org/jobs/low-carbon-consultant-graduate/	2026-07-20	Multi-portal scheduled scan	Low Carbon Consultant – Graduate	Scene	skipped_dup
https://community.iisd.org/jobs/analyst-climate-negotiations-climate-finance/	2026-07-20	Multi-portal scheduled scan	Analyst, Climate Negotiations and Climate Finance	IISD	skipped_dup
https://community.iisd.org/jobs/senior-consultant-renewable-energy-policy-finance-analyst-south-pole-group/	2026-07-20	Multi-portal scheduled scan	Senior Consultant – Renewable Energy Policy / Finance Analyst	South Pole	skipped_dup
https://jobs.greenclimate.fund/job/Incheon,-South-Korea-(ICN)-Evaluation-Data-Associate/902608301/	2026-07-20	Multi-portal scheduled scan	Evaluation Data Associate	GCF	skipped_dup
https://jobs.greenclimate.fund/job/NA-Compliance-Consultant/924586701/	2026-07-20	Multi-portal scheduled scan	Compliance Consultant	GCF	skipped_dup
https://jobs.greenclimate.fund/job/Incheon,-South-Korea-(ICN)-Readiness-and-Preparatory-Support-Programme-Assistant-Consultant/846865701/	2026-07-20	Multi-portal scheduled scan	Readiness and Preparatory Support Programme Assistant Consultant	GCF	skipped_dup
https://jobs.greenclimate.fund/job/Incheon,-South-Korea-(ICN)-Climate-Investment-Specialist/1199984501/	2026-07-20	Multi-portal scheduled scan	Climate Investment Specialist	GCF	skipped_dup
https://jobs.greenclimate.fund/job/Incheon,-South-Korea-(ICN)-Climate-Impact-Project-Specialist-(Talent-Pool)/1185277101/	2026-07-20	Multi-portal scheduled scan	Climate Impact Project Specialist (Talent Pool)	GCF	skipped_dup
https://www.adb.org/careers/260455	2026-07-20	Multi-portal scheduled scan	Senior Low-Carbon Solutions Specialist	ADB	skipped_dup
https://www.adb.org/careers/260464	2026-07-20	Multi-portal scheduled scan	Project Analyst	ADB	skipped_dup
https://www.adb.org/careers/240050	2026-07-20	Multi-portal scheduled scan	Senior Climate and Disaster Risk Specialist	ADB	skipped_dup
https://www.adb.org/careers/250958	2026-07-20	Multi-portal scheduled scan	Adaptation Solutions Specialist	ADB	skipped_dup
https://www.adb.org/careers/260158	2026-07-20	Multi-portal scheduled scan	Adaptation Solutions Specialist (Human and Social Development)	ADB	skipped_dup
https://www.adb.org/careers/240239	2026-07-20	Multi-portal scheduled scan	Senior Climate Change Officer	ADB	skipped_dup
https://www.adb.org/careers/240182	2026-07-20	Multi-portal scheduled scan	Climate Change Specialist	ADB	skipped_dup
https://www.adb.org/careers/240250	2026-07-20	Multi-portal scheduled scan	Senior Climate Change Specialist	ADB	skipped_dup
https://www.sei.org/people/jobs/research-fellow-bankable-climate-adaptation/	2026-07-20	Multi-portal scheduled scan	Research Fellow – Bankable Climate Adaptation Solutions	SEI Bangkok	skipped_dup
https://www.sei.org/people/jobs/york-research-associate/	2026-07-20	Multi-portal scheduled scan	Research Associate (York)	SEI	skipped_dup
https://www.sei.org/people/jobs/research-associate-climate-land-sustainable-transitions/	2026-07-20	Multi-portal scheduled scan	Research Associate – Climate, Land and Sustainable Transitions	SEI	skipped_dup
https://careers.unido.org/job/Vienna-Partnerships-Coordinator/1359254155/	2026-07-21	Multi-portal scheduled scan	Partnerships Coordinator (ISA-P3)	UNIDO	skipped_dup
https://careers.gggi.org/vacancy/climate-change-officer-599913.html	2026-07-21	Multi-portal scheduled scan	Climate Change Officer	GGGI	skipped_dup
https://www.sei.org/people/jobs/research-fellow-climate-finance-gesi-capdev/	2026-07-21	Multi-portal scheduled scan	Research Fellow – Climate Finance, GESI & Capacity Development	SEI	skipped_dup
https://www.climatechangecareers.com/job/temasek/singapore-singapore/associate-senior-associate-12-months-contract-sustainable-solutions/	2026-07-21	Multi-portal scheduled scan	Associate/Senior Associate – Sustainable Solutions	Temasek	skipped_dup
https://www.climatechangecareers.com/job/ey/singapore-singapore/associate-senior-associate-climate-change-and-sustainability-services-assurance/	2026-07-21	Multi-portal scheduled scan	Associate/Senior Associate – Climate Change & Sustainability Services	EY Singapore	skipped_dup
https://careers.southpole.com/jobs/7015526-managing-consultant-climate-risk-disclosure	2026-07-21	Multi-portal scheduled scan	Managing Consultant – Climate Risk & Disclosure	South Pole	skipped_dup
https://careers.southpole.com/jobs/7960448-managing-consultant-renewable-energy-solutions-1-year-contract	2026-07-21	Multi-portal scheduled scan	Managing Consultant – Renewable Energy Solutions (1-year contract)	South Pole	skipped_dup
https://untalent.org/jobs/climate-and-energy-senior-research-analyst	2026-07-21	Multi-portal scheduled scan	Climate and Energy Senior Research Analyst	WRI	skipped_dup
https://untalent.org/jobs/climate-change-analyst-programming-and-innovation	2026-07-21	Multi-portal scheduled scan	Climate Change Analyst (Programming and Innovation)	World Bank	skipped_dup
https://untalent.org/jobs/climate-change-data-analyst-consultant	2026-07-21	Multi-portal scheduled scan	Climate Change Data Analyst (Consultant)	FAO	added
https://untalent.org/jobs/climate-finance-analyst	2026-07-21	Multi-portal scheduled scan	Climate Finance Analyst	WRI	skipped_dup
https://untalent.org/jobs/climate-policy-and-energy-transition-advisor	2026-07-21	Multi-portal scheduled scan	Climate Policy and Energy Transition Advisor	UNEP	skipped_dup
https://www.mycareersfuture.gov.sg/job/sustainability-esg-consultant-sgs-international-certification-services-singapore-5d354dc72aa8d2b95397167a19dac97b	2026-07-21	Multi-portal scheduled scan	Sustainability & ESG Consultant	SGS International	skipped_dup
https://www.mycareersfuture.gov.sg/job/consulting/esg-intelligence-analyst-associate-eco-business-d5d27109f17a48bdfc7b8ce689360332	2026-07-21	Multi-portal scheduled scan	ESG Intelligence Analyst / Associate	Eco-Business	skipped_dup
https://www.unjobnet.org/jobs/detail/undp-programme-analyst-climate-change-water-energy-environment-open-to-internal-87437128	2026-07-21	Multi-portal scheduled scan	Programme Analyst – Climate Change, Water, Energy & Environment	UNDP	skipped_dup
https://community.iisd.org/jobs/program-associate-across-various-ccsi-focus-areas/	2026-07-21	Multi-portal scheduled scan	Program Associate (across various CCSI focus areas)	Columbia CCSI	added
https://careers.un.org/jobSearchDescription/278935?language=en	2026-07-21	Multi-portal scheduled scan	(prev skipped_title - Consultant/Outreach)	UN	skipped_dup
https://www.devex.com/jobs/environmental-social-and-governance-esg-specialist-usaid-thailand-pagi-1260041	2026-07-21	Multi-portal scheduled scan	ESG Specialist – USAID/Thailand PAGI	USAID Thailand	skipped_dup
https://www.devex.com/jobs/esg-reporting-and-disclosures-analyst-associate-environmental-and-social-governance-1245124	2026-07-21	Multi-portal scheduled scan	ESG Reporting and Disclosures Analyst/Associate	Unknown	skipped_dup
https://reliefweb.int/job/3922173/disaster-risk-reduction-and-climate-change-analyst-partnerships-infrastructure	2026-07-21	Multi-portal scheduled scan	DRR and Climate Change Analyst – P4I Thailand	P4I	skipped_dup
https://reliefweb.int/job/3998840/climate-resilience-training-and-capacity-development-officer	2026-07-21	Multi-portal scheduled scan	Climate Resilience Training and Capacity Development Officer	ADPC	skipped_dup
https://www.impactpool.org/jobs/1177972	2026-07-21	Multi-portal scheduled scan	Individual Consultant: ESG Specialist	GGGI	skipped_dup
https://www.impactpool.org/jobs/1203696	2026-07-21	Multi-portal scheduled scan	Operations Officer – Sustainable Infrastructure Advisory	World Bank	skipped_dup
https://careers.un.org/jobSearchDescription/277103?language=en	2026-07-21	Multi-portal scheduled scan	Associate Programme Officer OED/SPPG (Temporary) P2	UN	skipped_dup
https://careers.un.org/jobSearchDescription/239662	2026-07-21	Multi-portal scheduled scan	Environment Officer (LTAG Monitoring and Reporting)	UNEP	skipped_dup
https://careers.un.org/jobSearchDescription/254689?language=en	2026-07-21	Multi-portal scheduled scan	Climate Change Analyst	UN	skipped_dup
https://careers.un.org/jobSearchDescription/261340?language=en	2026-07-21	Multi-portal scheduled scan	Climate Policy and Energy Transition Advisor	UNEP	skipped_dup
https://careers.gggi.org/vacancy/climate-finance-senior-associate-611714.html	2026-07-21	Multi-portal scheduled scan	Climate Finance Senior Associate	GGGI	skipped_dup
https://careers.gggi.org/vacancy/forestry-consultant-614368.html	2026-07-21	Multi-portal scheduled scan	Forestry Consultant	GGGI	skipped_dup
https://untalent.org/jobs/sustainability-consultant	2026-07-21	Multi-portal scheduled scan	Sustainability Consultant	WRI	skipped_dup
https://untalent.org/jobs/climate-finance-specialist-8	2026-07-21	Multi-portal scheduled scan	Climate Finance Specialist	World Bank	skipped_dup
https://untalent.org/jobs/climate-change-analyst-5	2026-07-21	Multi-portal scheduled scan	Climate Change Analyst	UNOPS	skipped_dup
https://www.unjobnet.org/jobs/detail/cern-sustainability-reporting-communications-project-officer-osiics2026125grap-87133231	2026-07-21	Multi-portal scheduled scan	Sustainability Reporting & Communications Project Officer	CERN	skipped_dup
https://jobs.greenclimate.fund/job/Incheon,-South-Korea-(ICN)-Climate-Investment-Specialist/1199984501/	2026-07-21	Multi-portal scheduled scan	Climate Investment Specialist	GCF	skipped_dup
https://jobs.greenclimate.fund/job/Incheon,-South-Korea-(ICN)-Climate-Infrastructure-Specialist-(Talent-Pool)/1182720801/	2026-07-21	Multi-portal scheduled scan	Climate Infrastructure Specialist – Asia and the Pacific	GCF	skipped_dup
https://www.wri.org/careers/jobs/energy-research-analyst-2026-jr100186	2026-07-21	Multi-portal scheduled scan	Energy Research Analyst	WRI Indonesia	skipped_dup
https://www.wri.org/careers/jobs/climate-associate-2026-jr100253	2026-07-21	Multi-portal scheduled scan	Climate Associate	WRI	skipped_dup
https://www.sei.org/people/jobs/research-associate-climate-land-sustainable-transitions/	2026-07-21	Multi-portal scheduled scan	Research Associate – Climate, Land and Sustainable Transitions	SEI	skipped_dup
https://www.sei.org/people/jobs/research-associate-renewable-energy-latin-america/	2026-07-21	Multi-portal scheduled scan	Research Associate – Renewable Energy	SEI Latin America	skipped_dup
https://www.sei.org/people/jobs/energy-environment-researcher/	2026-07-21	Multi-portal scheduled scan	Energy and Environment Researcher	SEI US	skipped_dup
https://climatebase.org/job/74060375/consulting-senior-associate--low-carbon-solutions--electricity-networks--energy-systems	2026-07-21	Multi-portal scheduled scan	Consulting Senior Associate – Low Carbon Solutions	ERM	skipped_dup
https://climatebase.org/job/66389066/analystassociate-consultant	2026-07-21	Multi-portal scheduled scan	Analyst/Associate Consultant	E3 Economics	skipped_dup
https://climatebase.org/job/71676500/data-analyst---esg	2026-07-21	Multi-portal scheduled scan	Data Analyst – ESG	ERM	skipped_dup
https://www.climatechangecareers.com/job/pwc-singapore/singapore-singapore/risk-services-sustainability-and-climate-change-advisory-senior-associate/	2026-07-21	Multi-portal scheduled scan	Risk Services – Sustainability and Climate Change Advisory (Senior Associate)	PwC Singapore	skipped_dup
https://www.climatechangecareers.com/job/deloitte/hong-kong-hong-kong/analyst-consultant-senior-consultant-esg-enterprise-risk-hong-kong-315112/	2026-07-21	Multi-portal scheduled scan	Analyst/Consultant/Senior Consultant (ESG) – Enterprise Risk	Deloitte HK	skipped_dup
https://www.climatechangecareers.com/job/erm/shanghai-china/consulting-associate-senior-associate-corporate-sustainability-climate-change/	2026-07-21	Multi-portal scheduled scan	Consulting Associate / Senior Associate – Corporate Sustainability & Climate Change	ERM Shanghai	skipped_dup
https://www.climatechangecareers.com/job/deloitte/singapore-singapore/consultant-sustainability-emerging-assurance/	2026-07-21	Multi-portal scheduled scan	Consultant – Sustainability & Emerging Assurance	Deloitte Singapore	skipped_dup
https://www.unjobnet.org/jobs/detail/gggi-senior-carbon-and-renewable-energy-expert-consultant-86744148	2026-07-21	Multi-portal scheduled scan	Senior Carbon and Renewable Energy Expert Consultant	GGGI	skipped_dup
https://jobs.fao.org/careersection/fao_external/jobdetail.ftl?job=2403266	2026-07-21	Multi-portal scheduled scan	Climate Change and Energy Specialist	FAO	skipped_dup
https://jobs.undp.org/cj_view_job.cfm?cur_job_id=110138	2026-07-22	Multi-portal scheduled scan	Programme Analyst – Climate Strategies (IPSA-8)	UNDP	added
https://jobs.undp.org/cj_view_job.cfm?cur_job_id=110145	2026-07-22	Multi-portal scheduled scan	Junior Programme Analyst – Climate and Forest	UNDP	added
https://jobs.undp.org/cj_view_job.cfm?cur_job_id=107409	2026-07-22	Multi-portal scheduled scan	Programme Analyst – Transparency (IPSA-8, Home-based)	UNDP	added
https://jobs.undp.org/cj_view_job.cfm?cur_job_id=107678	2026-07-22	Multi-portal scheduled scan	Programme Analyst (IPSA-9)	UNDP	added
https://careers.unesco.org/job/Bangkok-Consultant-Transformative-Education/1361423357/	2026-07-22	Multi-portal scheduled scan	Consultant – Transformative Education	UNESCO Bangkok	added
https://www.unjobnet.org/jobs/detail/85348705	2026-07-22	Multi-portal scheduled scan	Programme Analyst (Open to all applicants)	UNDP	added
https://www.impactpool.org/jobs/1201773	2026-07-22	Multi-portal scheduled scan	Field Project Associate, Thailand Country Programme	IUCN	added
https://www.impactpool.org/jobs/1139264	2026-07-22	Multi-portal scheduled scan	Junior Policy Analyst – Green Finance and Investment (Temporary)	OECD	added
https://careers.un.org/jobSearchDescription/266020	2026-07-22	Multi-portal scheduled scan	Environmental Junior Analyst	UN	added
https://careers.ey.com/ey/job/Bangkok-Assurance-Climate-Change-and-Sustainability_Staff-(Fresh-grads-welcome)-Bang-10330/1207201601/	2026-07-22	Multi-portal scheduled scan	Assurance – Climate Change and Sustainability Staff (Fresh grads)	EY Bangkok	added
https://www.unjobnet.org/jobs/detail/unicef-early-warning-systems-ews-consultant-gpd-ceedclimate-resilience-coe-19-mo-86165314	2026-07-22	Multi-portal scheduled scan	Early Warning Systems Consultant (Bangkok, 19 months)	UNICEF EAPRO	added
https://oecd.impactpool.org/vacancies/1199180	2026-07-22	Multi-portal scheduled scan	Renewable Energy Analyst	OECD/IEA	skipped_dup
https://www.aiib.org/en/opportunities/career/job-vacancies/graduate-program/job-details/environment-and-social-analyst.html	2026-07-22	Multi-portal scheduled scan	Environment and Social Analyst (Graduate Program)	AIIB	skipped_dup
https://www.aiib.org/en/opportunities/career/job-vacancies/graduate-program/job-details/investment-analyst-energy.html	2026-07-22	Multi-portal scheduled scan	Investment Analyst – Energy (Graduate Program)	AIIB	skipped_dup
https://www.wri.org/careers/jobs/energy-research-analyst-2026-jr100186	2026-07-22	Multi-portal scheduled scan	Energy Research Analyst	WRI Indonesia	skipped_dup
https://www.impactpool.org/jobs/1199629	2026-07-22	Multi-portal scheduled scan	CCAC National Coordinator for Thailand	UNEP	skipped_dup
https://careers.gggi.org/vacancy/project-officer-602467.html	2026-07-22	Multi-portal scheduled scan	Project Officer	GGGI	skipped_dup
https://unjobs.org/vacancies/1763405251453	2026-07-22	Multi-portal scheduled scan	Consultant for Green Finance Network (GFN)	GGGI	skipped_dup
https://www.unjobnet.org/jobs/detail/85823466	2026-07-22	Multi-portal scheduled scan	Programme Specialist (Climate Finance) Re-Advertisement	UNICEF EAPRO	skipped_dup
https://www.unjobnet.org/jobs/detail/undp-undpic2026011individual-consultant-climate-change-policy-and-documentation-86196950	2026-07-22	Multi-portal scheduled scan	Individual Consultant – Climate Change Policy and Documentation	UNDP	skipped_dup
https://www.unjobnet.org/jobs/detail/unescap-international-consultant-urban-resilience-strategy-and-action-programme-86108643	2026-07-22	Multi-portal scheduled scan	International Consultant – Urban Resilience Strategy and Action Programme	UNESCAP	skipped_dup
https://www.wri.org/careers/jobs/raising-national-climate-ambition-intern-2026-jr100204	2026-07-22	Multi-portal scheduled scan	Raising National Climate Ambition Intern	WRI	skipped_title
https://jobs.unicef.org/mob/cw/en-us/job/593852/senior-data-scientist-climate-change-and-emergency-consultant-593852	2026-07-22	Multi-portal scheduled scan	Senior Data Scientist, Climate Change and Emergency Consultant	UNICEF	skipped_title
https://careers.ey.com/ey/job/Bangkok-Assurance-Climate-Change-and-Sustainability_Senior-to-Manager-Bang-10330/1207201901/	2026-07-22	Multi-portal scheduled scan	Assurance – Climate Change and Sustainability (Senior to Manager)	EY Bangkok	skipped_dup
https://www.unjobnet.org/jobs/detail/84616849	2026-07-23	Multi-portal scheduled scan	Programme Analyst – AI, Green Skills and Youth Pathways for Gender-Responsive Climate Action	UN Women Bangkok	added
https://jobs.ebrd.com/job/London-Analyst,-Climate-Risk/1259197301/	2026-07-23	Multi-portal scheduled scan	Analyst, Climate Risk	EBRD	added
https://careers.gggi.org/vacancy/senior-carbon-project-assistant-586026.html	2026-07-23	Multi-portal scheduled scan	Senior Carbon Project Assistant	GGGI	added
https://www.mycareersfuture.gov.sg/job/consulting/sustainability-consultant-2b80f5f5635fd548c65ddda87758ce42	2026-07-23	Multi-portal scheduled scan	Sustainability Consultant	(MyCareersFuture SGP)	added
https://careers.unido.org/job/Vienna-Project-Associate/1353344655/	2026-07-23	Multi-portal scheduled scan	Project Associate	UNIDO	skipped_dup
https://careers.unido.org/job/Vienna-Monitoring-and-Evaluation-Specialist/1349795655/	2026-07-23	Multi-portal scheduled scan	Monitoring and Evaluation Specialist	UNIDO	skipped_dup
https://careers.gggi.org/vacancy/project-officer-green-growth-and-climate-change-567856.html	2026-07-23	Multi-portal scheduled scan	Project Officer – Green Growth and Climate Change	GGGI	skipped_dup
https://careers.gggi.org/vacancy/mexico-energy-and-climate-individual-consultant-598612.html	2026-07-23	Multi-portal scheduled scan	Mexico Energy and Climate Individual Consultant	GGGI	skipped_dup
https://careers.gggi.org/vacancy/senior-officer-carbon-project-development-598012.html	2026-07-23	Multi-portal scheduled scan	Senior Officer – Carbon Project Development	GGGI	skipped_dup
https://careers.gggi.org/vacancy/climate-change-officer-599913.html	2026-07-23	Multi-portal scheduled scan	Climate Change Officer	GGGI	skipped_dup
https://careers.gggi.org/vacancy/project-associate-ikialcbt-587694.html	2026-07-23	Multi-portal scheduled scan	Project Associate (IKI-ALCBT)	GGGI	skipped_dup
https://careers.gggi.org/vacancy/project-officer-602467.html	2026-07-23	Multi-portal scheduled scan	Project Officer	GGGI	skipped_dup
https://jobs.unops.org/pages/viewvacancy/VADetails.aspx?id=25645	2026-07-23	Multi-portal scheduled scan	Project Officer	UNOPS	skipped_dup
https://jobs.unops.org/pages/viewvacancy/VADetails.aspx?id=27983	2026-07-23	Multi-portal scheduled scan	Project Officer	UNOPS	skipped_dup
https://jobs.unops.org/pages/viewvacancy/VADetails.aspx?id=29971	2026-07-23	Multi-portal scheduled scan	Project Officer	UNOPS	skipped_dup
https://jobs.unops.org/pages/viewvacancy/VADetails.aspx?id=29918	2026-07-23	Multi-portal scheduled scan	Project Officer	UNOPS	skipped_dup
https://jobs.unops.org/pages/viewvacancy/VADetails.aspx?id=27839	2026-07-23	Multi-portal scheduled scan	Project Officer	UNOPS	skipped_dup
https://jobs.unops.org/pages/viewvacancy/vadetails.aspx?id=25318	2026-07-23	Multi-portal scheduled scan	Project Officer	UNOPS	skipped_dup
https://jobs.unops.org/Pages/ViewVacancy/VADetails.aspx?id=27840	2026-07-23	Multi-portal scheduled scan	Project Officer	UNOPS	skipped_dup
https://www.impactpool.org/jobs/1177972	2026-07-23	Multi-portal scheduled scan	Programme Officer	UNDP	skipped_dup
https://oecd.impactpool.org/vacancies/1183747	2026-07-23	Multi-portal scheduled scan	Young Associate 2026-28	IEA	skipped_dup
https://www.impactpool.org/jobs/1085110	2026-07-23	Multi-portal scheduled scan	Environment Economist/Policy Analyst – Climate Change Adaptation	OECD	skipped_dup
https://www.impactpool.org/jobs/1203696	2026-07-23	Multi-portal scheduled scan	Programme Associate	UNDP	skipped_dup
https://www.impactpool.org/jobs/1212198	2026-07-23	Multi-portal scheduled scan	ESG Research Intern	UNJSPF	skipped_title
https://www.unjobnet.org/jobs/detail/undp-programme-analyst-climate-change-water-energy-environment-open-to-internal-87437128	2026-07-23	Multi-portal scheduled scan	Programme Analyst – Climate Change, Water, Energy and Environment	UNDP	skipped_dup
https://careers.un.org/jobSearchDescription/278165	2026-07-23	Multi-portal scheduled scan	Environment Affairs Officer	ESCAP	skipped_dup
https://jobs.greenclimate.fund/job/Incheon,-South-Korea-(ICN)-Legal-Counsel/1086608501/	2026-07-23	Multi-portal scheduled scan	Legal Counsel	GCF	skipped_title
https://jobs.greenclimate.fund/job/Incheon,-South-Korea-(ICN)-Partnership-and-Outreach-Officer/1072313401/	2026-07-23	Multi-portal scheduled scan	Partnership and Outreach Officer	GCF	skipped_title
https://jobs.greenclimate.fund/job/Incheon,-South-Korea-(ICN)-Climate-Investment-Specialist/1199984501/	2026-07-23	Multi-portal scheduled scan	Climate Investment Specialist	GCF	skipped_dup
https://jobs.greenclimate.fund/job/Incheon,-South-Korea-(ICN)-Climate-Impact-Project-Specialist-(Talent-Pool)/1185277101/	2026-07-23	Multi-portal scheduled scan	Climate Impact Project Specialist (Talent Pool)	GCF	skipped_dup
https://jobs.ebrd.com/job/London-Analyst,-ESD/1410165933/	2026-07-23	Multi-portal scheduled scan	Analyst, ESD	EBRD	skipped_dup
https://jobs.ebrd.com/job/London-Analyst,-Nature-and-Climate-Finance/1401312933/	2026-07-23	Multi-portal scheduled scan	Analyst, Nature and Climate Finance	EBRD	skipped_dup
https://careers.southpole.com/jobs/2977168-junior-associate-consultant-corporate-climate-targets	2026-07-23	Multi-portal scheduled scan	Junior Associate Consultant – Corporate Climate Targets	South Pole	skipped_dup
https://careers.southpole.com/jobs/2662973-associate-consultant-environmental-impact-accounting	2026-07-23	Multi-portal scheduled scan	Associate Consultant – Environmental Impact Accounting	South Pole	skipped_dup
https://careers.southpole.com/jobs/950499-consultant-climate-strategies	2026-07-23	Multi-portal scheduled scan	Consultant – Climate Strategies	South Pole	skipped_dup
https://careers.southpole.com/jobs/7015526-managing-consultant-climate-risk-disclosure	2026-07-23	Multi-portal scheduled scan	Managing Consultant – Climate Risk Disclosure	South Pole	skipped_dup
https://careers.southpole.com/jobs/7162036-lead-operations-finance-analyst-climate-advisory	2026-07-23	Multi-portal scheduled scan	Lead Operations Finance Analyst – Climate Advisory	South Pole	skipped_dup
https://careers.southpole.com/jobs/5561935-managing-consultant-climate-risk-and-opportunities-physical-risk	2026-07-23	Multi-portal scheduled scan	Managing Consultant – Climate Risk and Opportunities (Physical Risk)	South Pole	skipped_dup
https://community.iisd.org/jobs/research-analyst-climate-change-impacts-and-policy-climate-analytics/	2026-07-23	Multi-portal scheduled scan	Research Analyst – Climate Change Impacts and Policy	IISD/Climate Analytics	skipped_dup
https://community.iisd.org/jobs/researcher-or-senior-researcher-associate-research-scholar/	2026-07-23	Multi-portal scheduled scan	Researcher or Senior Researcher/Associate Research Scholar	IISD	skipped_dup
https://community.iisd.org/jobs/nature-pledge-analyst-office-based/	2026-07-23	Multi-portal scheduled scan	Nature Pledge Analyst	IISD	skipped_dup
https://community.iisd.org/jobs/renewable-energy-analyst/	2026-07-23	Multi-portal scheduled scan	Renewable Energy Analyst	IISD	skipped_dup
https://community.iisd.org/jobs/jpo-programme-analyst-environment-energy-and-climate-change-eecc-open-only-to-nationals-of-denmark/	2026-07-23	Multi-portal scheduled scan	JPO Programme Analyst – Environment, Energy and Climate Change (Denmark nationals only)	IISD	skipped_title
https://www.sei.org/people/jobs/research-fellow-urban/	2026-07-23	Multi-portal scheduled scan	Research Fellow – Urban	SEI Asia	skipped_dup
https://www.sei.org/people/jobs/research-associate-staff-scientist-climate-and-energy-policy-us/	2026-07-23	Multi-portal scheduled scan	Research Associate/Staff Scientist – Climate and Energy Policy	SEI US	skipped_dup
https://www.sei.org/people/jobs/research-fellow-bankable-climate-adaptation/	2026-07-23	Multi-portal scheduled scan	Research Fellow – Bankable Climate Adaptation	SEI	skipped_dup
https://www.wri.org/careers/jobs/energy-research-analyst-2026-jr100186	2026-07-23	Multi-portal scheduled scan	Energy Research Analyst	WRI	skipped_dup
https://www.wri.org/careers/jobs/climate-associate-2026-jr100253	2026-07-23	Multi-portal scheduled scan	Climate Associate	WRI	skipped_dup
https://www.wri.org/careers/jobs/strategic-research-and-communications-consultant-2026-jr100176	2026-07-23	Multi-portal scheduled scan	Strategic Research and Communications Consultant	WRI Indonesia	skipped_dup
https://www.mycareersfuture.gov.sg/job/sustainability-esg-consultant-sgs-international-certification-services-singapore-5d354dc72aa8d2b95397167a19dac97b	2026-07-23	Multi-portal scheduled scan	Sustainability/ESG Consultant	SGS	skipped_dup
https://www.mycareersfuture.gov.sg/job/sustainability-consultant-unravel-carbon-aadcf600f46baee6c897be62db3215d6	2026-07-23	Multi-portal scheduled scan	Sustainability Consultant	Unravel Carbon	skipped_dup
https://www.mycareersfuture.gov.sg/job/consulting/consultant-sustainability-solutions-engie-impact-1d0942aefc4e8c3e0780a279badee627	2026-07-23	Multi-portal scheduled scan	Consultant – Sustainability Solutions	ENGIE Impact	skipped_dup
https://www.mycareersfuture.gov.sg/job/managing-consultant-corporate-sustainability-climate-change-environmental-resources-management-dddcadbbce041fe24af116ad6bd9fa34	2026-07-23	Multi-portal scheduled scan	Managing Consultant – Corporate Sustainability and Climate Change	ERM	skipped_dup
https://unjobs.org/vacancies/1762793914063	2026-07-23	Multi-portal scheduled scan	Programme Associate	UN	skipped_dup
https://www.terra.do/climate-jobs/job-board/esg-climate-analyst-datadriven-global-impact-8386015/	2026-07-23	Multi-portal scheduled scan	ESG/Climate Analyst	Datadriven Global Impact	skipped_dup
https://www.terra.do/climate-jobs/job-board/ESG-Sustainability-Associate-Iix-Global-8303865/	2026-07-23	Multi-portal scheduled scan	ESG/Sustainability Associate	IIX Global	skipped_dup
https://www.terra.do/climate-jobs/job-board/Sustainability-ESG-Consultant-Delta-Electronics-Southeast-Asia---Oceania-8317938/	2026-07-23	Multi-portal scheduled scan	Sustainability/ESG Consultant	Delta Electronics SEA	skipped_dup
https://careers.gggi.org/vacancy/enhanced-transparency-framework-international-consultant-593362.html	2026-07-24	Multi-portal scheduled scan	Enhanced Transparency Framework - International Consultant	GGGI	added
https://careers.gggi.org/vacancy/experts-roster-climate-change-resilience-adaptation-545736.html	2026-07-24	Multi-portal scheduled scan	Experts Roster — Climate Change Resilience & Adaptation (LAC)	GGGI	added
https://www.sei.org/people/jobs/iccap-project/	2026-07-24	Multi-portal scheduled scan	Research Fellow – Inclusive Climate Finance (ICCAP, Bangkok)	SEI Asia	added
https://www.wri.org/careers/jobs/project-operations-specialist-2026-jr100282	2026-07-24	Multi-portal scheduled scan	Project Operations Specialist	WRI	added
https://www.adb.org/careers/260676	2026-07-24	Multi-portal scheduled scan	Principal Sustainable Solutions Specialist	ADB	skipped_title
https://careers.un.org/jobSearchDescription/273589	2026-07-24	Multi-portal scheduled scan	Senior Regional Expert	UN	skipped_title
https://careers.un.org/jobSearchDescription/278629	2026-07-24	Multi-portal scheduled scan	CCAC Programme Manager (Science Affairs)	UN/UNEP	skipped_title
https://careers.gggi.org/vacancy/thailand-consultant-for-green-finance-network-gfn-setup-100014324-599010.html	2026-07-24	Multi-portal scheduled scan	Thailand: Consultant for Green Finance Network (GFN) Setup	GGGI	skipped_dup
https://careers.un.org/jobSearchDescription/278165	2026-07-24	Multi-portal scheduled scan	Programme Officer P3 (Energy Transition)	UN/ESCAP	skipped_dup
https://careers.un.org/jobSearchDescription/278136	2026-07-24	Multi-portal scheduled scan	Programme Officer P4	UN	skipped_dup
https://careers.gggi.org/vacancy/climate-finance-senior-associate-611714.html	2026-07-24	Multi-portal scheduled scan	Climate Finance Senior Associate	GGGI	skipped_dup
https://www.aiib.org/en/opportunities/career/job-vacancies/graduate-program/job-details/Environment-and-Social-Analysts.html	2026-07-24	Multi-portal scheduled scan	Environment and Social Analysts	AIIB	skipped_dup
https://www.aiib.org/en/opportunities/career/job-vacancies/graduate-program/job-details/environment-and-social-analyst.html	2026-07-24	Multi-portal scheduled scan	Environment and Social Analyst (Graduate Program)	AIIB	skipped_dup
https://www.sei.org/people/jobs/research-fellow-climate-finance-gesi-capdev/	2026-07-24	Multi-portal scheduled scan	Research Fellow – Climate Finance, GESI & Capacity Development	SEI Asia	skipped_dup
https://www.sei.org/people/jobs/research-fellow-urban/	2026-07-24	Multi-portal scheduled scan	Research Fellow – Urban	SEI Asia	skipped_dup
https://www.sei.org/people/jobs/research-fellow-bankable-climate-adaptation/	2026-07-24	Multi-portal scheduled scan	Research Fellow – Bankable Climate Adaptation Solutions	SEI Asia	skipped_dup
https://careers.southpole.com/jobs/950499-consultant-climate-strategies	2026-07-24	Multi-portal scheduled scan	Consultant – Climate Strategies	South Pole	skipped_dup
https://careers.southpole.com/jobs/7015526-managing-consultant-climate-risk-disclosure	2026-07-24	Multi-portal scheduled scan	Managing Consultant – Climate Risk & Disclosure	South Pole	skipped_dup
https://careers.southpole.com/jobs/1485792-senior-climate-investments-analyst	2026-07-24	Multi-portal scheduled scan	Senior Climate Investments Analyst	South Pole	skipped_dup
https://www.wri.org/careers/jobs/urban-finance-and-economy-research-analyst-2026-jr100174	2026-07-24	Multi-portal scheduled scan	Urban Finance and Economy Research Analyst	WRI Indonesia	skipped_dup
https://www.wri.org/careers/jobs/energy-research-analyst-2026-jr100186	2026-07-24	Multi-portal scheduled scan	Energy Research Analyst	WRI Indonesia	skipped_dup
https://www.wri.org/careers/jobs/climate-associate-2026-jr100253	2026-07-24	Multi-portal scheduled scan	Climate Associate	WRI	skipped_dup
https://www.wri.org/careers/jobs/communications-and-outreach-associate-2026-jr100161	2026-07-24	Multi-portal scheduled scan	Communications and Outreach Associate	WRI	skipped_dup
https://www.wri.org/careers/jobs/senior-project-associate-communication-2026-jr100300	2026-07-24	Multi-portal scheduled scan	Senior Project Associate - Communication	WRI	skipped_dup
https://reliefweb.int/job/4002120/environmental-social-and-governance-standards-lead-rdma-partnerships-green-investment	2026-07-24	Multi-portal scheduled scan	ESG Standards Lead – RDMA Partnerships for Green Investment	USAID/DAI	skipped_dup
https://reliefweb.int/job/4010286/technical-experts-rdma-partnerships-asia-green-investment-activity	2026-07-24	Multi-portal scheduled scan	Technical Experts – Partnerships for Asia Green Investment Activity	USAID RDMA Bangkok	skipped_dup
https://www.adb.org/careers/240050	2026-07-24	Multi-portal scheduled scan	Senior Climate and Disaster Risk Specialist	ADB	skipped_dup
https://www.adb.org/careers/260455	2026-07-24	Multi-portal scheduled scan	Senior Low-Carbon Solutions Specialist	ADB	skipped_dup
https://www.sei.org/people/jobs/research-fellow-gender-inclusive-climate-finance/	2026-07-24	Multi-portal scheduled scan	Research Fellow – Gender Inclusive Climate Finance	SEI Asia	skipped_dup
https://www.terra.do/climate-jobs/job-board/Junior-Climate---ESG-Financial-Analyst-Intellect-Group-8205056/	2026-07-25	Multi-portal scheduled scan	Junior Climate & ESG Financial Analyst	Intellect Group	added
https://www.impactpool.org/jobs/1217377	2026-07-26	Multi-portal scheduled scan	Climate Finance and Stakeholders Engagement Analyst	UNEP	added
https://climatebase.org/job/52353640	2026-07-26	Multi-portal scheduled scan	Consultant – Social and Sustainability Support (Entry Level)	ERM Bangkok	added
https://www.mycareersfuture.gov.sg/job/environment/senior-associate-risk-services-sustainability-climate-change-search-ally-4ee2ec9d96327b8c77aaa594d4dc98db	2026-07-26	Multi-portal scheduled scan	Senior Associate – Risk Services, Sustainability & Climate Change	Search Ally	added
https://www.unjobnet.org/jobs/detail/85054987	2026-07-26	Multi-portal scheduled scan	Programme Analyst – Nature, Climate and Environment (NCE)	UNDP	added
https://www.unjobnet.org/jobs/detail/undp-programme-analyst-climate-change-water-energy-environment-open-to-internal-87437128	2026-07-26	Multi-portal scheduled scan	Programme Analyst – Climate Change, Water, Energy & Environment	UNDP	skipped_dup
https://www.climatebase.org/job/59805753	2026-07-26	Multi-portal scheduled scan	Consulting Senior Associate – Climate	ERM Bangkok	skipped_dup
https://community.iisd.org/jobs/researcher-or-senior-researcher-associate-research-scholar/	2026-07-26	Multi-portal scheduled scan	Researcher or Senior Researcher – Integrated Energy Systems Planning and Finance	Columbia CCSI	skipped_dup
https://www.terra.do/climate-jobs/job-board/junior-environmental-policy-financial-analyst-8405417/	2026-07-26	Multi-portal scheduled scan	Junior Environmental Policy & Financial Analyst	The Cadmus Group	skipped_dup
https://www.climatechangecareers.com/job/wsp-in-india/noida-india/associate-consultant-esg-climate-change-and-carbon/	2026-07-27	ClimateChangeCareers — ESG	Associate Consultant – ESG, Climate Change and Carbon	WSP in India	added
https://jobs.unicef.org/mob/cw/en-us/job/591257/consultant-evaluation-officer-for-the-regional-office-and-country-offices-in-the-east-asia-and-the-pacific-region-unicef-east-asia-and-pacific-regional-office-eapro-bangkok-thailand	2026-07-27	UNICEF Jobs	Consultant – Evaluation Officer (Bangkok)	UNICEF EAPRO	added
https://jobs.unicef.org/en-us/job/592960/climate-resilient-education-consultant-gpd-education-bangkok-thailand-remote-592960	2026-07-27	UNICEF Jobs	Climate Resilient Education Consultant	UNICEF Bangkok	added
https://jobs.unescwa.org/jobs/1/86332208/climate-change-consultant	2026-07-27	UNESCWA	Climate Change Consultant	UNESCWA	skipped_dup
https://reliefweb.int/job/4029826/climate-change-consultant-unescwa	2026-07-27	ReliefWeb — Climate	Climate Change Consultant	UNESCWA	skipped_dup
https://jobs.undp.org/cj_view_job.cfm?cur_job_id=100000	2026-07-27	UNDP Jobs	Programme Analyst	UNDP	skipped_dup
https://jobs.undp.org/cj_view_job.cfm?cur_job_id=42699	2026-07-27	UNDP Jobs	Programme Analyst	UNDP	skipped_dup
https://careers.southpole.com/jobs/2977168	2026-07-27	South Pole — Carbon	Consultant – Carbon Markets	South Pole	skipped_dup
https://careers.southpole.com/jobs/7015526	2026-07-27	South Pole — Carbon	Associate – Carbon Advisory	South Pole	skipped_dup
https://www.wri.org/careers/jobs/jr100253	2026-07-27	WRI — Research	Research Analyst	WRI	skipped_dup
https://www.wri.org/careers/jobs/jr100186	2026-07-27	WRI — Research	Research Analyst	WRI	skipped_dup
https://jobs.unicef.org/en-us/job/593852/senior-data-scientist	2026-07-27	UNICEF Jobs	Senior Data Scientist	UNICEF	skipped_title
https://www.unjobnet.org/jobs/detail/undp-programme-analyst-climate-change-water-energy-environment-open-to-internal-87437128	2026-07-28	UNDP — Climate	Programme Analyst – Climate Change, Water, Energy & Environment	UNDP	added
https://erm.wd3.myworkdayjobs.com/ERM_Careers/job/Bangkok-Thailand/Consulting-Associate-Senior-Associate---Corporate-Sustainability-and-Climate-Change_R00018755	2026-07-28	ERM Bangkok — Sustainability	Consulting Associate / Senior Associate – Corporate Sustainability and Climate Change	ERM Bangkok	added
https://careers.southpole.com/jobs/2977168-junior-associate-consultant-corporate-climate-targets	2026-07-28	South Pole — Climate	Junior Associate Consultant – Corporate Climate Targets	South Pole	added
https://www.mycareersfuture.gov.sg/job/sustainability-esg-consultant-sgs-international-certification-services-singapore-5d354dc72aa8d2b95397167a19dac97b	2026-07-28	MyCareersFuture — ESG	Sustainability & ESG Consultant	SGS International	added
https://www.mycareersfuture.gov.sg/job/consulting/esg-intelligence-analyst-associate-eco-business-d5d27109f17a48bdfc7b8ce689360332	2026-07-28	MyCareersFuture — ESG	ESG Intelligence Analyst / Associate	Eco-Business	added
https://www.climatechangecareers.com/job/sei/remote/climate-and-decarbonization-strategy-associate/	2026-07-28	ClimateChangeCareers — SEI	Climate and Decarbonization Strategy Associate	SEI	added
https://www.climatechangecareers.com/job/sei/remote/project-and-sustainability-associate/	2026-07-28	ClimateChangeCareers — SEI	Project and Sustainability Associate	SEI	added
https://community.iisd.org/jobs/renewable-energy-analyst/	2026-07-28	IISD Community — Energy	Renewable Energy Analyst	IEA	added
https://www.wri.org/careers/jobs/energy-research-analyst-2026-jr100186	2026-07-28	WRI — Research	Energy Research Analyst	WRI	added
https://www.wri.org/careers/jobs/strategic-research-and-communications-consultant-2026-jr100176	2026-07-28	WRI — Research	Strategic Research and Communications Consultant	WRI	added
https://www.impactpool.org/jobs/1199377	2026-07-28	Impactpool — UNDP	Programme Analyst – Nature, Climate, Energy and Disaster Risk Reduction	UNDP	added
https://www.climatebase.org/job/59805753/consulting-senior-associate-climate	2026-07-28	Climatebase — ERM	Consulting Senior Associate (Climate)	ERM Bangkok	added
https://careers.un.org/jobSearchDescription/278165	2026-07-28	UN Careers — ESCAP	Programme Officer P3 (Bangkok)	UNESCAP	skipped_dup
https://careers.unido.org/job/Vienna-Industrial-Development-Expert-%28Roster%29/1361843055/	2026-07-29	Multi-portal scheduled scan	Industrial Development Expert (Roster)	UNIDO	added
https://www.devex.com/jobs/climate-lead-1448873	2026-07-29	Multi-portal scheduled scan	Climate Lead	Devex	added
https://climatejobs.shortlist.net/companies/sustainable-energy-for-all-seforall/jobs/37369014-energy-analyst	2026-07-29	Multi-portal scheduled scan	Energy Analyst	SE4All	added
https://www.wri.org/careers/jobs/research-analyst-power-sector-transition-2026-jr100383	2026-07-29	Multi-portal scheduled scan	Research Analyst, Power Sector Transition	WRI	added
https://climatebase.org/job/72482581/energy-analyst	2026-07-29	Multi-portal scheduled scan	Energy Analyst	PEG Associates	added
https://climatebase.org/job/73831170/analyst---nature-based-solutions	2026-07-29	Multi-portal scheduled scan	Analyst - Nature Based Solutions	AFRY Management Consulting	added
https://careers.unido.org/job/Vienna-Programme-Administrator/1360628255/	2026-07-29	Multi-portal scheduled scan	Programme Administrator	UNIDO	skipped_title
https://www.unjobnet.org/jobs/detail/unep-technical-advisor-redd-and-forests-87291525	2026-07-31	unjobnet — UNEP REDD+	Technical Advisor REDD+ and Forests	UNEP	added
https://www.impactpool.org/jobs/1213997	2026-07-31	impactpool — GGGI climate	Climate Risk and Vulnerability Assessment (CRVA) Consultant	GGGI	added
https://jobs.undp.org/cj_view_job.cfm?cur_job_id=110884	2026-07-31	undp — climate consultant	International Climate Risks and Vulnerabilities Consultant	UNDP	added
https://www.unjobnet.org/jobs/detail/undp-programme-analyst-climate-change-water-energy-environment-open-to-internal-87437128	2026-07-31	unjobnet — UNDP analyst	Programme Analyst – Climate Change Water Energy & Environment	UNDP	added
https://www.unjobnet.org/jobs/detail/85908617	2026-07-31	unjobnet — UNDP analyst	Project Analyst – Climate Risk Issues	UNDP	added
https://www.unjobnet.org/jobs/detail/85839628	2026-07-31	unjobnet — UNDP analyst	Programme Analyst – Transparency	UNDP	added
https://careers.southpole.com/jobs/2977168-junior-associate-consultant-corporate-climate-targets	2026-07-31	southpole — consultant	Junior Associate Consultant – Corporate Climate Targets	South Pole	added
https://careers.southpole.com/jobs/7015526-managing-consultant-climate-risk-disclosure	2026-07-31	southpole — consultant	Managing Consultant – Climate Risk & Disclosure	South Pole	added
https://www.impactpool.org/jobs/1177258	2026-07-31	impactpool — GGGI	IC: Policy Research – GGPM	GGGI	added
https://www.unjobnet.org/jobs/detail/84769647	2026-07-31	unjobnet — UNDP	Consultant – Sustainability & Exit Strategy	UNDP	skipped_dup
https://www.unjobnet.org/jobs/detail/84622940	2026-07-31	unjobnet — UNDP	Programme Analyst – Nature Climate Energy DRR	UNDP	skipped_dup
https://www.unjobnet.org/jobs/detail/85054987	2026-07-31	unjobnet — UNDP	Program Analyst NCE – Nature Climate Environment	UNDP	skipped_dup
https://www.impactpool.org/jobs/1166885	2026-07-31	impactpool — GGGI	Investment – GCF Ecuador Consultancy	GGGI	skipped_dup
https://www.impactpool.org/jobs/1192059	2026-07-31	impactpool — GGGI	GCF Projects Consultant – Mexico	GGGI	skipped_title
https://careers.unido.org/job/Vienna-Programme-Officer/1359908955/	2026-08-01	Multi-portal scheduled scan	Programme Officer	UNIDO	added
https://www.unjobnet.org/jobs/detail/86332208	2026-08-01	Multi-portal scheduled scan	Climate Change Consultant	UNESCWA	added
https://reliefweb.int/job/4220548/climate-officer-fixed-term-18-months-possibility-extension	2026-08-01	Multi-portal scheduled scan	Climate Officer	Unknown	added
https://careers.gggi.org/vacancy/hq-spar6c-monitoring-evaluation-and-learning-consultant-575026.html	2026-08-01	Multi-portal scheduled scan	SPAR6C Monitoring Evaluation and Learning Consultant	GGGI	added
https://reliefweb.int/job/4199242/climate-and-gender-consultant	2026-08-01	Multi-portal scheduled scan	Climate and Gender Consultant	Unknown	added
https://www.adb.org/work-with-us/careers	2026-08-01	Multi-portal scheduled scan	ADB Careers Portal	ADB	skipped_dup
https://www.impactpool.org/jobs/1213319	2026-08-01	Multi-portal scheduled scan	Climate Investment Management Consultant Asia Pacific	GCF	skipped_dup
https://oecd.impactpool.org/vacancies/1189031	2026-08-01	Multi-portal scheduled scan	Junior Policy Analyst	OECD	skipped_dup
https://www.impactpool.org/jobs/1066670	2026-08-01	Multi-portal scheduled scan	Energy Analysts IEA Regional Cooperation Centre Singapore	IEA/OECD	skipped_dup
https://www.devex.com/jobs/individual-consultant-fund-environmental-social-governance-esg-and-sustainability-1416704	2026-08-01	Multi-portal scheduled scan	Individual Consultant Fund ESG and Sustainability	Various	skipped_dup
https://www.devex.com/jobs/esg-reporting-and-disclosures-analyst-associate-environmental-and-social-governance-1245124	2026-08-01	Multi-portal scheduled scan	ESG Reporting and Disclosures Analyst Associate	Various	skipped_dup
https://www.devex.com/jobs/environmental-social-and-governance-esg-specialist-usaid-thailand-pagi-1260041	2026-08-01	Multi-portal scheduled scan	ESG Specialist USAID Thailand PAGI	DAI/USAID	skipped_dup
https://www.devex.com/jobs/climate-lead-1448873	2026-08-01	Multi-portal scheduled scan	Climate Lead	P4I DT Global	skipped_dup
https://reliefweb.int/job/4205358/consultant-migration-environment-climate-resilience	2026-08-01	Multi-portal scheduled scan	Consultant Migration Environment Climate Resilience	Unknown	skipped_dup
https://www.climatechangecareers.com/job/erm/shanghai-china/consulting-associate-senior-associate-corporate-sustainability-climate-change/	2026-08-01	Multi-portal scheduled scan	Consulting Associate Senior Associate Corporate Sustainability	ERM Shanghai	skipped_dup
https://www.climatechangecareers.com/job/kaleidoscope/remote/sustainability-strategy-analyst/	2026-08-01	Multi-portal scheduled scan	Sustainability Strategy Analyst	Kaleidoscope	skipped_dup
https://community.iisd.org/jobs/nature-pledge-analyst-office-based/	2026-08-01	Multi-portal scheduled scan	Nature Pledge Analyst	UNDP	skipped_dup
https://community.iisd.org/jobs/sustainable-carbon-life-cycle-analyst/	2026-08-01	Multi-portal scheduled scan	Sustainable Carbon Life Cycle Analyst	Various	skipped_dup
https://community.iisd.org/jobs/researcher-or-senior-researcher-associate-research-scholar/	2026-08-01	Multi-portal scheduled scan	Researcher or Senior Researcher	Columbia Center	skipped_dup
https://www.mycareersfuture.gov.sg/job/sustainability-climate-change-associate-pricewaterhousecoopers-risk-services-0fa698c91d8cc4a2a294a936823f1b03	2026-08-01	Multi-portal scheduled scan	Sustainability and Climate Change Associate	PwC Singapore	skipped_dup
https://www.mycareersfuture.gov.sg/job/consulting/sustainability-analyst-csrworks-international-8753e825f8511d73ddd1d467138394be	2026-08-01	Multi-portal scheduled scan	Sustainability Analyst	CSRWorks International	skipped_dup
https://careers.southpole.com/jobs/7015526-managing-consultant-climate-risk-disclosure	2026-08-01	Multi-portal scheduled scan	Managing Consultant Climate Risk Disclosure	South Pole	skipped_dup
https://careers.southpole.com/jobs/7162036-lead-operations-finance-analyst-climate-advisory	2026-08-01	Multi-portal scheduled scan	Lead Operations Finance Analyst Climate Advisory	South Pole	skipped_dup
https://www.terra.do/climate-jobs/job-board/Research-Analyst---Industrial-Sustainability-CEEW-8179038/	2026-08-01	Multi-portal scheduled scan	Research Analyst Industrial Sustainability	CEEW	skipped_dup
https://www.terra.do/climate-jobs/job-board/sustainability-analytics-consultant-energy-esg-8393707/	2026-08-01	Multi-portal scheduled scan	Sustainability Analytics Consultant Energy ESG	Guidehouse	skipped_dup
https://community.iisd.org/jobs/research-analyst-climate-change-impacts-and-policy-climate-analytics/	2026-08-01	Multi-portal scheduled scan	Research Analyst Climate Change Impacts and Policy	Climate Analytics	skipped_dup
https://jobs.greenclimate.fund/job/Remote-(Remote)-Strategic-Investment-Partnerships-and-Co-Investments-Consultant/1173215001/	2026-08-01	Multi-portal scheduled scan	Strategic Investment Partnerships Consultant	GCF	skipped_dup
https://jobs.greenclimate.fund/job/Remote-(Remote)-GCF-Roster-Pool-of-Experts-Financial-Management-Senior-Consultant/1174738101/	2026-08-01	Multi-portal scheduled scan	GCF Roster Financial Management Senior Consultant	GCF	skipped_dup
https://jobs.greenclimate.fund/job/Incheon,-South-Korea-(ICN)-Climate-Investment-Specialist/1199984501/	2026-08-01	Multi-portal scheduled scan	Climate Investment Specialist	GCF	skipped_dup
https://www.climatechangecareers.com/job/kpmg-thailand/bangkok-thailand/esg-sustainability-services-consultant-manager/	2026-08-01	Multi-portal scheduled scan	ESG Sustainability Services Consultant Manager	KPMG Thailand	skipped_dup
https://careers.ey.com/ey/job/Bangkok-Assurance-Climate-Change-and-Sustainability_Senior-to-Manager-Bang-10330/1207201901/	2026-08-01	Multi-portal scheduled scan	Assurance Climate Change and Sustainability Senior to Manager	EY Bangkok	skipped_dup
https://careers.gggi.org/vacancy/project-associate-ikialcbt-587694.html	2026-08-01	Multi-portal scheduled scan	Project Associate IKI-ALCBT	GGGI	skipped_dup
https://www.unjobnet.org/jobs/detail/oecd-junior-energy-analyst-electricity-systems-and-markets-temporary-87143115	2026-08-01	Multi-portal scheduled scan	Junior Energy Analyst Electricity Systems and Markets	OECD	skipped_dup
https://www.unjobnet.org/jobs/detail/85839628	2026-08-01	Multi-portal scheduled scan	Programme Analyst Transparency Climate	UNDP	skipped_dup
https://www.unjobnet.org/jobs/detail/undp-programme-analyst-climate-change-water-energy-environment-open-to-internal-87437128	2026-08-01	Multi-portal scheduled scan	Programme Analyst Climate Change Water Energy Environment	UNDP	skipped_dup
https://www.unjobnet.org/jobs/detail/85908617	2026-08-01	Multi-portal scheduled scan	Project Analyst Climate Risk Issues	UNDP	skipped_dup
https://www.unjobnet.org/jobs/detail/86392899	2026-08-01	Multi-portal scheduled scan	Low-carbon Housing Expert Consultant	UNEP	skipped_dup
https://www.unjobnet.org/jobs/detail/84639712	2026-08-01	Multi-portal scheduled scan	Sustainability Lead	ESA	skipped_dup
https://www.unjobnet.org/jobs/detail/84622940	2026-08-01	Multi-portal scheduled scan	Programme Analyst Nature Climate Energy DRR	UNDP	skipped_dup
https://www.unjobnet.org/jobs/detail/85348705	2026-08-01	Multi-portal scheduled scan	Programme Analyst Open to all applicants	UNDP	skipped_dup
https://jobs.sea.deloitte.com/job/Bangkok-A%26A-Analyst-%28Sustainability-%26-Emerging-Assurance%29/1213218766	2026-08-02	Deloitte SEA careers	A&A Analyst – Sustainability & Emerging Assurance	Deloitte Thailand	added
https://reliefweb.int/job/4065542/technical-senior-analyst-environmental-renewable-energy-retainer-lica-9	2026-08-02	ReliefWeb	Technical Senior Analyst - Environmental (Renewable Energy) Retainer LICA-9	UNOPS	skipped_title
https://unjobs.org/vacancies/1783846076075	2026-08-02	UNJobs	PMO Senior Analyst	UNOPS Bangkok	skipped_title
https://www.climatechangecareers.com/job/othello-international-co-ltd-official-thailand-headquarters/bangkok-thailand/esg-consultant-othello-international/	2026-08-04	Climate Change Careers	ESG Consultant	Othello International	added
https://unjobs.org/vacancies/1784946402310	2026-08-04	UNjobs — analyst and consultant	Policy Analyst – Fossil Fuel Transition	IISD	added
https://unjobs.org/vacancies/1783607410422	2026-08-04	UNjobs — analyst and consultant	Analyst – Climate Change Think Tank	InfluenceMap	added
https://jobs.unops.org/Pages/ViewVacancy/VADetails.aspx?id=27586	2026-08-04	UN / development — project and programme roles	Programme Management Officer	UNOPS	added
https://jobs.unops.org/pages/viewvacancy/VADetails.aspx?id=24892	2026-08-04	UN / development — project and programme roles	Programme Management – Senior Officer	UNOPS	added
https://bebee.com/th/jobs/energy-system-expert-tcg-emc-re-giz-office-bangkok-bangkok--theirstack-718741829	2026-08-04	GIZ — global climate and energy	Energy System Expert	GIZ Bangkok	added
https://www.devex.com/jobs/environmental-social-and-governance-esg-specialist-usaid-thailand-pagi-1260041	2026-08-04	Devex — ESG and climate Asia	ESG Specialist	USAID/Thailand PAGI	skipped_dup
https://reliefweb.int/job/3922173/disaster-risk-reduction-and-climate-change-analyst-partnerships-infrastructure	2026-08-04	ReliefWeb — climate and environment	Disaster Risk Reduction and Climate Change Analyst	P4I	skipped_dup
https://reliefweb.int/job/3998840/climate-resilience-training-and-capacity-development-officer	2026-08-04	ReliefWeb — climate and environment	Climate Resilience Training and Capacity Development Officer	ADPC	skipped_dup
https://careers.unido.org/job/Vienna-Industrial-Development-Expert-%28Roster%29/1361843055/	2026-08-04	UN / development — sustainability and climate	Industrial Development Expert (Roster)	UNIDO	skipped_dup
https://www.impactpool.org/jobs/1217377	2026-08-04	Impactpool — sustainability and climate	Climate Finance and Stakeholders Engagement Analyst	UNEP	skipped_dup
https://oecd.impactpool.org/vacancies/1210894	2026-08-05	ImpactPool — OECD	Junior Policy Analyst – Evaluation	OECD	added
https://oecd.impactpool.org/vacancies/1214948	2026-08-05	ImpactPool — OECD	Junior Data Analyst	OECD	added
https://oecd.impactpool.org/vacancies/1209167	2026-08-05	ImpactPool — OECD	Junior Policy Analyst	OECD	added
https://oecd.impactpool.org/vacancies/1163058	2026-08-05	ImpactPool — OECD	Junior Policy Analyst – MOPAN	OECD	added
https://careers.msci.com/job/data-and-operations/pune/climate-data-analyst/2026-5455	2026-08-05	MSCI Careers	Climate Data Analyst	MSCI	added
https://careers.msci.com/job/product-management/budapest/climate-product-associate/2026-5479	2026-08-05	MSCI Careers	Climate Product Associate	MSCI	added
https://www.terra.do/climate-jobs/job-board/climate-sustainability-data-senior-associate-8361815/	2026-08-05	Terra.do Climate Jobs	Climate & Sustainability Data Senior Associate	MSCI	added
https://jobs.unops.org/pages/viewvacancy/VADetails.aspx?id=29576	2026-08-05	UNOPS Jobs	Energy Officer, Green Value Chains	UNOPS/SE4ALL	added
https://unvacancies.org/jobs/programme-officer-P-278136	2026-08-05	UN Vacancies	Programme Officer (P-4)	ESCAP	added
https://www.idealist.org/en/job/0f20957f1a32405e99ff5908f8c60235-consultant-program-manager-southeast-asia-sequoia-climate-foundation-hanoi	2026-08-05	Idealist	Consultant Program Manager – Southeast Asia	Sequoia Climate Foundation	added
https://careers.gggi.org/vacancy/investment-and-partnership-lead-green-trust-fund-unit-615775.html	2026-08-05	GGGI Careers	Investment and Partnership Lead	GGGI	skipped_title
https://oecd.impactpool.org/vacancies/1205191	2026-08-05	ImpactPool — OECD	Junior Policy Analyst, Health	OECD	skipped_title
https://oecd.impactpool.org/vacancies/1183740	2026-08-05	ImpactPool — OECD	Young Associate – Employment, Labour	OECD	skipped_title
https://careers.msci.com/job/data-and-operations/mumbai/geospatial-physical-risk-ai-data-operations-analyst/2026-5351	2026-08-05	MSCI Careers	Geospatial Physical Risk AI Data Operations Analyst	MSCI	skipped_title
https://ghginstitute.org/hiring/	2026-08-06	GHGMI — direct	Program Officer	GHGMI	added
https://community.iisd.org/jobs/junior-officer-innovative-finance/	2026-08-06	IISD Community — jobs	Junior Officer, Innovative Finance	ICLEI	added
https://www.terra.do/climate-jobs/job-board/Health---Safety---Sustainability-Associate-Environmental-Resources-Management--Erm--8408970/	2026-08-06	terra.do — jobboard	Health, Safety & Sustainability Associate	ERM	added
https://www.impactpool.org/jobs/1209185	2026-08-07	Impactpool — sustainability and climate	Climate Senior Analyst (Buildings)	UNOPS	added
https://unjobs.org/vacancies/1776938482729	2026-08-07	UNjobs — analyst and consultant	Climate Senior Analyst (Buildings)	UNOPS	skipped_dup
https://www.climatechangecareers.com/job/unops/copenhagen-denmark/climate-senior-analyst-infrastructure/	2026-08-07	Climate Change Careers	Climate Senior Analyst (Infrastructure)	UNOPS	added
https://unjobs.org/vacancies/1777117943204	2026-08-07	UNjobs — analyst and consultant	Climate Senior Analyst (Infrastructure)	UNOPS	skipped_dup
https://www.impactpool.org/jobs/1217377	2026-08-07	Impactpool — sustainability and climate	Climate Finance and Stakeholders Engagement Analyst	UNEP	added
https://www.impactpool.org/jobs/1219304	2026-08-07	Impactpool — sustainability and climate	Senior Energy Analysts - IEA Regional Cooperation Centre	IEA/OECD	added
https://unjobs.org/vacancies/1783377331728	2026-08-07	UNjobs — analyst and consultant	Technical Advisor - Energy Transition	UNOPS	added
https://www.climatechangecareers.com/job/ngo-recruitment/singapore-singapore/senior-climate-associate-east-asia-protein-transition-team/	2026-08-07	Climate Change Careers	Senior Climate Associate - East Asia Protein Transition Team	NGO Recruitment	added
https://careers.unido.org/job/Vienna-Partnerships-Coordinator/1359254155/	2026-08-07	UNIDO Careers	Partnerships Coordinator	UNIDO	added
https://careers.un.org/jobSearchDescription/277103?language=en	2026-08-07	UN Careers — sustainability and climate P1-P3	Associate Programme Officer OED/SPPG (Temporary) P2	UN	added
https://careers.gggi.org/vacancy/climate-finance-senior-associate-611714.html	2026-08-07	Asia MDBs / green growth — analyst and consultant	Climate Finance Senior Associate	GGGI	skipped_dup
https://careers.gggi.org/vacancy/monitoring-evaluation-and-learning-mel-consultant-597027.html	2026-08-07	Asia MDBs / green growth — analyst and consultant	Monitoring Evaluation and Learning (MEL) Consultant	GGGI	skipped_dup
https://careers.gggi.org/vacancy/project-associate-ikialcbt-587694.html	2026-08-07	Asia MDBs / green growth — analyst and consultant	Project Associate (IKI-ALCBT)	GGGI	skipped_dup
https://www.mycareersfuture.gov.sg/job/natural-climate-solutions-analyst-asia-pacific-conservation-international-asia-pacific-cb773e426fda02251f090166fe698f8b	2026-08-07	MyCareersFuture Singapore — sustainability	Natural Climate Solutions Analyst Asia Pacific	Conservation International	skipped_dup
https://www.climatechangecareers.com/job/wsp-in-india/noida-india/associate-consultant-esg-climate-change-and-carbon/	2026-08-07	Climate Change Careers	Associate Consultant - ESG Climate Change and Carbon	WSP India	skipped_dup
https://www.climatechangecareers.com/job/erm/shanghai-china/consulting-associate-senior-associate-corporate-sustainability-climate-change/	2026-08-07	Climate Change Careers	Consulting Associate / Senior Associate - Corporate Sustainability & Climate Change	ERM Shanghai	skipped_dup
https://www.climatechangecareers.com/job/erm/seoul-south-korea/consulting-senior-associate-corporate-sustainability-climate-change/	2026-08-07	Climate Change Careers	Consulting Senior Associate - Corporate Sustainability & Climate Change	ERM Seoul	skipped_dup
https://www.climatechangecareers.com/job/kaleidoscope/remote/sustainability-strategy-analyst/	2026-08-07	Climate Change Careers	Sustainability Strategy Analyst	Kaleidoscope	skipped_dup
https://www.climatechangecareers.com/job/decoding-impact/bengaluru-india/associate-consultant-climate/	2026-08-07	Climate Change Careers	Associate Consultant - Climate	Decoding Impact	skipped_dup
https://www.mycareersfuture.gov.sg/job/consulting/consultant-sustainability-solutions-engie-impact-1d0942aefc4e8c3e0780a279badee627	2026-08-07	MyCareersFuture Singapore — sustainability	Consultant Sustainability Solutions	Engie Impact	skipped_dup
https://www.mycareersfuture.gov.sg/job/consulting/esg-intelligence-analyst-associate-eco-business-d5d27109f17a48bdfc7b8ce689360332	2026-08-07	MyCareersFuture Singapore — sustainability	ESG Intelligence Analyst / Associate	Eco-Business	skipped_dup
https://www.mycareersfuture.gov.sg/job/consulting/sustainability-analyst-csrworks-international-8753e825f8511d73ddd1d467138394be	2026-08-07	MyCareersFuture Singapore — sustainability	Sustainability Analyst	CSRWorks International	skipped_dup
https://www.devex.com/jobs/environmental-social-and-governance-esg-specialist-usaid-thailand-pagi-1260041	2026-08-07	Devex — ESG and climate Asia	ESG Specialist USAID/Thailand PAGI	USAID/DAI	skipped_dup
https://reliefweb.int/job/3922173/disaster-risk-reduction-and-climate-change-analyst-partnerships-infrastructure	2026-08-07	ReliefWeb — climate and environment	DRR and Climate Change Analyst	P4I	skipped_dup
https://careers.unido.org/job/Vienna-Industrial-Development-Expert-%28Roster%29/1361843055/	2026-08-07	UNIDO Careers	Industrial Development Expert (Roster)	UNIDO	skipped_dup
https://careers.un.org/jobSearchDescription/254689?language=en	2026-08-07	UN Careers — sustainability and climate P1-P3	Climate Change Analyst P3	UN	skipped_dup
https://jobs.sea.deloitte.com/job/Kuala-Lumpur-DRSC-Business-Assurance-ESG-Analyst/1061341766	2026-08-07	ClimateChangeCareers	DRSC Business Assurance ESG Analyst	Deloitte KL	skipped_dup
https://sg.linkedin.com/jobs/view/esg-and-sustainable-development-analyst-at-cycle-carriage-singapore-2947062728	2026-08-07	LinkedIn — sustainability analyst Bangkok Asia	ESG and Sustainable Development Analyst	Cycle & Carriage	skipped_dup
https://hk.linkedin.com/jobs/view/esg-research-analyst-remote-position-multiple-openings-at-transition-asia-3818874025	2026-08-07	LinkedIn — sustainability analyst Bangkok Asia	ESG Research Analyst Remote	Transition Asia	skipped_dup
https://idealist.org/en/job/0f20957f1a32405e99ff5908f8c60235-consultant-program-manager-southeast-asia-sequoia-climate-foundation-hanoi	2026-08-07	Idealist — sustainability analyst	Consultant Program Manager Southeast Asia	Sequoia Climate Foundation	skipped_dup
https://careers.southpole.com/jobs/7960448-managing-consultant-renewable-energy-solutions-1-year-contract	2026-08-07	Sustainability consulting — analyst	Managing Consultant Renewable Energy Solutions	South Pole	skipped_dup
https://careers.southpole.com/jobs/1485792-senior-climate-investments-analyst	2026-08-07	Sustainability consulting — analyst	Senior Climate Investments Analyst	South Pole	skipped_dup
https://careers.southpole.com/jobs/5561935-managing-consultant-climate-risk-and-opportunities-physical-risk	2026-08-07	Sustainability consulting — analyst	Managing Consultant Climate Risk and Opportunities Physical Risk	South Pole	skipped_dup
https://careers.southpole.com/jobs/1526673-senior-climate-impact-specialist-digital-climate-solutions	2026-08-07	Sustainability consulting — analyst	Senior Climate Impact Specialist Digital Climate Solutions	South Pole	skipped_dup
https://careers.southpole.com/jobs/7015526-managing-consultant-climate-risk-disclosure	2026-08-07	Sustainability consulting — analyst	Managing Consultant Climate Risk & Disclosure	South Pole	skipped_dup
https://careers.southpole.com/jobs/2977168-junior-associate-consultant-corporate-climate-targets	2026-08-07	Sustainability consulting — analyst	Junior Associate Consultant Corporate Climate Targets	South Pole	skipped_dup
https://careers.southpole.com/jobs/949847-managing-consultant-climate-strategies	2026-08-07	Sustainability consulting — analyst	Managing Consultant Climate Strategies	South Pole	skipped_dup
https://www.sei.org/people/jobs/team-lead-researcher-gender-environment-justice/	2026-08-08	SEI Asia — research	Team Lead and Researcher – Gender, Environment and Justice	SEI Asia	added
https://impactpool.org/jobs/1214163	2026-08-08	Impactpool — GGGI	Cambodia: Green Investment and Stakeholder Coordination Consultant	GGGI	added
https://untalent.org/jobs/environmental-sustainability-and-green-spaces-consultant	2026-08-08	UNTalent — OHCHR	Environmental Sustainability and Green Spaces Consultant	OHCHR	added
https://careers.unops.org/careersmarketplace/JobDetail/Project-Management-Office-PMO-Senior-Analyst/3797	2026-08-08	UNOPS EAPMCO — Bangkok	Project Management Office (PMO) - Senior Analyst	UNOPS EAPMCO	added
https://www.sei.org/people/jobs/research-associate-operationalization-raif-asia/	2026-08-08	SEI Asia — research	Research Associate – Operationalization of RAIF in Asia	SEI Asia	skipped_dup
https://www.gggi.org/jobs/climate-change-risk-and-sustainable-finance-regulation-ic-urf-600295/	2026-08-08	GGGI — finance	Climate Change Risk and Sustainable Finance Regulation IC	GGGI	skipped_dup
https://unjobs.org/vacancies/1783377331728	2026-08-08	UNjobs — UNOPS	Technical Advisor – Energy Transition	UNOPS	skipped_dup
https://www.untalent.org/jobs/ndc-consultant-1	2026-08-08	UNTalent — NDC	NDC Consultant	UNFCCC	skipped_dup
https://www.untalent.org/jobs/climate-policy-and-energy-transition-advisor	2026-08-08	UNTalent — climate policy	Climate Policy and Energy Transition Advisor	UN	skipped_dup
https://careers.un.org/jobSearchDescription/278935	2026-08-08	UN Careers — P2	Associate Programme Officer P2	UN	skipped_dup
https://careers.un.org/jobSearchDescription/278165	2026-08-08	UN Careers — P2	Associate Programme Officer P2	UN	skipped_dup
https://www.gggi.org/jobs/green-finance-network-consultant-thailand/	2026-08-08	GGGI — Thailand	Green Finance Network Consultant Thailand	GGGI	skipped_dup
https://www.sei.org/people/jobs/energy-environment-researcher/	2026-08-08	SEI Asia — energy	Energy and Environment Researcher	SEI Asia	skipped_dup
https://www.sei.org/people/jobs/research-fellow-climate-finance-gesi-capdev/	2026-08-08	SEI Asia — climate finance	Research Fellow – Climate Finance, GESI and CapDev	SEI Asia	skipped_dup
https://community.iisd.org/jobs/renewable-energy-analyst/	2026-08-08	IISD — energy	Renewable Energy Analyst	IISD	skipped_dup
https://www.impactpool.org/jobs/1229319	2026-08-09	Impactpool — climate/sustainability	UNEP Finance Initiative – Climate and Investment Consultant	UNEP FI	added
https://www.impactpool.org/jobs/1168040	2026-08-09	Impactpool — climate/sustainability	Investment Analyst, Energy Transition	UNOPS	added
https://community.iisd.org/jobs/associate-scientist/	2026-08-09	IISD community — climate/sustainability	Associate Scientist – Natural Climate Solutions	TBD (IISD board)	added
https://careers.un.org/jobSearchDescription/265377	2026-08-09	UN Careers — P2	Associate Programme Officer, DECI/IE (Temporary), P2	ITC (UN)	added
https://www.unjobnet.org/jobs/detail/85168169	2026-08-09	UNjobnet — energy/sustainability	Energy Specialist	World Bank	added
https://www.wri.org/careers/jobs/research-analyst-food-and-land-use-2026-jr100384	2026-08-09	WRI Careers — sustainability	Research Analyst, Food and Land Use	WRI	added
https://www.mycareersfuture.gov.sg/job/consulting/sustainability-esg-consultant-sgs-international-certification-services-singapore-b14e30af6debeed0a90dfeac2ee80113	2026-08-09	MyCareersFuture Singapore — sustainability	Sustainability & ESG Consultant	SGS	skipped_dup
https://www.unjobnet.org/jobs/detail/82065993	2026-08-09	UNjobnet — ESG	Individual Consultant: ESG Specialist	GGGI	skipped_dup
https://careers.gggi.org/vacancy/indonesia-cities-lead-608457.html	2026-08-09	GGGI careers — Asia	Indonesia: Cities Lead	GGGI	skipped_title
https://careers.gggi.org/vacancy/procurement-and-finance-associate-604574.html	2026-08-09	GGGI careers — Asia	Procurement and Finance Associate	GGGI	skipped_title
https://careers.gggi.org/vacancy/fiji-cbit-enhanced-transparency-framework-consultant-599606.html	2026-08-09	GGGI careers — remote	Fiji CBIT Enhanced Transparency Framework Consultant	GGGI	skipped_dup
https://careers.gggi.org/vacancy/program-officer-waste-and-methane-574535.html	2026-08-09	GGGI careers — remote	Program Officer – Waste and Methane	GGGI	skipped_dup
https://careers.unops.org/careersmarketplace/JobDetail/Project-Management-Support-Officer/3959	2026-08-10	UNOPS Careers — project mgmt	Project Management Support Officer	UNOPS	added
https://untalent.org/jobs/climate-programme-officer	2026-08-10	UNtalent — climate	Climate Programme Officer	UNOPS/UNEP-CCC	added
https://careers.unops.org/careersmarketplace/JobDetail/Project-Officer/1861	2026-08-10	UNOPS Careers — project officer	Project Officer	UNOPS	added
https://www.unjobnet.org/jobs/detail/85881522	2026-08-10	UNjobnet — climate/energy	Investment Officer (Climate Change)	ADB	added
https://www.unjobnet.org/jobs/detail/83617586	2026-08-10	UNjobnet — energy infrastructure	Advisor – Private Investment in Energy Infrastructure	UNCTAD	added
https://unjobs.org/vacancies/1782249827231	2026-08-10	UNjobs — sustainability consulting	Managing Consultant – Renewable Energy Solutions	South Pole	added
https://careers.nus.edu.sg/job/Research-AnalystSenior-Research-Analyst-%28Centre-for-Governance-and-Sustainability%29/26481-en_GB	2026-08-10	NUS Careers — governance/sustainability	Research Analyst – Centre for Governance and Sustainability	NUS	added
https://www.unjobnet.org/jobs/detail/nato-scientist-climate-change-87332806	2026-08-10	UNjobnet — climate	Scientist (Climate Change)	NATO	skipped_title
https://www.unjobnet.org/jobs/detail/85788133	2026-08-10	UNjobnet — climate finance	Internship – Climate Finance	UNEP	skipped_title
https://www.unjobnet.org/jobs/detail/84333920	2026-08-10	UNjobnet — climate finance	Intern – Climate Finance Mobilization	UNEP	skipped_title
https://www.unjobnet.org/jobs/detail/eif-senior-sustainable-finance-officer-86891618	2026-08-10	UNjobnet — sustainable finance	Senior Sustainable Finance Officer	EIF	skipped_title
https://www.wri.org/careers/jobs/nilai-ekonomi-karbon-nek-policy-analyst-2026-jr100262	2026-08-10	WRI Careers — carbon policy	NEK Policy Analyst (Indonesia)	WRI	skipped_title
https://jobs.greenclimate.fund/en/job/3255	2026-08-10	GCF Jobs — climate	GCF Consultancy (Songdo Korea)	GCF	skipped_title
https://www.developmentaid.org/jobs/view/1782294/climate-change-advisor	2026-08-10	DevelopmentAid — climate	Climate Change Advisor (Asia)	DevelopmentAid	skipped_title
https://www.developmentaid.org/jobs/view/1739791/climate-associate	2026-08-10	DevelopmentAid — climate	Climate Associate (N. America)	DevelopmentAid	skipped_title
https://unjobs.org/vacancies/1761384669525	2026-08-10	UNjobs — Bangkok UN	Associate Programme Management Officer	UNEP	skipped_dup
https://unjobs.org/vacancies/1781163438057	2026-08-10	UNjobs — Bangkok UN	Programme Management Officer (Climate)	UNEP	skipped_dup
https://unjobs.org/vacancies/1770190363610	2026-08-10	UNjobs — Bangkok UNEP	Renewable Energy & Access to Finance Coaching Expert	UNEP	skipped_dup
https://www.unjobnet.org/jobs/detail/84622940	2026-08-10	UNjobnet — Thailand	Programme Analyst – Nature, Climate, Energy	UNDP	skipped_dup
https://www.unjobnet.org/jobs/detail/85831873	2026-08-10	UNjobnet — Thailand	National Energy Efficiency Expert	UNEP	skipped_dup
https://unjobs.org/vacancies/1783846076075	2026-08-10	UNjobs — Bangkok UNOPS	PMO Senior Analyst	UNOPS	skipped_dup
https://unjobs.org/vacancies/1775252021936	2026-08-10	UNjobs — Bangkok UNOPS	Programme Management Senior Officer	UNOPS	skipped_dup
https://careers.gggi.org/vacancy/climate-change-risk-and-sustainable-finance-regulation-ic-urf-600295.html	2026-08-10	GGGI Careers — climate finance	Climate Change Risk and Sustainable Finance IC	GGGI	skipped_dup
https://careers.unops.org/careersmarketplace/JobDetail/Project-Management-Support-Associate/2447	2026-08-10	UNOPS Careers — PMO	Project Management Support Associate	UNOPS	skipped_dup
https://www.unjobnet.org/jobs/detail/undp-sustainable-and-blended-finance-analyst-85026921	2026-08-10	UNjobnet — sustainable finance	Sustainable and Blended Finance Analyst	UNDP	skipped_dup
https://www.impactpool.org/jobs/1191702	2026-08-11	Impactpool — WASH climate	WASH Climate Resilience Consultant	UNICEF	added
https://careers.unops.org/careersmarketplace/JobDetail/Climate-Finance-Analyst-Retainer/2123	2026-08-11	UNOPS Careers — climate finance	Climate Finance Analyst – Retainer	UNOPS	added
https://careers.ey.com/ey/job/Associate-Senior-Associate,-Climate-Change-and-Sustainability-Services,-Assurance-048583/1029272001/	2026-08-11	EY Careers — sustainability	Associate/Senior Associate Climate Change and Sustainability Services	EY	added
https://careers.ey.com/ey/job/Bangkok-Assurance-Climate-Change-and-Sustainability_Staff-(Fresh-grads-welcome)-10110/1207201601/	2026-08-11	EY Bangkok — sustainability	Assurance Climate Change and Sustainability Staff	EY Bangkok	added
https://www.unjobnet.org/jobs/detail/unep-junior-climate-change-specialist-latin-america-and-the-caribbean-lac-87030089	2026-08-11	UNjobnet — UNEP climate	Junior Climate Change Specialist – LAC	UNEP	added
https://careers.unops.org/careersmarketplace/JobDetail/Technical-Advisor-Energy-Transition/3705	2026-08-11	UNOPS Careers — energy	Technical Advisor – Energy Transition	UNOPS	added
https://www.irena.org/employment/Career-Detail?jobId=NC0129.1	2026-08-11	IRENA Careers — programme officer	Associate Programme Officer	IRENA	added
https://jobs.undp.org/cj_view_job.cfm?cur_job_id=87881	2026-08-11	UNDP Jobs — fund design	Fund Design Junior Consultant (Re-Advertised)	UNDP	added
https://www.impactpool.org/jobs/939361	2026-08-11	Impactpool — UNDP analyst	Programme Analyst – IPSA 8 (Home Based)	UNDP	added
https://www.impactpool.org/jobs/965287	2026-08-11	Impactpool — UNDP analyst	Project Analyst – IPSA 8	UNDP	added
https://unjoblink.org/job/details/420638/	2026-08-11	UNjoblink — Bangkok	PV System Management and Recycling Expert Bangkok	UNEP	skipped_title
https://careers.unops.org/careersmarketplace/JobDetail/Senior-Programme-Manager-Climate-Action/4062	2026-08-11	UNOPS Careers — climate action	Senior Programme Manager – Climate Action	UNOPS	skipped_title
https://careers.ey.com/ey/job/Senior-Associate-Manager,-Climate-Change-and-Sustainability-Services,-Assurance-048583/1029271901/	2026-08-11	EY Careers — sustainability	Senior Associate/Manager Climate Change and Sustainability Services	EY	skipped_title
https://careers.unops.org/careersmarketplace/JobDetail/Knowledge-Management-Analyst/3808	2026-08-12	UNOPS Careers — knowledge mgmt	Knowledge Management Analyst	UNOPS	added
https://careers.unops.org/careersmarketplace/JobDetail/Social-and-Environmental-Senior-Analyst/3969	2026-08-12	UNOPS Careers — social environmental	Social and Environmental Senior Analyst	UNOPS	added
https://www.impactpool.org/jobs/1205813	2026-08-12	Impactpool — ITC ESG	Junior International Consultant – EU ESG Regulations	ITC	added
https://www.wri.org/careers/jobs/climate-associate-2026-jr100253	2026-08-12	WRI Careers — climate associate	Climate Associate (2026)	WRI	skipped_title
https://www.unjobnet.org/jobs/detail/irena-head-of-energy-and-socioeconomic-outlooks-iitc-p5-87417933	2026-08-12	UNjobnet — IRENA energy	Head of Energy and Socioeconomic Outlooks P5	IRENA	skipped_title
https://careers.southpole.com/jobs/7960448-managing-consultant-renewable-energy-solutions-1-year-contract	2026-08-12	South Pole careers	Managing Consultant – Renewable Energy Solutions (1yr contract)	South Pole	skipped_dup
https://careers.unops.org/careersmarketplace/JobDetail/Climate-Finance-Analyst-Retainer/2123	2026-08-12	UNOPS Careers — climate finance	Climate Finance Analyst – Retainer	UNOPS	skipped_dup
https://careers.ey.com/ey/job/Associate-Senior-Associate,-Climate-Change-and-Sustainability-Services,-Assurance-048583/1029272001/	2026-08-12	EY Careers — sustainability	Associate/Senior Associate Climate Change and Sustainability Services	EY	skipped_dup
https://careers.ey.com/ey/job/Bangkok-Assurance-Climate-Change-and-Sustainability_Staff-(Fresh-grads-welcome)-10110/1207201601/	2026-08-12	EY Bangkok — sustainability	Assurance Climate Change and Sustainability Staff	EY Bangkok	skipped_dup
https://careers.unops.org/careersmarketplace/JobDetail/Technical-Advisor-Energy-Transition/3705	2026-08-12	UNOPS Careers — energy	Technical Advisor – Energy Transition	UNOPS	skipped_dup
https://www.irena.org/employment/Career-Detail?jobId=NC0129.1	2026-08-12	IRENA Careers	Associate Programme Officer	IRENA	skipped_dup
https://jobs.undp.org/cj_view_job.cfm?cur_job_id=87881	2026-08-12	UNDP Jobs — fund design	Fund Design Junior Consultant (Re-Advertised)	UNDP	skipped_dup
https://www.impactpool.org/jobs/1191702	2026-08-12	Impactpool — WASH climate	WASH Climate Resilience Consultant	UNICEF	skipped_dup
https://www.impactpool.org/jobs/939361	2026-08-12	Impactpool — UNDP analyst	Programme Analyst – IPSA 8 (Home Based)	UNDP	skipped_dup
https://www.impactpool.org/jobs/965287	2026-08-12	Impactpool — UNDP analyst	Project Analyst – IPSA 8	UNDP	skipped_dup
https://www.unjobnet.org/jobs/detail/undp-programme-analyst-climate-change-water-energy-environment-open-to-internal-87437128	2026-08-12	UNjobnet — UNDP climate analyst	Programme Analyst – Climate Change, Water, Energy & Environment	UNDP	skipped_dup
https://www.unjobnet.org/jobs/detail/86332208	2026-08-12	UNjobnet — UNESCWA climate	Climate Change Consultant	UNESCWA	skipped_dup
https://careers.southpole.com/jobs/2977168-junior-associate-consultant-corporate-climate-targets	2026-08-12	South Pole careers	Junior Associate Consultant – Corporate Climate Targets	South Pole	skipped_dup
https://careers.southpole.com/jobs/7015526-managing-consultant-climate-risk-disclosure	2026-08-12	South Pole careers	Managing Consultant – Climate Risk & Disclosure	South Pole	skipped_dup
https://www.sei.org/people/jobs/research-associate-operationalization-raif-asia/	2026-08-12	SEI Asia — RAIF	Research Associate – Operationalization of RAIF in Asia	SEI Asia	skipped_dup
https://jobs.undp.org/cj_view_job.cfm?cur_job_id=88932	2026-08-13	UNDP jobs — climate finance	Climate Finance Consultant – Energy and Climate Change	UNDP	added
https://untalent.org/jobs/unep-finance-initiative-unep-fi-africa-and-middle-east-ame-regional-analyst	2026-08-13	untalent — UNEP	UNEP FI – Africa and Middle East Regional Analyst	UNEP	added
https://www.unjobnet.org/jobs/detail/85592976	2026-08-13	unjobnet — UNEP Bangkok	Programme Management Officer	UNEP	added
https://careers.un.org/jobSearchDescription/252728?language=en	2026-08-13	UN Careers — sustainability	Consultant / Environmental Sustainability Specialist	UN	added
https://jobs.undp.org/cj_view_job.cfm?cur_job_id=110113	2026-08-13	UNDP jobs — IPSA	Policy and Strategy Analyst – IPSA 9	UNDP	added
https://southasiacareers.deloitte.com/job/Colombo-Analyst-Sustainability/40894344	2026-08-13	Deloitte South Asia — sustainability	Analyst – Sustainability	Deloitte	added
https://southasiacareers.deloitte.com/job/Colombo-SRT-Sustainability-Associate-Consultant/46991044	2026-08-13	Deloitte South Asia — sustainability	SRT Sustainability – Associate Consultant	Deloitte	added
https://unjobs.org/vacancies/1778718924128	2026-08-13	unjobs — WWF Bangkok	Project Coordinator – Habitat Improvement	WWF	added
https://hrms.iucn.org/iresy/index.cfm?event=vac.show&vacId=11629&lang=en	2026-08-13	IUCN HRMS — Thailand	Field Project Associate	IUCN	added
https://jobs.lever.co/terrascope/e03bd0f3-a3d7-4bd7-8d29-cc06471ed8ca	2026-08-13	Lever — climate tech	Associate Climate Solutions	Terrascope	added
https://www.unjobnet.org/jobs/detail/85828318	2026-08-13	unjobnet — World Bank	Environmental and Social Development Specialist	World Bank	added
https://unjobs.org/vacancies/1779205028577	2026-08-13	unjobs — World Bank Dhaka	Extended Term Consultant Analyst	World Bank	added
https://worldbankgroup.csod.com/ux/ats/careersite/1/home/requisition/37522?c=worldbankgroup	2026-08-13	World Bank careers — climate	Extended Term Consultant – Climate Change	World Bank	added
https://worldbankgroup.csod.com/ux/ats/careersite/1/home/requisition/37958?c=worldbankgroup	2026-08-13	World Bank careers — climate finance	Operations Analyst – Climate and Sustainable Finance	World Bank	added
https://careers.un.org/jobSearchDescription/281881	2026-08-13	UN Careers — climate governance	Anti-Corruption and Climate Governance Consultant	UN	added
https://jobs.trellis.net/j/bloomberg-intelligence-esg-research-analyst-contract-862051791e64	2026-08-13	trellis — ESG research	ESG Research Analyst (Contract)	Bloomberg	added
https://jobs.undp.org/cj_view_job.cfm?cur_job_id=98324	2026-08-13	UNDP jobs — energy climate	Project Analyst – Energy / Climate Aggregation Platform	UNDP	added
https://jobs.ashbyhq.com/Watershed/dccdcaae-2521-47d5-a97e-c51bbd2537ee	2026-08-13	Ashby — climate tech	Sustainability Data Advisor	Watershed	added
https://www.terra.do/climate-jobs/job-board/Sustainability-and-Climate-Change-Expert-Tetra-Tech--Inc--8193939/	2026-08-13	terra.do — sustainability	Sustainability and Climate Change Expert	Tetra Tech	added
https://untalent.org/jobs/senior-energy-specialist-1	2026-08-13	untalent — ADB energy	Senior Energy Specialist	ADB	added
https://untalent.org/jobs/senior-climate-change-specialist-2	2026-08-13	untalent — ADB climate	Senior Climate Change Specialist	ADB	added
https://jobs.climatedraft.org/companies/sylvera/jobs/72978221-carbon-analyst	2026-08-13	climatedraft — carbon market	Carbon Analyst	Sylvera	added
https://www.impactpool.org/jobs/1136353	2026-08-13	Impactpool — UNDP	Technical Analyst – Climate Finance	UNDP	added
https://www.impactpool.org/jobs/1120313	2026-08-13	Impactpool — UNDP	Programme Analyst	UNDP	added
https://www.impactpool.org/jobs/1128516	2026-08-13	Impactpool — UNDP	Policy Analyst	UNDP	added
https://www.impactpool.org/jobs/963668	2026-08-13	Impactpool — GCF	Climate Policy Specialist	GCF	added
https://careers.unops.org/careersmarketplace/JobDetail/Chief-Climate-Officer/2882	2026-08-13	UNOPS careers — climate	Chief Climate Officer	UNOPS	skipped_title
https://www.impactpool.org/jobs/909982	2026-08-13	Impactpool — UNOPS	Programme Management – Senior Analyst	UNOPS	skipped_dup
https://www.impactpool.org/jobs/931578	2026-08-13	Impactpool — UNDP	Energy Analyst	UNDP	skipped_dup
https://careers.unops.org/careersmarketplace/JobDetail/Programme-Management-Office-PRMO-Analyst/2523	2026-08-13	UNOPS careers — PRMO	Programme Management Office Analyst	UNOPS	skipped_dup
https://jobs.undp.org/cj_view_job.cfm?cur_job_id=82223	2026-08-13	UNDP jobs — Asia Pacific	Climate Change Adaptation Asia-Pacific	UNDP	skipped_dup
https://careers.un.org/jobSearchDescription/273589?language=en	2026-08-13	UN Careers — regional	Senior Regional Expert	UN	skipped_title
https://careers.un.org/jobSearchDescription/274324?language=en	2026-08-13	UN Careers — Asia	Unknown Title	UN	skipped_dup
https://www.adb.org/careers/260676	2026-08-13	ADB careers — sustainable	Principal Sustainable Solutions Specialist	ADB	skipped_title
https://careers.unido.org/job/Vienna-Project-Monitoring-and-Reporting-Administrator/1362469755/	2026-08-14	UNIDO careers	Project Monitoring and Reporting Administrator	UNIDO	added
https://jobs.climatedraft.org/companies/beijing-climate-policy-initiative/jobs/46927432-junior-analyst-analyst-climate-energy-finance	2026-08-14	Climate Draft — CPI	Junior Analyst – Climate & Energy Finance	CPI Beijing	added
https://www.wri.org/careers/jobs/climate-associate-2026-jr100253	2026-08-14	WRI careers	Climate Associate	WRI	skipped_dup
https://www.devex.com/jobs/individual-consultant-fund-environmental-social-governance-esg-and-sustainability-1416704	2026-08-14	Devex	Individual Consultant – Fund ESG and Sustainability	IO/GCF	skipped_dup
https://untalent.org/jobs/ndc-consultant-1	2026-08-14	UNTalent	NDC Consultant	UNEP	skipped_dup
https://untalent.org/jobs/sustainability-consultant	2026-08-14	UNTalent — WRI	Sustainability Consultant	WRI	skipped_dup
https://untalent.org/jobs/unep-finance-initiative-unep-fi-africa-and-middle-east-ame-regional-analyst	2026-08-14	UNTalent — UNEP FI	Africa and ME Regional Analyst	UNEP FI	skipped_dup
https://jobs.greenclimate.fund/en/sites/CX_1001/job/3302	2026-08-14	GCF careers	Climate Investment Analyst – DECM	GCF	skipped_dup
https://www.impactpool.org/jobs/1213319	2026-08-14	Impactpool — GCF	Climate Investment Management Consultant Asia Pacific	GCF	skipped_dup
https://www.impactpool.org/jobs/1201675	2026-08-14	Impactpool — UNEP	Climate Services Financing and Sustainability Consultant	UNEP	skipped_dup
https://www.impactpool.org/jobs/1217377	2026-08-14	Impactpool — UNEP	Climate Finance and Stakeholders Engagement Analyst	UNEP	skipped_dup
https://untalent.org/jobs/operations-analyst-esg-advisory	2026-08-14	UNTalent — World Bank	Operations Analyst – ESG Advisory	World Bank	skipped_dup
https://untalent.org/jobs/carbon-markets-and-climate-finance-analyst	2026-08-14	UNTalent — UNDP	Carbon Markets and Climate Finance Analyst	UNDP	skipped_dup
https://untalent.org/jobs/climate-change-analyst-programming-and-innovation	2026-08-14	UNTalent — World Bank	Climate Change Analyst – Programming and Innovation	World Bank	skipped_dup
https://untalent.org/jobs/programme-finance-and-reporting-analyst	2026-08-14	UNTalent — UNEP	Programme Finance and Reporting Analyst	UNEP	skipped_dup
https://unjobs.org/vacancies/1761903087095	2026-08-14	UNjobs — ESCAP	Programme Associate Water and Climate Change Nexus Bangkok	ESCAP	skipped_dup
https://unjobs.org/vacancies/1761903085873	2026-08-14	UNjobs — ESCAP	National Climate Analysis Expert Bangkok	ESCAP	skipped_dup
https://unjobs.org/vacancies/1703026245808	2026-08-14	UNjobs — IEEFA	Sustainable Finance Analyst Asia	IEEFA	skipped_dup
https://careers.gggi.org/vacancy/climate-finance-senior-associate-611714.html	2026-08-14	GGGI careers	Climate Finance Senior Associate	GGGI	skipped_dup
https://careers.gggi.org/vacancy/sustainable-finance-associate-africa-598621.html	2026-08-14	GGGI careers	Sustainable Finance Associate Africa	GGGI	skipped_dup
https://careers.gggi.org/vacancy/indonesia-data-analyst-for-the-development-of-climate-finance-focal-point-cff-536922.html	2026-08-14	GGGI careers	Data Analyst Climate Finance Focal Point Indonesia	GGGI	skipped_dup
https://careers.gggi.org/vacancy/monitoring-evaluation-and-learning-mel-consultant-597027.html	2026-08-14	GGGI careers	MEL Consultant	GGGI	skipped_dup
https://careers.gggi.org/vacancy/thailand-consultant-for-green-finance-network-gfn-setup-100014324-599010.html	2026-08-14	GGGI careers	Thailand Consultant for Green Finance Network	GGGI	skipped_dup
https://careers.gggi.org/vacancy/forestry-consultant-614368.html	2026-08-14	GGGI careers	Forestry Consultant Paraguay	GGGI	skipped_dup
https://www.unjobnet.org/jobs/detail/82499011	2026-08-14	UNjobnet — UNDP	International Sustainability and Climate Resilience Consultant	UNDP	skipped_dup
https://jobs.greenclimate.fund/job/Incheon,-South-Korea-(ICN)-Evaluation-Data-Associate/902608301/	2026-08-14	GCF careers	Evaluation Data Associate	GCF	skipped_dup
https://www.wri.org/careers/jobs/research-analyst-power-sector-transition-2026-jr100383	2026-08-14	WRI careers	Research Analyst Power Sector Transition	WRI	skipped_dup
https://www.wri.org/careers/jobs/nilai-ekonomi-karbon-nek-policy-analyst-2026-jr100262	2026-08-14	WRI careers	NEK Policy Analyst Jakarta	WRI	skipped_dup
https://jobs.undp.org/cj_view_job.cfm?cur_job_id=92386	2026-08-14	UNDP jobs	Energy Consultant	UNDP	skipped_dup
https://jobs.undp.org/cj_view_job.cfm?cur_job_id=104680	2026-08-14	UNDP jobs	Individual Consultant Climate Change	UNDP	skipped_dup
https://careers.unops.org/careersmarketplace/JobDetail/Operations-Associate-Project-Support/3552	2026-08-15	UNOPS direct	Operations Associate (Project Support) – Bangkok	UNOPS	added
https://jobs.smartrecruiters.com/ecovadis/743999778103611-senior-sustainability-analyst	2026-08-15	SmartRecruiters — EcoVadis	Senior Sustainability Analyst – Singapore	EcoVadis	added
https://careers.southpole.com/jobs/7812414-senior-specialist-nature-based-solutions-nbs	2026-08-15	South Pole careers	Senior Specialist – Nature-Based Solutions	South Pole	added
https://careers.unops.org/careersmarketplace/JobDetail/Policy-Advisor/3989	2026-08-15	UNOPS direct	Policy Advisor – GPA Energy	UNOPS	added
https://careers.unops.org/careersmarketplace/JobDetail/Project-Management-Support-Senior-Officer/1371	2026-08-15	UNOPS direct	Project Management Support Senior Officer (South Asia)	UNOPS SAMCO	added
https://unjobs.org/vacancies/1723157860206	2026-08-15	UNjobs — South Pole	Managing Consultant – Agricultural Value Chains	South Pole	added
https://careers.unops.org/careersmarketplace/JobDetail/Project-Management-Support-Senior-Officer/2940	2026-08-15	UNOPS direct	Project Management Support Senior Officer	UNOPS	added
https://careers.unops.org/careersmarketplace/JobDetail/Project-Management-Support-Senior-Officer/2939	2026-08-15	UNOPS direct	Project Management Support Senior Officer	UNOPS	added
https://careers.unops.org/careersmarketplace/JobDetail/Project-Management-Support-Senior-Officer/3549	2026-08-15	UNOPS direct	Project Management Support Senior Officer	UNOPS	added
https://careers.unops.org/careersmarketplace/JobDetail/Project-Management-Support-Officer/3817	2026-08-15	UNOPS direct	Project Management Support Officer	UNOPS	added
https://careers.unops.org/careersmarketplace/JobDetail/Project-Management-Support-Officer/1202	2026-08-15	UNOPS direct	Project Management Support Officer	UNOPS	added
https://careers.unops.org/careersmarketplace/JobDetail/Project-Management-Support-Officer/2167	2026-08-15	UNOPS direct	Project Management Support Officer	UNOPS	added
https://careers.unops.org/careersmarketplace/JobDetail/Programme-Management-Advisor/2979	2026-08-15	UNOPS direct	Programme Management Advisor	UNOPS	added
https://careers.unops.org/careersmarketplace/JobDetail/Intern-Climate-Data/2905	2026-08-15	UNOPS direct	Intern (Climate & Data)	UNOPS	skipped_title
https://careers.southpole.com/jobs/8164691-customer-success-associate-luumo	2026-08-15	South Pole careers	Customer Success Associate, Luumo	South Pole	skipped_title
https://untalent.org/jobs/junior-programme-analyst-1	2026-08-17	untalent — UNDP	Junior Programme Analyst	UNDP	added
https://www.impactpool.org/jobs/1168009	2026-08-17	impactpool — UNDP	Programme Analyst	UNDP	added
https://www.impactpool.org/jobs/1187127	2026-08-17	impactpool — UNOPS	PMO Analyst	UNOPS	added
https://www.impactpool.org/jobs/1224980	2026-08-17	impactpool — UNOPS	PMO Senior Analyst	UNOPS	added
https://www.impactpool.org/jobs/844759	2026-08-17	impactpool — FAO	Young Professional Officer – Climate Data and Information Management	FAO	added
https://careers.un.org/jobSearchDescription/267132?language=en	2026-08-17	careers.un.org — UNEP	International Sustainability Consultant	UNEP	added
https://jobs.sea.deloitte.com/job/Bangkok-A&A-Analyst-%28Sustainability-&-Emerging-Assurance%29/1213218766	2026-08-17	Deloitte SEA	A&A Analyst – Sustainability & Emerging Assurance	Deloitte Bangkok	added
https://careers.unido.org/job/Vienna-Industrial-Development-Expert-Roster/1361843055/	2026-08-17	careers.unido.org	Industrial Development Expert (Roster)	UNIDO	added
https://www.impactpool.org/jobs/1139139	2026-08-17	impactpool — UNDP	Green Energy Analyst	UNDP	added
https://www.impactpool.org/jobs/944544	2026-08-17	impactpool — UNDP	Policy and Strategy Analyst – Energy and Climate Change	UNDP	added
https://www.developmentaid.org/jobs/view/1779037/programme-specialist-climate-r	2026-08-17	developmentaid.org	Programme Specialist – Climate	Unknown	added
https://untalent.org/jobs/special-consultant-for-the-escap-sustainable-business-network	2026-08-17	untalent — ESCAP	Special Consultant – Sustainable Business Network	ESCAP	added
https://untalent.org/jobs/national-ghg-mitigation-and-inventory-expert-energy-sector	2026-08-17	untalent — UNDP	National GHG Mitigation and Inventory Expert (Energy Sector)	UNDP	added
https://careers.unido.org/job/Mexico-City-Consultant-for-the-Regulatory-Diagnosis-and-Analysis-of-HFC-23-Policies/1362243555/	2026-08-17	careers.unido.org	Consultant – Regulatory Diagnosis and Analysis of HFC-23 Policies	UNIDO	added
https://www.devex.com/jobs/renewable-energy-policy-expert-454700	2026-08-17	devex.com	Renewable Energy Policy Expert	Devex	added
https://careers.unops.org/careersmarketplace/JobDetail/Project-Management-Support-Officer/1652	2026-08-18	UNOPS careers — PMS	Project Management Support Officer	UNOPS	added
https://careers.unops.org/careersmarketplace/JobDetail/Senior-Data-Analyst/1469	2026-08-18	UNOPS careers — data analyst	Senior Data Analyst	UNOPS	added
https://careers.unops.org/careersmarketplace/JobDetail/Regional-Policy-and-Technical-Sustainability-Advisor-Retainer/1627	2026-08-18	UNOPS careers — sustainability	Regional Policy and Technical Sustainability Advisor (Retainer)	UNOPS	added
https://untalent.org/jobs/subnational-climate-finance-and-sustainable-buildings-consultant	2026-08-18	untalent — UNEP	Subnational Climate Finance and Sustainable Buildings Consultant	UNEP	added
https://unjobs.org/vacancies/1786446738209	2026-08-18	unjobs — GGGI	Associate, Norwegian Article 6 Climate Action (NACA) Fund	GGGI	added
https://jobs.unops.org/pages/viewvacancy/vadetails.aspx?id=30548	2026-08-18	unjobs — UNOPS old	Project Management Support - Senior Officer	UNOPS	skipped_dup
https://jobs.unops.org/pages/viewvacancy/VADetails.aspx?id=29829	2026-08-18	unjobs — UNOPS old	Project Management Support - Senior Analyst	UNOPS	skipped_dup
https://jobs.unops.org/pages/viewvacancy/VADetails.aspx?id=30579	2026-08-18	unjobs — UNOPS old	Project Management Support - Senior Associate	UNOPS	skipped_dup
https://jobs.unops.org/pages/viewvacancy/VADetails.aspx?id=30019	2026-08-18	unjobs — UNOPS old	Project Management Support - Officer	UNOPS	skipped_dup
https://unjobs.org/vacancies/598612	2026-08-18	unjobs — GGGI	GGGI vacancy	GGGI	skipped_dup
https://unjobs.org/vacancies/578693	2026-08-18	unjobs — GGGI	GGGI vacancy	GGGI	skipped_dup
https://unjobs.org/vacancies/598012	2026-08-18	unjobs — GGGI	GGGI vacancy	GGGI	skipped_dup
https://untalent.org/jobs/carbon-markets-and-climate-finance-analyst	2026-08-18	untalent — climate finance	Carbon Markets and Climate Finance Analyst	Unknown	skipped_dup
https://untalent.org/jobs/climate-policy-and-energy-transition-advisor	2026-08-18	untalent — climate policy	Climate Policy and Energy Transition Advisor	Unknown	skipped_dup
https://www.impactpool.org/jobs/1217377	2026-08-18	impactpool — UNEP	Climate Finance Analyst	UNEP	skipped_dup
https://www.impactpool.org/jobs/1181975	2026-08-18	impactpool — GGGI	GGGI Thailand vacancy	GGGI	skipped_dup
https://www.impactpool.org/jobs/1073468	2026-08-18	impactpool — GGGI	GGGI Thailand vacancy	GGGI	skipped_dup
https://www.impactpool.org/jobs/1103491	2026-08-18	impactpool — GGGI	GGGI Thailand vacancy	GGGI	skipped_dup
https://www.impactpool.org/jobs/1061077	2026-08-18	impactpool — GGGI	GGGI Thailand vacancy	GGGI	skipped_dup
https://careers.unido.org/job/Vienna-Project-Monitoring-and-Reporting-Administrator/1362469755/	2026-08-18	careers.unido.org — UNIDO	Project Monitoring and Reporting Administrator	UNIDO	skipped_dup
https://www.devex.com/jobs/esg-research-analyst-744245	2026-08-18	devex.com — ESG	ESG Research Analyst	Unknown	skipped_dup
https://www.devex.com/jobs/esg-risk-consultant-738312	2026-08-18	devex.com — ESG	ESG Risk Consultant	Unknown	skipped_dup
https://www.aiib.org/en/opportunities/career/job-vacancies/staff/job-details/Investment-Associate.html	2026-08-19	UN/IO sustainability	Investment Associate	AIIB	added
https://careers.un.org/jobSearchDescription/265377?language=en	2026-08-19	UN/IO sustainability	Associate Programme Officer, DECI/IE (Temporary), P2	UN	added
https://jobs.ilo.org/job/Geneva-Project-Technical-Officer-(80)-1200/1204952201/	2026-08-19	UN/IO sustainability	Project Technical Officer (80%)	ILO	added
https://jobs.ilo.org/job/Project-Manager-P4/13717-en_GB	2026-08-19	UN/IO sustainability	Project Manager P4	ILO	added
https://jobs.ilo.org/job/National-Project-Officer-Grant-Officer-NOA-(DC)/13745-en_GB	2026-08-19	UN/IO sustainability	National Project Officer - Grant Officer NOA (DC)	ILO	added
https://jobs.fao.org/careersection/fao_external/jobdetail.ftl?lang=en&job=2201011	2026-08-19	UN/IO sustainability	Climate Change Effects on Agricultural Value Chains (National Consultant)	FAO	added
https://builtin.com/job/esg-research-associate-sdgs/7105584	2026-08-19	Carbon/green finance	ESG Research Associate (SDGs)	ISS ESG	added
https://www.idealist.org/en/consultant-job/c3170c6f20a64943818c4a970fefd6d6-senior-associate-climate-solutions-cea-consulting-san-francisco	2026-08-19	Carbon/green finance	Senior Associate, Climate Solutions	CEA Consulting	added
https://www.developmentaid.org/tenders/view/1607507/	2026-08-19	Carbon/green finance	Policy and Regulations Expert – Accelerating Climate Transitions through Green Finance in Southeast Asia	ADB / GCF / FCDO / EC	added
https://devjobsindo.org/ngo-jobs/advisor-renewable-energy-expansion-procurement-strategy-re2grid-project-energy-transition-cluster/	2026-08-19	Carbon/green finance	Advisor, Renewable Energy Expansion & Procurement Strategy (RE2GRID)	GIZ	added
https://opportunitiesforeveryone.net/giz-is-hiring-for-an-infrastructure-and-energy-consultant-apply-now/	2026-08-19	Carbon/green finance	Infrastructure and Energy Consultant	GIZ	added
https://www.impactpool.org/jobs/1112922	2026-08-19	ESG consulting	Sustainable Finance & ESG Officer	GGGI	added
https://appliedeconjobs.substack.com/p/gender-environment-and-justice-team	2026-08-19	Research orgs	Gender, Environment, and Justice Team Lead and Researcher	Stockholm Environment Institute Asia (SEI Bangkok)	added
https://unjoblink.org/job/climate-finance-analyst/	2026-08-19	Research orgs	Climate Finance Analyst	UN	added
https://unjobs.org/vacancies/1785174883347	2026-08-19	Research orgs	Analyst – Mumbai / New Delhi	Dalberg	added
https://jobs.undp.org/cj_view_job.cfm?cur_job_id=42700	2026-08-19	UN/IO sustainability	Consultant - Climate Change Research Analyst	UNDP	skipped_dup
https://jobs.undp.org/cj_view_job.cfm?cur_job_id=88932	2026-08-19	UN/IO sustainability	Climate Finance Consultant - Energy and Climate Change	UNDP GEF	skipped_dup
https://jobs.undp.org/cj_view_job.cfm?cur_job_id=42699	2026-08-19	UN/IO sustainability	Consultant - Climate Change Policy Specialist	UNDP	skipped_dup
https://jobs.undp.org/cj_view_job.cfm?cur_job_id=60650	2026-08-19	UN/IO sustainability	Sustainable Energy Consultant	UNDP	skipped_dup
https://jobs.undp.org/cj_view_job.cfm?cur_job_id=92386	2026-08-19	UN/IO sustainability	Energy Consultant	UNDP	skipped_dup
https://careers.unido.org/job/Vienna-Project-Coordinator/1354738755/	2026-08-19	UN/IO sustainability	Project Coordinator	UNIDO	skipped_dup
https://careers.gggi.org/vacancy/carbon-pricing-senior-officer-578695.html	2026-08-19	UN/IO sustainability	Carbon Pricing Senior Officer	GGGI	skipped_dup
https://careers.gggi.org/vacancy/ic-financial-expert-consultant-606118.html	2026-08-19	UN/IO sustainability	IC - Financial Expert Consultant	GGGI	skipped_dup
https://www.aiib.org/en/opportunities/career/job-vacancies/graduate-program/job-details/investment-analyst41.html	2026-08-19	UN/IO sustainability	Investment Analyst	AIIB	skipped_dup
https://www.aiib.org/en/opportunities/career/job-vacancies/graduate-program/job-details/Investment-Analyst-Infrastructure-Region-1.html	2026-08-19	UN/IO sustainability	Investment Analyst - Infrastructure, Region 1	AIIB	skipped_dup
https://www.aiib.org/en/opportunities/career/job-vacancies/graduate-program/job-details/investment-analyst-infrastructure60.html	2026-08-19	UN/IO sustainability	Investment Analyst - Infrastructure	AIIB	skipped_dup
https://careers.un.org/jobSearchDescription/235339	2026-08-19	UN/IO sustainability	Associate Programme Management Officer	UN	skipped_dup
https://careers.un.org/jobSearchDescription/254689?language=en	2026-08-19	UN/IO sustainability	Climate Change Analyst	UN	skipped_dup
https://careers.un.org/jobSearchDescription/261340?language=en	2026-08-19	UN/IO sustainability	Climate Policy and Energy Transition Advisor	UN	skipped_dup
https://careers.un.org/jobSearchDescription/277103?language=en	2026-08-19	UN/IO sustainability	Associate Programme Officer, OED/SPPG (Temporary), P2	UN	skipped_dup
https://careers.un.org/jobSearchDescription/252728?language=en	2026-08-19	UN/IO sustainability	Consultant / Environmental Sustainability Specialist	UN	skipped_dup
https://jobs.ilo.org/job/Project-Manager/13704-en_GB	2026-08-19	UN/IO sustainability	Project Manager	ILO	skipped_dup
https://jobs.ilo.org/job/Geneva-Programme-and-Operations-Analyst-1200/1004489601/	2026-08-19	UN/IO sustainability	Programme and Operations Analyst	ILO	skipped_dup
https://jobs.fao.org/careersection/fao_external/jobdetail.ftl?job=2500920	2026-08-19	UN/IO sustainability	Climate Change and Sustainable Agriculture	FAO	skipped_dup
https://jobs.fao.org/careersection/fao_external/jobdetail.ftl?job=2403266	2026-08-19	UN/IO sustainability	Climate Change and Energy Specialist	FAO	skipped_dup
https://jobs.fao.org/careersection/fao_external/jobdetail.ftl?lang=en&job=2502977	2026-08-19	UN/IO sustainability	National Specialist - Climate Change, GIS	FAO	skipped_dup
https://jobs.fao.org/careersection/fao_external/jobdetail.ftl?lang=en&job=2400558	2026-08-19	UN/IO sustainability	National Climate Change Specialist	FAO	skipped_dup
https://jobs.fao.org/careersection/fao_external/jobdetail.ftl?job=2500809	2026-08-19	UN/IO sustainability	Climate Change Specialist	FAO	skipped_dup
https://jobs.fao.org/careersection/fao_external/jobdetail.ftl?lang=en&job=2600368	2026-08-19	UN/IO sustainability	Project Analyst and Reporting Specialist	FAO	skipped_dup
https://jobs.fao.org/careersection/fao_external/jobdetail.ftl?lang=en&job=2501643	2026-08-19	UN/IO sustainability	Environment and Climate Change Specialist	FAO	skipped_dup
https://jobs.fao.org/careersection/fao_external/jobdetail.ftl?lang=en&job=2501417	2026-08-19	UN/IO sustainability	National Climate Change Expert	FAO	skipped_dup
https://jobs.fao.org/careersection/fao_external/jobdetail.ftl?job=2501593	2026-08-19	UN/IO sustainability	Climate Change Specialist (2 positions)	FAO	skipped_dup
https://tw.linkedin.com/jobs/view/sustainability-consultant-esg-consulting-office-taipei-at-delta-electronics-4202799125	2026-08-19	Asia sustainability	Sustainability Consultant - ESG Consulting Office (Taipei)	Delta Electronics	skipped_dup
https://hk.linkedin.com/jobs/view/esg-research-analyst-remote-position-multiple-openings-at-transition-asia-3818874025	2026-08-19	Asia sustainability	ESG Research Analyst (Remote; multiple openings)	Transition Asia	skipped_dup
https://sg.linkedin.com/jobs/view/esg-and-sustainable-development-analyst-at-cycle-carriage-singapore-2947062728	2026-08-19	Asia sustainability	ESG and Sustainable Development Analyst	Cycle & Carriage Singapore	skipped_dup
https://www.linkedin.com/jobs/view/senior-programme-manager-climate-justice-at-unops-4258849021	2026-08-19	Asia sustainability	Senior Programme Manager (Climate Justice)	UNOPS	skipped_dup
https://www.mycareersfuture.gov.sg/job/natural-climate-solutions-analyst-asia-pacific-conservation-international-asia-pacific-cb773e426fda02251f090166fe698f8b	2026-08-19	Asia sustainability	Natural Climate Solutions Analyst, Asia Pacific	Conservation International Asia Pacific	skipped_dup
https://www.mycareersfuture.gov.sg/job/esg-sustainability-consultant-iso-consultants-f044bd689775b35144232e319a43e843	2026-08-19	Asia sustainability	ESG & Sustainability Consultant	ISO Consultants	skipped_dup
https://www.mycareersfuture.gov.sg/job/sustainability-esg-consultant-sgs-international-certification-services-singapore-5d354dc72aa8d2b95397167a19dac97b	2026-08-19	Asia sustainability	Sustainability & ESG Consultant	SGS International Certification Services	skipped_dup
https://www.mycareersfuture.gov.sg/job/consulting/sustainability-analyst-csrworks-international-8753e825f8511d73ddd1d467138394be	2026-08-19	Asia sustainability	Sustainability Analyst	CSRWorks International	skipped_dup
https://www.mycareersfuture.gov.sg/job/consulting/esg-intelligence-analyst-associate-eco-business-d5d27109f17a48bdfc7b8ce689360332	2026-08-19	Asia sustainability	ESG Intelligence Analyst / Associate	Eco-Business	skipped_dup
https://www.mycareersfuture.gov.sg/job/sustainability-consultant-unravel-carbon-aadcf600f46baee6c897be62db3215d6	2026-08-19	Asia sustainability	Sustainability Consultant	Unravel Carbon	skipped_dup
https://www.mycareersfuture.gov.sg/job/environment/senior-researcher-esg-carbon-capture-sustainable-finance-tangspac-consulting-d9186a6bd21bb9d7c5d31427271362a1	2026-08-19	Asia sustainability	Senior Researcher - ESG / Carbon Capture / Sustainable Finance	Tangspac Consulting	skipped_dup
https://www.bsr.org/en/careers/job-openings/specialist-sustainability-procurement	2026-08-19	Carbon/green finance	Specialist, Sustainability Procurement	BSR	skipped_dup
https://workingreen.jobs/offers/environmental-social-governance-esg-analyst-at-beyond-meat-el-segundo-ca	2026-08-19	Carbon/green finance	Environmental, Social & Governance (ESG) Analyst	Beyond Meat	skipped_dup
https://workingreen.jobs/offers/portfolio-esg-analyst-associate-at-octopus-energy-london-uk	2026-08-19	Carbon/green finance	Portfolio ESG Analyst/Associate	Octopus Energy	skipped_dup
https://untalent.org/jobs/unep-finance-initiative-unep-fi-africa-and-middle-east-ame-regional-analyst	2026-08-19	Carbon/green finance	UNEP FI - Africa and Middle East (AME) Regional Analyst	UNEP	skipped_dup
https://untalent.org/jobs/carbon-markets-and-climate-finance-analyst	2026-08-19	Carbon/green finance	Carbon Markets and Climate Finance Analyst	UNDP	skipped_dup
https://untalent.org/jobs/sustainability-consultant	2026-08-19	Carbon/green finance	Sustainability Consultant	WRI	skipped_dup
https://untalent.org/jobs/environmental-sustainability-and-green-spaces-consultant	2026-08-19	Carbon/green finance	Environmental Sustainability and Green Spaces Consultant	OHCHR	skipped_dup
https://untalent.org/jobs/climate-policy-and-energy-transition-advisor	2026-08-19	Carbon/green finance	Climate Policy and Energy Transition Advisor	UNEP	skipped_dup
https://www.bsr.org/en/careers/job-openings/esg-communications-and-reporting-associate	2026-08-19	ESG consulting	ESG Communications and Reporting Associate	BSR	skipped_dup
https://www.impactpool.org/jobs/1217377	2026-08-19	ESG consulting	Climate Finance and Stakeholders Engagement Analyst	UNEP	skipped_dup
https://www.impactpool.org/jobs/1177972	2026-08-19	ESG consulting	Individual Consultant: Environmental, Social and Governance (ESG) Specialist	GGGI	skipped_dup
https://www.impactpool.org/jobs/1083883	2026-08-19	ESG consulting	Junior Sustainability Consultant	GGGI	skipped_dup
https://www.devex.com/jobs/environmental-social-and-governance-esg-research-analyst-744245	2026-08-19	ESG consulting	Environmental, Social and Governance (ESG) Research Analyst	Unknown	skipped_dup
https://www.devex.com/jobs/environmental-social-and-governance-esg-specialist-usaid-thailand-pagi-1260041	2026-08-19	ESG consulting	Environmental, Social, and Governance (ESG) Specialist, USAID/Thailand PAGI	USAID	skipped_dup
https://www.devex.com/jobs/senior-knowledge-analyst-social-impact-1262900	2026-08-19	ESG consulting	Senior Knowledge Analyst, Social Impact	Unknown	skipped_dup
https://reliefweb.int/job/3998840/climate-resilience-training-and-capacity-development-officer	2026-08-19	ESG consulting	Climate Resilience Training and Capacity Development Officer - Thailand	Unknown	skipped_dup
https://reliefweb.int/job/3872314/senior-consultant-climate-change-policy-analysis	2026-08-19	ESG consulting	Senior Consultant for Climate Change Policy Analysis	FHI 360	skipped_dup
https://reliefweb.int/job/3922173/disaster-risk-reduction-and-climate-change-analyst-partnerships-infrastructure	2026-08-19	ESG consulting	Disaster Risk Reduction and Climate Change Analyst - Thailand	Partnerships for Infrastructure (P4I)	skipped_dup
https://www.climatechangecareers.com/job/erm/shanghai-china/consulting-associate-senior-associate-corporate-sustainability-climate-change/	2026-08-19	ESG consulting	Consulting Associate / Senior Associate - Corporate Sustainability & Climate Change	ERM	skipped_dup
https://www.climatechangecareers.com/job/kaleidoscope/remote/sustainability-strategy-analyst/	2026-08-19	ESG consulting	Sustainability Strategy Analyst	Kaleidoscope	skipped_dup
https://www.climatechangecareers.com/job/erm/seoul-south-korea/consulting-senior-associate-corporate-sustainability-climate-change/	2026-08-19	ESG consulting	Consulting Senior Associate - Corporate Sustainability & Climate Change	ERM	skipped_dup
https://www.climatechangecareers.com/job/wsp-in-india/noida-india/associate-consultant-esg-climate-change-and-carbon/	2026-08-19	ESG consulting	Associate Consultant - ESG, Climate Change and Carbon	WSP in India	skipped_dup
https://www.climatechangecareers.com/job/sei/remote/strategic-energy-management-associate/	2026-08-19	ESG consulting	Strategic Energy Management Associate	SEI	skipped_dup
https://www.climatechangecareers.com/job/ngo-recruitment/singapore-singapore/senior-climate-associate-east-asia-protein-transition-team/	2026-08-19	ESG consulting	Senior Climate Associate - East Asia Protein Transition Team	NGO Recruitment (Singapore)	skipped_dup
https://www.climatechangecareers.com/job/decoding-impact/bengaluru-india/associate-consultant-climate/	2026-08-19	ESG consulting	Associate Consultant, Climate	Decoding Impact	skipped_dup
https://www.sei.org/people/jobs/research-fellow-gender-inclusive-climate-finance/	2026-08-19	Research orgs	Research Fellow – Gender Inclusive Climate Finance	Stockholm Environment Institute (SEI)	skipped_dup
https://www.sei.org/people/jobs/research-fellow-bankable-climate-adaptation/	2026-08-19	Research orgs	Research Fellow – Bankable Climate Adaptation Solutions and Finance Mechanisms	Stockholm Environment Institute (SEI)	skipped_dup
https://community.iisd.org/jobs/climate-finance-consultant-ndc-partnership/	2026-08-19	Research orgs	Climate Finance Consultant	NDC Partnership	skipped_dup
https://untalent.org/jobs/ndc-consultant-1	2026-08-19	Research orgs	NDC Consultant	UNEP	skipped_duphttps://www.impactpool.org/jobs/1163051	2026-08-20	UN/IO jobs	Climate Action Program Officer	GGGI	added
https://newclimate.org/about-us/working-with-us/senior-content-lead-european-climate-policy-and-transition-strategies-r	2026-08-20	Research orgs	Senior content lead – European Climate Policy and Transition Strategies	NewClimate Institute	added
https://www.impactpool.org/jobs/897220	2026-08-20	UN/IO jobs	Climate Programme Officer	UNOPS	added
https://unops.org/people/jobs/research-fellow-gender-inclusive-climate-finance/	2026-08-20	Research orgs	Research Fellow – Gender Inclusive Climate Finance	SEI	skipped_dup
https://www.impactpool.org/jobs/1225002	2026-08-20	UN/IO jobs	Associate – Climate Finance	GCF	skipped_dup
https://www.devex.com/jobs/consultant-climate-policy-455100	2026-08-20	Aggregators	Consultant – Climate Policy	Devex	skipped_dup
https://www.unep.org/about-un-environment/jobs/vacancies	2026-08-20	UN/IO jobs	UNEP Vacancies (portal)	UNEP	skipped_dup
https://www.impactpool.org/jobs/1207000	2026-08-20	UN/IO jobs	Climate Analyst	UNOPS	skipped_dup
https://www.brightspot.co/careers	2026-08-20	Aggregators	Climate Change Analyst	Brightspot	skipped_title
https://jobs.missionbox.com/sustainability-analyst	2026-08-20	Aggregators	Sustainability Analyst	Unknown	skipped_dup
https://www.impactpool.org/jobs/734456	2026-08-21	UN/IO jobs	Technical Consultant on Climate and Disaster Resilience	UNICEF Bangkok	added
https://untalent.org/jobs/programme-analyst-carbon-market	2026-08-21	UNtalent — carbon markets	Programme Analyst (Carbon Market)	UNDP	added
https://untalent.org/jobs/carbon-markets-specialist	2026-08-21	UNtalent — carbon markets	Carbon Markets Specialist	UNEP	added
https://jobs.giz.de/index.php?ac=jobad&id=66612	2026-08-21	GIZ jobs	Junior Advisor Demand-Side Subsidies Energising Development	GIZ	added
https://www.climatechangecareers.com/job/un-environment-programme/bangkok-thailand/programme-management-officer/	2026-08-21	Climate Change Careers — Bangkok	Programme Management Officer	UNEP	added
https://builtin.com/job/program-associate-thailand/3023382	2026-08-21	BuiltIn — Thailand	Program Associate Thailand	Unknown	added
https://jobs.undp.org/cj_view_job.cfm?cur_job_id=109093	2026-08-22	UNDP Jobs — Research Analyst	Research Analyst (Bangkok NPSA-9)	UNDP	added
https://jobs.undp.org/cj_view_job.cfm?cur_job_id=105732	2026-08-22	UNDP Jobs — Research Analyst	Research Analyst	UNDP	added
https://jobs.undp.org/cj_view_job.cfm?cur_job_id=104216	2026-08-22	UNDP Jobs — Research Analyst	Research Analyst	UNDP	added
https://jobs.undp.org/cj_view_job.cfm?cur_job_id=94924	2026-08-22	UNDP Jobs — Climate Finance	Climate Finance Expert	UNDP	added
https://www.impactpool.org/jobs/1122470	2026-08-22	Impactpool — UNDP	Research Analyst	UNDP	added
https://www.impactpool.org/jobs/550826	2026-08-22	Impactpool — UNICEF EAPRO	Consultancy - Accelerating Climate Actions for Children	UNICEF EAPRO	added
https://careers.unops.org/careersmarketplace/JobDetail/Health-Safety-Social-and-Environmental-Senior-Analyst-Analysis-and-Reporting/1845	2026-08-22	UNOPS Careers	Health Safety Social Environmental Senior Analyst	UNOPS	added
https://www.unescap.org/node/43149	2026-08-22	ESCAP — Bangkok	Project Coordinator	UN ESCAP	added
https://www.impactpool.org/jobs/1147706	2026-08-22	Impactpool — ADB	Environment Specialist	ADB	added
https://www.devex.com/jobs/2026-research-analyst-1416856	2026-08-22	Devex — Research Analyst	Research Analyst 2026	Devex listing	added
https://www.devex.com/jobs/investment-analyst-energy-transition-1364497	2026-08-22	Devex — Energy Transition	Investment Analyst - Energy Transition	Devex listing	added
https://reliefweb.int/job/4088991/monitoring-and-reporting-mr-specialist	2026-08-22	ReliefWeb — Thailand	Monitoring and Reporting Specialist	Unknown/NGO Thailand	added
https://jobs.undp.org/cj_view_job.cfm?cur_job_id=110138	2026-08-22	UNDP Jobs — Programme Analyst	Programme Analyst IPSA 8	UNDP	skipped_dup
https://jobs.undp.org/cj_view_job.cfm?cur_job_id=110145	2026-08-22	UNDP Jobs — Junior Programme Analyst	Junior Programme Analyst	UNDP	skipped_dup
https://jobs.undp.org/cj_view_job.cfm?cur_job_id=97291	2026-08-22	UNDP Jobs — Policy Analyst	Policy Analyst	UNDP	skipped_dup
https://jobs.undp.org/cj_view_job.cfm?cur_job_id=89118	2026-08-22	UNDP Jobs — Junior Analyst	Junior Analyst Consultant Energy and Climate	UNDP	skipped_dup
https://careers.gggi.org/vacancy/monitoring-evaluation-and-learning-mel-consultant-597027.html	2026-08-22	GGGI Careers — MEL	Monitoring Evaluation and Learning Consultant	GGGI	skipped_dup
https://jobs.greenclimate.fund/en/sites/CX_1001/job/3302	2026-08-22	GCF — Climate Investment Analyst	Climate Investment Analyst DECM	GCF	skipped_dup
https://www.unescap.org/node/43309	2026-08-22	ESCAP — Bangkok	Disaster Risk Reduction Consultant	UN ESCAP	skipped_dup
https://www.wri.org/careers/jobs/energy-research-analyst-2026-jr100186	2026-08-22	WRI Careers — Jakarta	Energy Research Analyst	WRI	skipped_dup
https://www.wri.org/careers/jobs/research-analyst-power-sector-transition-2026-jr100383	2026-08-22	WRI Careers — DC	Research Analyst Power Sector Transition	WRI	skipped_dup
https://www.devex.com/jobs/environmental-social-and-governance-esg-research-analyst-sector-based-screening-664346	2026-08-22	Devex — ESG	ESG Research Analyst Sector-Based Screening	Various	skipped_dup
https://www.devex.com/jobs/esg-reporting-and-disclosures-analyst-associate-environmental-and-social-governance-1245124	2026-08-22	Devex — ESG Reporting	ESG Reporting and Disclosures Analyst/Associate	Various	skipped_dup
https://reliefweb.int/job/3922173/disaster-risk-reduction-and-climate-change-analyst-partnerships-infrastructure	2026-08-22	ReliefWeb — Thailand	Disaster Risk Reduction and Climate Change Analyst	Partnerships for Infrastructure	skipped_dup
https://reliefweb.int/job/4074119/climate-change-and-partnership-project-officer	2026-08-22	ReliefWeb — Thailand	Climate Change and Partnership Project Officer	Various	skipped_dup
https://reliefweb.int/job/4040716/climate-action-specialist-and-coordinator	2026-08-22	ReliefWeb — Thailand	Climate Action Specialist and Coordinator	Various	skipped_dup
https://jobs.giz.de/index.php?ac=jobad&id=78602&language=2	2026-08-22	GIZ Jobs — GCF	Intern GCF Business Development	GIZ	skipped_title
https://jobs.giz.de/index.php?ac=jobad&id=78849&language=2	2026-08-22	GIZ Jobs	Advisor Desalination	GIZ	skipped_title
https://careers.unido.org/job/Brasilia-National-Project-Coordinator/1363438655/	2026-08-22	UNIDO Careers — Brazil	National Project Coordinator Brazil	UNIDO	skipped_title
https://jobs.undp.org/cj_view_job.cfm?cur_job_id=95329	2026-08-22	UNDP Jobs — Data Analyst	National Consultant Data Analyst	UNDP	skipped_title
https://jobs.giz.de/index.php?ac=jobad&id=42700	2026-08-22	UNDP Jobs — old	Climate Change Research Analyst	UNDP	skipped_dup
https://careers.gggi.org/vacancy/individual-consultant-feasibility-study-for-organic-waste-valorization-607916.html	2026-08-22	GGGI Careers — Costa Rica	Individual Consultant Feasibility Study Organic Waste	GGGI	skipped_title
https://careers.gggi.org/vacancy/project-officer-green-growth-and-climate-change-567856.html	2026-08-22	GGGI Careers — Jordan	Project Officer Green Growth and Climate Change	GGGI	skipped_title
https://www.adb.org/careers/250958	2026-08-22	ADB — Adaptation	Adaptation Solutions Specialist	ADB	skipped_title
https://www.adb.org/careers/260676	2026-08-22	ADB — Sustainable Solutions	Principal Sustainable Solutions Specialist	ADB	skipped_title
https://jobs.undp.org/cj_view_job.cfm?cur_job_id=89116	2026-08-23	UNDP jobs	Communications Consultant - Energy and Climate Change	UNDP	added
https://jobs.undp.org/cj_view_job.cfm?cur_job_id=100493	2026-08-23	UNDP jobs	Individual Consultant – Energy Efficiency Consultant	UNDP	added
https://jobs.undp.org/cj_view_job.cfm?cur_job_id=101425	2026-08-23	UNDP jobs	Programme Officer	UNDP	added
https://th.linkedin.com/jobs/view/managing-consultant-corporate-sustainability-and-climate-change-at-erm-3596186487	2026-08-23	LinkedIn	Managing Consultant - Corporate Sustainability and Climate Change	ERM	added
https://careers.unido.org/job/Mexico-City-National-Ozone-Office-Coordinator/1364426255/	2026-08-23	UNIDO careers	National Ozone Office Coordinator	UNIDO	added
https://www.climatebase.org/job/64337306/ehs-consulting-associatesenior-associate	2026-08-23	ClimateBase	EHS Consulting Associate/Senior Associate	ERM	added
https://climatebase.org/job/59752657/expression-of-interest---corporate-sustainability--climate-change-consultant	2026-08-23	ClimateBase	Expression of Interest - Corporate Sustainability & Climate Change Consultant	ERM	added
https://jobs.undp.org/cj_view_job.cfm?cur_job_id=88524	2026-08-23	UNDP jobs	Programme and Policy Consultant for UNDP-GEF	UNDP	added
https://jobs.undp.org/cj_view_job.cfm?cur_job_id=42441	2026-08-23	UNDP jobs	Programme Analyst - Climate Change	UNDP	added
https://careers.unido.org/job/Home-Based-Chief-Technical-Advisor/1362107255/	2026-08-23	UNIDO careers	Chief Technical Advisor	UNIDO	skipped_title
https://careers.unido.org/job/Tunis-National-Expert-on-Access-to-Finance/1364427055/	2026-08-23	UNIDO careers	National Expert on Access to Finance	UNIDO	skipped_title
https://jobs.undp.org/cj_view_job.cfm?cur_job_id=103482	2026-08-24	UNDP Jobs — Junior Analyst	Junior Programme Analyst	UNDP	added
https://jobs.undp.org/cj_view_job.cfm?cur_job_id=104518	2026-08-24	UNDP Jobs — Junior Analyst	Junior Programme Analyst IPSA 8	UNDP	added
https://jobs.undp.org/cj_view_job.cfm?cur_job_id=105333	2026-08-24	UNDP Jobs — Programme Analyst	Programme Analyst	UNDP	added
https://careers.unops.org/careersmarketplace/JobDetail/Climate-Change-Adaptation-Officer-Home-based-Retainer-Pretoria-South-Africa/4260	2026-08-24	UNOPS Careers — Climate	Climate Change Adaptation Officer	UNOPS	added
https://www.impactpool.org/jobs/1199629	2026-08-24	Impactpool — UNEP Thailand	CCAC National Coordinator for Thailand	UNEP	added
https://www.impactpool.org/jobs/1212777	2026-08-24	Impactpool — GGGI	Article 6 - Restoration Permanence Analysis Consultant	GGGI	added
https://climatebase.org/job/62220049/consultant-environmental-data--analytics	2026-08-24	Climatebase — Consultant	Consultant, Environmental Data & Analytics	Climatebase	added
https://www.impactpool.org/jobs/862052	2026-08-24	Impactpool — FHI360	Sustainability and Impact Consultant (Thailand)	FHI 360	added
https://www.linkedin.com/jobs/view/esg-consultant-cgs-at-scg-4280557635	2026-08-24	LinkedIn — SCG ESG	ESG Consultant - CGS	SCG	added
https://unjobs.org/vacancies/1763405251453	2026-08-24	UNjobs — GGGI Bangkok	Consultant for Green Finance Network	GGGI	added
https://unjobs.org/vacancies/1765247460856	2026-08-24	UNjobs — ESCAP Finance	Sustainable Finance Consultant, Bangkok	ESCAP	added
https://unjobs.org/vacancies/1775198057786	2026-08-24	UNjobs — ESCAP Sinking Cities	Consultant - Sinking Cities Project, Bangkok	ESCAP	added
https://unjobs.org/vacancies/1761903085873	2026-08-24	UNjobs — ESCAP Climate	National Climate Analysis Expert, Bangkok	ESCAP	added
https://unjobs.org/vacancies/1770190363610	2026-08-24	UNjobs — UNEP Energy	Renewable Energy & Access to Finance Coaching Expert, Bangkok	UNEP	added
https://unjobs.org/vacancies/1674676047784	2026-08-24	UNjobs — ESCAP Advisor	Cities and Climate Change Technical Advisor, Thailand	ESCAP	added
https://www.devex.com/jobs/environmental-social-and-governance-esg-specialist-usaid-thailand-pagi-1260041	2026-08-24	Devex — ESG USAID Thailand	ESG Specialist, USAID/Thailand PAGI	USAID Thailand	added
https://www.devex.com/jobs/individual-consultant-fund-environmental-social-governance-esg-and-sustainability-1416704	2026-08-24	Devex — Fund ESG Consultant	Individual Consultant - Fund ESG and Sustainability	Various	added
https://jobs.undp.org/cj_view_job.cfm?cur_job_id=107265	2026-08-24	UNDP Jobs — Climate Intern	Intern - Climate Change	UNDP	skipped_title
https://builtin.com/job/sustainability-performance-analyst-mea-apac/6699535	2026-08-25	Accor tracked	Sustainability Performance Analyst MEA APAC	Accor	added
https://careers.accor.com/fr/fr/job/sustainability-change-officer-mea-apac-in-bangkok-thailand-jid-61809	2026-08-25	Accor tracked	Sustainability Change Officer MEA APAC	Accor	added
https://careers.unops.org/careersmarketplace/JobDetail/Project-Management-Support-Associate/2447	2026-08-25	UNOPS tracked	Project Management Support - Associate (Bangkok ETP)	UNOPS	added
https://careers.unops.org/careersmarketplace/JobDetail/Social-and-Environmental-Senior-Analyst/3969	2026-08-25	UNOPS tracked	Social and Environmental Senior Analyst	UNOPS	added
https://careers.unops.org/careersmarketplace/JobDetail/Monitoring-and-Evaluation-Senior-Officer/1170	2026-08-25	UNOPS tracked	Monitoring and Evaluation Senior Officer	UNOPS	added
https://unjobs.org/vacancies/1775252021936	2026-08-25	UNOPS tracked	Programme Management - Senior Officer (ETP Bangkok)	UNOPS	added
https://careers.unops.org/careersmarketplace/JobDetail/Project-Management-Office-PMO-Senior-Analyst/3797	2026-08-25	UNOPS tracked	Project Management Office (PMO) - Senior Analyst	UNOPS	added
https://careers.unops.org/careersmarketplace/JobDetail/Technical-Advisor-Energy-Transition/3705	2026-08-25	UNOPS tracked	Technical Advisor - Energy Transition	UNOPS	added
https://careers.southpole.com/jobs/2977168-junior-associate-consultant-corporate-climate-targets	2026-08-25	South Pole tracked	Junior Associate Consultant, Corporate Climate Targets	South Pole	added
https://careers.southpole.com/jobs/5526878-junior-associate-associate-specialist	2026-08-25	South Pole tracked	Junior Associate / Associate Specialist	South Pole	added
https://www.impactpool.org/jobs/1229319	2026-08-25	Impactpool search	Climate and Investment Consultant	UNEP FI	added
https://www.climatechangecareers.com/job/sei/remote/climate-and-decarbonization-strategy-associate/	2026-08-25	ClimateChangeCareers search	Climate and Decarbonization Strategy Associate	SEI/JLL	added
https://www.climatechangecareers.com/job/erm/shanghai-china/consulting-associate-senior-associate-corporate-sustainability-climate-change/	2026-08-25	ClimateChangeCareers search	Consulting Associate / Senior Associate - Corporate Sustainability & Climate Change	ERM	added
https://startup.jobs/sustainability-specialist-bangkok-based-agoda-7398570	2026-08-25	Agoda tracked	Sustainability Specialist (Bangkok)	Agoda	added
https://www.impactpool.org/jobs/1220480	2026-08-25	Impactpool search	Consultant Program Manager, Southeast Asia	Sequoia Climate Foundation	added
https://careers.unido.org/job/Bangkok-Programme-Assistant/1346027055/	2026-08-25	UNIDO tracked	Programme Assistant (Bangkok)	UNIDO	added
https://careers.unido.org/job/Bangkok-National-Project-Coordinator-(NPC)/1155406055/	2026-08-25	UNIDO tracked	National Project Coordinator (NPC) (Bangkok)	UNIDO	added
https://careers.gggi.org/vacancy/climate-finance-senior-associate-611714.html	2026-08-25	GGGI tracked	Climate Finance Senior Associate (Rwanda)	GGGI	added
https://careers.unops.org/careersmarketplace/JobDetail/Programme-Management-Intern/3987	2026-08-25	UNOPS tracked	Programme Management Intern	UNOPS	skipped_title
https://careers.unops.org/careersmarketplace/JobDetail/Chief-Climate-Officer/2882	2026-08-25	UNOPS tracked	Chief Climate Officer	UNOPS	skipped_title
https://careers.unops.org/careersmarketplace/JobDetail/Director-Energy-Transition-Partnership-ETP/2858	2026-08-25	UNOPS tracked	Director Energy Transition Partnership ETP	UNOPS	skipped_title
https://www.climatechangecareers.com/job/agoda/bangkok-thailand/summer-internship-2026-sustainability-intern-bangkok-based/	2026-08-25	ClimateChangeCareers search	Summer Internship 2026 - Sustainability Intern Bangkok	Agoda	skipped_title
https://careers.unido.org/job/Home-Based-Chief-Technical-Advisor/1362107255/	2026-08-25	UNIDO tracked	Chief Technical Advisor	UNIDO	skipped_title
https://jobs.giz.de/index.php?ac=jobad&id=66612	2026-08-25	GIZ tracked	GIZ job id 66612	GIZ	skipped_dup
https://th.linkedin.com/jobs/view/managing-consultant-corporate-sustainability-and-climate-change-at-erm-3596186487	2026-08-25	ERM tracked	Managing Consultant - Corporate Sustainability and Climate Change	ERM	skipped_dup
https://careers.unops.org/careersmarketplace/JobDetail/Project-Management-Office-PMO-Specialist/4039	2026-08-26	UNOPS careers — PMO Specialist	Project Management Office (PMO) - Specialist	UNOPS	added
https://sg.linkedin.com/jobs/view/consulting-associate-sustainable-operation-at-erm-3770277802	2026-08-26	LinkedIn — ERM Singapore	Consulting Associate - Sustainable Operation	ERM	added
https://careers.unops.org/careersmarketplace/JobDetail/Technical-Specialist-Environmental/1477	2026-08-26	UNOPS careers — Technical Specialist	Technical Specialist - Environmental	UNOPS	added
https://careers.unops.org/careersmarketplace/JobDetail/Project-Management-Support-Senior-Officer/3124	2026-08-26	UNOPS careers — Bangkok	Project Management Support Senior Officer	UNOPS	added
https://careers.unops.org/careersmarketplace/JobDetail/Project-Management-Support-Senior-Officer/3014	2026-08-26	UNOPS careers — Senior Officer	Project Management Support Senior Officer	UNOPS	added
https://careers.unops.org/careersmarketplace/JobDetail/Project-Management-Support-Officer/1238	2026-08-26	UNOPS careers — Officer	Project Management Support Officer	UNOPS	added
https://careers.unops.org/careersmarketplace/JobDetail/Programme-Management-Senior-Officer/2313	2026-08-26	UNOPS careers — Programme Management	Programme Management Senior Officer	UNOPS	added
https://careers.unops.org/careersmarketplace/JobDetail/Programme-Management-Advisor-Retainer/2429	2026-08-26	UNOPS careers — Advisor Retainer	Programme Management Advisor (Retainer)	UNOPS	skipped_title
https://www.wri.org/careers/jobs/climate-associate-2026-jr100253	2026-08-26	WRI careers — Climate Associate	Climate Associate	WRI	skipped_dup
https://www.wri.org/careers/jobs/nilai-ekonomi-karbon-nek-policy-analyst-2026-jr100262	2026-08-26	WRI careers — NEK Policy	Nilai Ekonomi Karbon (NEK) Policy Analyst	WRI Indonesia	skipped_dup
https://careers.gggi.org/vacancy/mexico-energy-and-climate-individual-consultant-598612.html	2026-08-26	GGGI careers	Mexico: Energy and Climate Individual Consultant	GGGI	skipped_dup
https://careers.gggi.org/vacancy/sustainable-finance-associate-africa-598621.html	2026-08-26	GGGI careers — Africa	Sustainable Finance Associate, Africa	GGGI	skipped_dup
https://careers.gggi.org/vacancy/climate-finance-senior-associate-611714.html	2026-08-26	GGGI careers — Rwanda	Climate Finance Senior Associate	GGGI	skipped_dup
https://careers.gggi.org/vacancy/project-officer-602467.html	2026-08-26	GGGI careers — Africa	Project Officer	GGGI	skipped_dup
https://www.impactpool.org/jobs/1085110	2026-08-26	Impactpool — OECD climate	Environment Economist/Policy Analyst Climate Change Adaptation	OECD	skipped_dup
https://www.devex.com/jobs/individual-consultant-senior-clean-energy-expert-815347	2026-08-27	Devex — clean energy	Individual Consultant: Senior Clean Energy Expert	ADB	added
https://www.devex.com/jobs/consultant-extended-producer-responsibility-epr-the-circle-alliance-1250679	2026-08-27	Devex — sustainability	Consultant, Extended Producer Responsibility – CIRCLE Alliance	CIRCLE Alliance	added
https://www.impactpool.org/jobs/1008925	2026-08-27	Impactpool — UNICEF EAPRO	Consultancy – Climate and Environment Consultant (EAPRO Bangkok)	UNICEF EAPRO	added
https://careers.unido.org/job/Vienna-Associate-Industrial-Development-Expert,-L2-(For-Roster)/1166025755/	2026-08-27	UNIDO tracked	Associate Industrial Development Expert, L2 (For Roster)	UNIDO	added
https://jobs.giz.de/index.php?ac=jobad&id=74660	2026-08-27	GIZ tracked	Intern - Transport and Climate Change	GIZ	skipped_title
https://jobs.giz.de/index.php?ac=jobad&id=76122	2026-08-27	GIZ tracked	Intern - Partnership for Energy Efficiency in Buildings PEEB	GIZ	skipped_title
https://careers.unido.org/job/Vienna-Industrial-Development-Officer/1365510555/	2026-08-28	UNIDO careers	Industrial Development Officer	UNIDO	added
https://jobs.unops.org/Pages/ViewVacancy/VADetails.aspx?id=29281	2026-08-28	UNOPS jobs	Senior Officer, ASEAN Energy Transition	UNOPS	added
https://unjobs.org/vacancies/1771874315803	2026-08-28	unjobs	Climate Investment Associate (Talent Pool)	GCF	added
https://jobs.undp.org/cj_view_job.cfm?cur_job_id=15000	2026-08-28	UNDP jobs	(old listing)	UNDP	skipped_dup
https://jobs.undp.org/cj_view_job.cfm?cur_job_id=42000	2026-08-28	UNDP jobs	(old listing)	UNDP	skipped_dup
https://www.impactpool.org/jobs/oecd	2026-08-28	Impactpool — OECD/IEA	(search results)	OECD	skipped_dup
https://www.southpole.com/careers/job/950499	2026-08-28	South Pole careers	(seen previously)	South Pole	skipped_dup
https://www.southpole.com/careers/job/2662973	2026-08-28	South Pole careers	(seen previously)	South Pole	skipped_dup
https://www.southpole.com/careers/job/2977168	2026-08-28	South Pole careers	(seen previously)	South Pole	skipped_dup
https://www.southpole.com/careers/job/7812769	2026-08-28	South Pole careers	(seen previously)	South Pole	skipped_dup
https://www.gggi.org/careers/vacancy/608230	2026-08-28	GGGI careers	(seen previously)	GGGI	skipped_dup
https://jobs.unops.org/Pages/ViewVacancy/VADetails.aspx?id=29791	2026-08-28	UNOPS jobs	(seen previously)	UNOPS	skipped_dup
https://jobs.unops.org/Pages/ViewVacancy/VADetails.aspx?id=30580	2026-08-28	UNOPS jobs	(seen previously)	UNOPS	skipped_dup
https://jobs.unops.org/Pages/ViewVacancy/VADetails.aspx?id=30711	2026-08-28	UNOPS jobs	(seen previously)	UNOPS	skipped_dup
https://jobs.unops.org/Pages/ViewVacancy/VADetails.aspx?id=30755	2026-08-28	UNOPS jobs	(seen previously)	UNOPS	skipped_dup
https://jobs.undp.org/cj_view_job.cfm?cur_job_id=101000	2026-08-28	UNDP jobs	Climate Action Portfolio Manager	UNDP	skipped_dup
https://unjobs.org/vacancies/1776917510985	2026-08-28	unjobs	Climate Investment Analyst DECM	GCF	skipped_dup
https://unjobs.org/vacancies/1787569924652	2026-08-28	unjobs	Meetings Services Assistant	ESCAP	skipped_title
https://careers.bcg.com/job/20641BR/Senior-Research-Analyst-Climate-Sustainability	2026-08-29	BCG — climate consulting	Senior Research Analyst – Climate & Sustainability	BCG	added
https://careers.chathamhouse.org/jobs/8250264-research-associate-energy-and-climate	2026-08-29	Chatham House	Research Associate – Energy and Climate	Chatham House	added
https://jobs.undp.org/cj_view_job.cfm?cur_job_id=101565	2026-08-29	UNDP Thailand	Monitoring and Evaluation Associate	UNDP	added
https://jobs.undp.org/cj_view_job.cfm?cur_job_id=100641	2026-08-29	UNDP Thailand	Thailand Project Coordinator	UNDP	added
https://www.unjobnet.org/jobs/detail/80390302	2026-08-29	UNJobNet — UNDP Thailand	Policy Analyst – Thailand Policy Lab	UNDP	added
https://carnegieendowment.applicantpro.com/jobs/4159251	2026-08-29	Carnegie Endowment	Research Fellow, Clean Energy and Geopolitics	Carnegie Endowment	added
https://carnegieendowment.applicantpro.com/jobs/3994486	2026-08-29	Carnegie Endowment	Research Assistant, Sustainability Climate Geopolitics	Carnegie Endowment	added
https://reliefweb.int/job/3856165/water-energy-consortium-analyst-wave-activity-remote	2026-08-29	ReliefWeb — climate Asia	Water-Energy Consortium Analyst (Remote)	Tetra Tech	skipped_dup
https://reliefweb.int/job/4107488/consultancy-climate-and-water-research-analyst-remote	2026-08-29	ReliefWeb — climate Asia	Consultancy – Climate and Water Research Analyst	Mercy Corps	skipped_dup
https://reliefweb.int/job/3991546/services-consultant-study-gendered-dimensions-loss-and-damage-climate-change-asia	2026-08-29	ReliefWeb — climate Asia	Services of Consultant – Gendered Dimensions of Loss and Damage (Asia)	Oxfam	skipped_dup
https://www.wri.org/careers/jobs/climate-associate-2026-jr100253	2026-08-29	WRI careers	Climate Associate	WRI	skipped_dup
https://www.wri.org/careers/jobs/energy-research-analyst-2026-jr100186	2026-08-29	WRI careers	Energy Research Analyst	WRI	skipped_dup
https://www.wri.org/careers/jobs/gedsi-research-analyst-2026-jr100039	2026-08-29	WRI careers	GEDSI Research Analyst	WRI	skipped_dup
https://www.climatechangecareers.com/job/sei/remote/climate-and-decarbonization-strategy-associate/	2026-08-29	ClimateChangeCareers	Climate and Decarbonization Strategy Associate	SEI	skipped_dup
https://www.climatechangecareers.com/job/erm/shanghai-china/consulting-associate-senior-associate-corporate-sustainability-climate-change/	2026-08-29	ClimateChangeCareers	Consulting Associate – Corporate Sustainability & Climate Change (Shanghai)	ERM	skipped_dup
https://www.climatechangecareers.com/job/erm/seoul-south-korea/consulting-senior-associate-corporate-sustainability-climate-change/	2026-08-29	ClimateChangeCareers	Consulting Senior Associate – Corporate Sustainability & Climate Change (Seoul)	ERM	skipped_dup
https://www.climatechangecareers.com/job/decoding-impact/bengaluru-india/associate-consultant-climate/	2026-08-29	ClimateChangeCareers	Associate Consultant, Climate (Bengaluru)	Decoding Impact	skipped_dup
https://www.climatechangecareers.com/job/kaleidoscope/remote/sustainability-strategy-analyst/	2026-08-29	ClimateChangeCareers	Sustainability Strategy Analyst (Remote)	Kaleidoscope	skipped_dup
https://www.climatechangecareers.com/job/sei/remote/strategic-energy-management-associate/	2026-08-29	ClimateChangeCareers	Strategic Energy Management Associate (Remote)	SEI	skipped_dup
https://www.climatechangecareers.com/job/sei/remote/project-and-sustainability-associate/	2026-08-29	ClimateChangeCareers	Project and Sustainability Associate (Remote)	SEI	skipped_dup
https://www.wri.org/careers/jobs/nilai-ekonomi-karbon-nek-policy-analyst-2026-jr100262	2026-08-29	WRI careers	NEK Policy Analyst (Indonesia)	WRI	skipped_dup
https://www.wri.org/careers/jobs/research-analyst-power-sector-transition-2026-jr100383	2026-08-29	WRI careers	Research Analyst, Power Sector Transition	WRI	skipped_dup
https://www.wri.org/careers/jobs/asia-and-europe-coordinator-folu-2026-jr100051	2026-08-29	WRI careers	Asia and Europe Coordinator, FOLU (expired Feb 2026)	WRI	skipped_title
https://www.wri.org/careers/jobs/national-engagement-manager-2026-jr100291	2026-08-29	WRI careers	National Engagement Manager	WRI	skipped_title
https://www.wri.org/careers/jobs/operations-specialist-2026-jr100268	2026-08-29	WRI careers	Operations Specialist	WRI	skipped_title
https://job-boards.greenhouse.io/leveluphcs/jobs/4070502009	2026-08-29	Greenhouse — ESG	ESG Advisory Associate	LevelUp HCS	skipped_title
https://job-boards.greenhouse.io/cc/jobs/5265325008	2026-08-29	Greenhouse — sustainability	Sustainability Associate – Communications & Engagement	(unknown)	skipped_title
https://job-boards.greenhouse.io/monsterenergy/jobs/4224841009	2026-08-29	Greenhouse — sustainability	Data Analyst-Sustainability (Temp)	Monster Energy	skipped_title
https://jobs.consultant.greenclimate.fund/job/Remote-(Remote)-Accreditation-Implementation-Consultants(Roster)/1379719433/	2026-08-29	GCF consultancy	Accreditation Implementation Consultants Roster (expired Apr 2026)	GCF	skipped_title
https://careers.unido.org/job/Home-Based-Chief-Technical-Advisor/1362107255/	2026-08-29	UNIDO careers	Chief Technical Advisor (P5 – senior)	UNIDO	skipped_title
https://southasiacareers.deloitte.com/job/Colombo-SRT-Sustainability-Associate-Consultant/46991044	2026-08-29	Deloitte South Asia	Sustainability – Associate Consultant (Colombo)	Deloitte	skipped_dup
https://southasiacareers.deloitte.com/job/Colombo-Analyst-Sustainability/40894344	2026-08-29	Deloitte South Asia	Analyst – Sustainability (Colombo)	Deloitte	skipped_dup
https://jobs.sea.deloitte.com/job/Kuala-Lumpur-DRSC-Business-Assurance-ESG-Analyst/1061341766	2026-08-29	Deloitte SEA	ESG Analyst (Kuala Lumpur)	Deloitte	skipped_dup
https://careers.unops.org/careersmarketplace/JobDetail/Project-Management-Support-Senior-Analyst/1875	2026-08-30	UNOPS careers	Project Management Support Senior Analyst	UNOPS	added
https://jobs.unicef.org/fr/job/592584/programme-officer-climate-and-environment-no1-temporary-position-suva-fiji-pacific-islands-mcp-364-days-00136931	2026-08-30	UNICEF jobs	Programme Officer – Climate and Environment NO-1	UNICEF	added
https://jobs.fao.org/careersection/fao_external/jobdetail.ftl?lang=en&job=2501333	2026-08-30	FAO careers	Climate Change and Sustainable Agriculture Specialist	FAO	added
https://southasiacareers.deloitte.com/job/Delhi-Analyst-Consultant-Social-DelhiMumbaiBengaluruHyderabad-Sustainability/56739844	2026-08-30	Deloitte South Asia	Analyst / Consultant – Social (Sustainability)	Deloitte South Asia	added
https://southasiacareers.deloitte.com/job/Bengaluru-Manager-ESG-BengaluruDelhiHyderabadMumbai-Sustainability/55807444	2026-08-30	Deloitte South Asia	Manager – ESG	Deloitte South Asia	added
https://jobs.sea.deloitte.com/job/Jakarta-A&A-Manager-Sustainability-&-Emerging-Assurance/1361430366	2026-08-30	Deloitte SEA	A&A Manager – Sustainability & Emerging Assurance	Deloitte SEA	added
https://jobs.ilo.org/job/Technical-Programme-Officer/13758-en_GB/	2026-08-30	ILO jobs	Technical Programme Officer (Dar es Salaam – deadline passed)	ILO	skipped_title
https://www.impactpool.org/jobs/1226799	2026-08-30	Impactpool	JPO Junior Renewable Energy Policy Analyst (German nationals only)	IEA/Auswärtiges Amt	skipped_title
https://www.thaingo.org/jobs/detail/3481	2026-08-30	ThaiNGO	Internship in Corporate Sustainability and Public Affairs	ThaiBev	skipped_title
https://southasiacareers.deloitte.com/job/Bengaluru-Assistant-Manager-Environment-Mumbai-Sustainability/56741544	2026-08-30	Deloitte South Asia	Assistant Manager – Environment	Deloitte South Asia	skipped_title
